2026-06-18 19:53:59 | ------------------ Configuration ------------------
2026-06-18 19:53:59 | Configuration file: /lustre/home/ziya/GNN/GraphWeather5p625/configs/gnn_5p625.yaml
2026-06-18 19:53:59 | Configuration name: raw_5p625
2026-06-18 19:53:59 | lr 0.0001
2026-06-18 19:53:59 | weight_decay 0.0001
2026-06-18 19:53:59 | scheduler CosineAnnealingLR
2026-06-18 19:53:59 | max_epochs 150
2026-06-18 19:53:59 | max_train_batches None
2026-06-18 19:53:59 | max_valid_batches None
2026-06-18 19:53:59 | batch_size 12
2026-06-18 19:53:59 | num_data_workers 4
2026-06-18 19:53:59 | enable_amp False
2026-06-18 19:53:59 | max_gradient_norm 1.0
2026-06-18 19:53:59 | dt 1
2026-06-18 19:53:59 | n_history 1
2026-06-18 19:53:59 | max_rollout_steps 10
2026-06-18 19:53:59 | rollout_schedule [1, 2, 4, 8, 10]
2026-06-18 19:53:59 | rollout_stage_epochs [5, 5, 10, 10, 10]
2026-06-18 19:53:59 | valid_rollout_steps 1
2026-06-18 19:53:59 | validate_with_train_rollout True
2026-06-18 19:53:59 | eval_rollout_steps [1, 2, 4, 8, 10]
2026-06-18 19:53:59 | trainable_scope all
2026-06-18 19:53:59 | nettype graph_weather
2026-06-18 19:53:59 | target default
2026-06-18 19:53:59 | resolution 5.625
2026-06-18 19:53:59 | graph_path /lustre/home/ziya/GNN/GraphWeather5p625/graphs/graph_5p625.pt
2026-06-18 19:53:59 | auto_build_graph True
2026-06-18 19:53:59 | hidden_dim 96
2026-06-18 19:53:59 | edge_dim 6
2026-06-18 19:53:59 | num_heads 4
2026-06-18 19:53:59 | k_neighbors 8
2026-06-18 19:53:59 | encoder_blocks 1
2026-06-18 19:53:59 | decoder_blocks 1
2026-06-18 19:53:59 | l0_blocks 2
2026-06-18 19:53:59 | l1_blocks 2
2026-06-18 19:53:59 | l2_blocks 1
2026-06-18 19:53:59 | l1_refine_blocks 1
2026-06-18 19:53:59 | l0_refine_blocks 1
2026-06-18 19:53:59 | graph_gradient_weight 0.0
2026-06-18 19:53:59 | lr_schedule_type rollout_stage
2026-06-18 19:53:59 | lr_by_rollout {1: 0.0001, 2: 0.0001, 4: 7e-05, 8: 5e-05, 10: 3e-05}
2026-06-18 19:53:59 | warmup_epochs 1
2026-06-18 19:53:59 | in_channels [0, 1, 2, 3, 4, 5, 6, 7, 8, 9, 10, 11, 12, 13, 14, 15, 16, 17, 18, 19, 20, 21, 22, 23, 24, 25, 26, 27, 28, 29, 30, 31, 32, 33, 34, 35, 36, 37, 38, 39, 40, 41, 42, 43, 44, 45, 46, 47, 48, 49, 50, 51, 52, 53, 54, 55, 56, 57, 58, 59, 60, 61, 62, 63, 64, 65, 66]
2026-06-18 19:53:59 | out_channels [0, 1, 2, 3, 4, 5, 6, 7, 8, 9, 10, 11, 12, 13, 14, 15, 16, 17, 18, 19, 20, 21, 22, 23, 24, 25, 26, 27, 28, 29, 30, 31, 32, 33, 34, 35, 36, 37, 38, 39, 40, 41, 42, 43, 44, 45, 46, 47, 48, 49, 50, 51, 52, 53, 54, 55, 56, 57, 58, 59, 60, 61, 62, 63, 64, 65, 66]
2026-06-18 19:53:59 | normalization zscore
2026-06-18 19:53:59 | add_grid False
2026-06-18 19:53:59 | N_grid_channels 0
2026-06-18 19:53:59 | gridtype sinusoidal
2026-06-18 19:53:59 | add_noise False
2026-06-18 19:53:59 | noise_std 0.0
2026-06-18 19:53:59 | crop_size_x None
2026-06-18 19:53:59 | crop_size_y None
2026-06-18 19:53:59 | roll False
2026-06-18 19:53:59 | orography False
2026-06-18 19:53:59 | orography_path None
2026-06-18 19:53:59 | train_data_path /lustre/home/ziya/KAI_5/kai_data_5p625/train
2026-06-18 19:53:59 | valid_data_path /lustre/home/ziya/KAI_5/kai_data_5p625/valid
2026-06-18 19:53:59 | global_means_path /lustre/home/ziya/KAI_5/kai_data_5p625/stats/global_mean.npy
2026-06-18 19:53:59 | global_stds_path /lustre/home/ziya/KAI_5/kai_data_5p625/stats/global_std.npy
2026-06-18 19:53:59 | exp_dir /lustre/home/ziya/GNN/GraphWeather5p625/experiments
2026-06-18 19:53:59 | save_checkpoint True
2026-06-18 19:53:59 | resume True
2026-06-18 19:53:59 | name raw_5p625_full50_b12_lr_updates
2026-06-18 19:53:59 | experiment_dir /lustre/home/ziya/GNN/GraphWeather5p625/experiments/raw_5p625_full50_b12_lr_updates
2026-06-18 19:53:59 | checkpoint_path /lustre/home/ziya/GNN/GraphWeather5p625/experiments/raw_5p625_full50_b12_lr_updates/ckpt.tar
2026-06-18 19:53:59 | best_checkpoint_path /lustre/home/ziya/GNN/GraphWeather5p625/experiments/raw_5p625_full50_b12_lr_updates/best_ckpt.tar
2026-06-18 19:53:59 | ---------------------------------------------------
2026-06-18 19:54:00 | Found 39 NetCDF files under /lustre/home/ziya/KAI_5/kai_data_5p625/train. Spatial dims: 32 x 64.
2026-06-18 19:54:00 | Total valid samples: 13816
2026-06-18 19:54:00 | Found 1 NetCDF files under /lustre/home/ziya/KAI_5/kai_data_5p625/valid. Spatial dims: 32 x 64.
2026-06-18 19:54:00 | Total valid samples: 354
2026-06-18 19:54:02 | Number of trainable model parameters: 1131103
2026-06-18 19:54:02 | Epoch 1 - Batch 0 - Loss 0.339176
2026-06-18 19:54:02 | Epoch 1 - Batch 1 - Loss 0.291389
2026-06-18 19:54:03 | Epoch 1 - Batch 2 - Loss 0.256302
2026-06-18 19:54:03 | Epoch 1 - Batch 3 - Loss 0.245140
2026-06-18 19:54:03 | Epoch 1 - Batch 4 - Loss 0.245609
2026-06-18 19:54:03 | Epoch 1 - Batch 5 - Loss 0.233024
2026-06-18 19:54:03 | Epoch 1 - Batch 6 - Loss 0.229391
2026-06-18 19:54:03 | Epoch 1 - Batch 7 - Loss 0.221684
2026-06-18 19:54:03 | Epoch 1 - Batch 8 - Loss 0.219731
2026-06-18 19:54:03 | Epoch 1 - Batch 9 - Loss 0.231485
2026-06-18 19:54:03 | Epoch 1 - Batch 10 - Loss 0.206532
2026-06-18 19:54:03 | Epoch 1 - Batch 11 - Loss 0.199630
2026-06-18 19:54:03 | Epoch 1 - Batch 12 - Loss 0.205764
2026-06-18 19:54:03 | Epoch 1 - Batch 13 - Loss 0.200952
2026-06-18 19:54:03 | Epoch 1 - Batch 14 - Loss 0.220837
2026-06-18 19:54:03 | Epoch 1 - Batch 15 - Loss 0.199749
2026-06-18 19:54:03 | Epoch 1 - Batch 16 - Loss 0.211776
2026-06-18 19:54:03 | Epoch 1 - Batch 17 - Loss 0.203353
2026-06-18 19:54:03 | Epoch 1 - Batch 18 - Loss 0.205027
2026-06-18 19:54:03 | Epoch 1 - Batch 19 - Loss 0.207959
2026-06-18 19:54:03 | Epoch 1 - Batch 20 - Loss 0.199106
2026-06-18 19:54:03 | Epoch 1 - Batch 21 - Loss 0.201355
2026-06-18 19:54:03 | Epoch 1 - Batch 22 - Loss 0.200247
2026-06-18 19:54:03 | Epoch 1 - Batch 23 - Loss 0.196648
2026-06-18 19:54:03 | Epoch 1 - Batch 24 - Loss 0.204485
2026-06-18 19:54:03 | Epoch 1 - Batch 25 - Loss 0.193875
2026-06-18 19:54:03 | Epoch 1 - Batch 26 - Loss 0.201386
2026-06-18 19:54:03 | Epoch 1 - Batch 27 - Loss 0.193190
2026-06-18 19:54:03 | Epoch 1 - Batch 28 - Loss 0.201304
2026-06-18 19:54:03 | Epoch 1 - Batch 29 - Loss 0.191773
2026-06-18 19:54:03 | Epoch 1 - Batch 30 - Loss 0.193726
2026-06-18 19:54:03 | Epoch 1 - Batch 31 - Loss 0.195704
2026-06-18 19:54:04 | Epoch 1 - Batch 32 - Loss 0.200310
2026-06-18 19:54:04 | Epoch 1 - Batch 33 - Loss 0.199154
2026-06-18 19:54:04 | Epoch 1 - Batch 34 - Loss 0.191254
2026-06-18 19:54:04 | Epoch 1 - Batch 35 - Loss 0.189129
2026-06-18 19:54:04 | Epoch 1 - Batch 36 - Loss 0.175866
2026-06-18 19:54:04 | Epoch 1 - Batch 37 - Loss 0.194516
2026-06-18 19:54:04 | Epoch 1 - Batch 38 - Loss 0.181718
2026-06-18 19:54:04 | Epoch 1 - Batch 39 - Loss 0.197022
2026-06-18 19:54:04 | Epoch 1 - Batch 40 - Loss 0.192325
2026-06-18 19:54:04 | Epoch 1 - Batch 41 - Loss 0.199645
2026-06-18 19:54:04 | Epoch 1 - Batch 42 - Loss 0.200137
2026-06-18 19:54:04 | Epoch 1 - Batch 43 - Loss 0.197682
2026-06-18 19:54:04 | Epoch 1 - Batch 44 - Loss 0.184595
2026-06-18 19:54:04 | Epoch 1 - Batch 45 - Loss 0.188809
2026-06-18 19:54:04 | Epoch 1 - Batch 46 - Loss 0.177591
2026-06-18 19:54:04 | Epoch 1 - Batch 47 - Loss 0.179126
2026-06-18 19:54:04 | Epoch 1 - Batch 48 - Loss 0.178821
2026-06-18 19:54:04 | Epoch 1 - Batch 49 - Loss 0.179793
2026-06-18 19:54:04 | Epoch 1 - Batch 50 - Loss 0.181336
2026-06-18 19:54:04 | Epoch 1 - Batch 51 - Loss 0.170661
2026-06-18 19:54:04 | Epoch 1 - Batch 52 - Loss 0.184448
2026-06-18 19:54:04 | Epoch 1 - Batch 53 - Loss 0.180582
2026-06-18 19:54:04 | Epoch 1 - Batch 54 - Loss 0.178464
2026-06-18 19:54:04 | Epoch 1 - Batch 55 - Loss 0.179606
2026-06-18 19:54:04 | Epoch 1 - Batch 56 - Loss 0.191917
2026-06-18 19:54:04 | Epoch 1 - Batch 57 - Loss 0.175193
2026-06-18 19:54:04 | Epoch 1 - Batch 58 - Loss 0.187605
2026-06-18 19:54:04 | Epoch 1 - Batch 59 - Loss 0.181930
2026-06-18 19:54:04 | Epoch 1 - Batch 60 - Loss 0.191101
2026-06-18 19:54:04 | Epoch 1 - Batch 61 - Loss 0.193725
2026-06-18 19:54:05 | Epoch 1 - Batch 62 - Loss 0.191691
2026-06-18 19:54:05 | Epoch 1 - Batch 63 - Loss 0.187522
2026-06-18 19:54:05 | Epoch 1 - Batch 64 - Loss 0.170678
2026-06-18 19:54:05 | Epoch 1 - Batch 65 - Loss 0.173430
2026-06-18 19:54:05 | Epoch 1 - Batch 66 - Loss 0.174852
2026-06-18 19:54:05 | Epoch 1 - Batch 67 - Loss 0.171219
2026-06-18 19:54:05 | Epoch 1 - Batch 68 - Loss 0.167302
2026-06-18 19:54:05 | Epoch 1 - Batch 69 - Loss 0.180640
2026-06-18 19:54:05 | Epoch 1 - Batch 70 - Loss 0.167840
2026-06-18 19:54:05 | Epoch 1 - Batch 71 - Loss 0.165996
2026-06-18 19:54:05 | Epoch 1 - Batch 72 - Loss 0.177122
2026-06-18 19:54:05 | Epoch 1 - Batch 73 - Loss 0.170561
2026-06-18 19:54:05 | Epoch 1 - Batch 74 - Loss 0.166917
2026-06-18 19:54:05 | Epoch 1 - Batch 75 - Loss 0.164526
2026-06-18 19:54:05 | Epoch 1 - Batch 76 - Loss 0.166881
2026-06-18 19:54:05 | Epoch 1 - Batch 77 - Loss 0.166023
2026-06-18 19:54:05 | Epoch 1 - Batch 78 - Loss 0.173262
2026-06-18 19:54:05 | Epoch 1 - Batch 79 - Loss 0.163640
2026-06-18 19:54:05 | Epoch 1 - Batch 80 - Loss 0.175353
2026-06-18 19:54:05 | Epoch 1 - Batch 81 - Loss 0.163520
2026-06-18 19:54:05 | Epoch 1 - Batch 82 - Loss 0.167635
2026-06-18 19:54:05 | Epoch 1 - Batch 83 - Loss 0.160978
2026-06-18 19:54:05 | Epoch 1 - Batch 84 - Loss 0.171572
2026-06-18 19:54:05 | Epoch 1 - Batch 85 - Loss 0.158541
2026-06-18 19:54:05 | Epoch 1 - Batch 86 - Loss 0.154988
2026-06-18 19:54:05 | Epoch 1 - Batch 87 - Loss 0.162683
2026-06-18 19:54:05 | Epoch 1 - Batch 88 - Loss 0.156715
2026-06-18 19:54:05 | Epoch 1 - Batch 89 - Loss 0.162756
2026-06-18 19:54:05 | Epoch 1 - Batch 90 - Loss 0.166233
2026-06-18 19:54:05 | Epoch 1 - Batch 91 - Loss 0.154011
2026-06-18 19:54:06 | Epoch 1 - Batch 92 - Loss 0.162259
2026-06-18 19:54:06 | Epoch 1 - Batch 93 - Loss 0.163307
2026-06-18 19:54:06 | Epoch 1 - Batch 94 - Loss 0.150627
2026-06-18 19:54:06 | Epoch 1 - Batch 95 - Loss 0.158918
2026-06-18 19:54:06 | Epoch 1 - Batch 96 - Loss 0.157157
2026-06-18 19:54:06 | Epoch 1 - Batch 97 - Loss 0.155201
2026-06-18 19:54:06 | Epoch 1 - Batch 98 - Loss 0.146748
2026-06-18 19:54:06 | Epoch 1 - Batch 99 - Loss 0.157795
2026-06-18 19:54:06 | Epoch 1 - Batch 100 - Loss 0.150356
2026-06-18 19:54:06 | Epoch 1 - Batch 101 - Loss 0.153333
2026-06-18 19:54:06 | Epoch 1 - Batch 102 - Loss 0.154466
2026-06-18 19:54:06 | Epoch 1 - Batch 103 - Loss 0.150072
2026-06-18 19:54:06 | Epoch 1 - Batch 104 - Loss 0.146428
2026-06-18 19:54:06 | Epoch 1 - Batch 105 - Loss 0.150015
2026-06-18 19:54:06 | Epoch 1 - Batch 106 - Loss 0.145600
2026-06-18 19:54:06 | Epoch 1 - Batch 107 - Loss 0.144146
2026-06-18 19:54:06 | Epoch 1 - Batch 108 - Loss 0.147133
2026-06-18 19:54:06 | Epoch 1 - Batch 109 - Loss 0.155864
2026-06-18 19:54:06 | Epoch 1 - Batch 110 - Loss 0.150649
2026-06-18 19:54:06 | Epoch 1 - Batch 111 - Loss 0.151591
2026-06-18 19:54:06 | Epoch 1 - Batch 112 - Loss 0.141155
2026-06-18 19:54:06 | Epoch 1 - Batch 113 - Loss 0.147938
2026-06-18 19:54:06 | Epoch 1 - Batch 114 - Loss 0.146761
2026-06-18 19:54:06 | Epoch 1 - Batch 115 - Loss 0.139620
2026-06-18 19:54:06 | Epoch 1 - Batch 116 - Loss 0.140954
2026-06-18 19:54:06 | Epoch 1 - Batch 117 - Loss 0.144690
2026-06-18 19:54:06 | Epoch 1 - Batch 118 - Loss 0.147725
2026-06-18 19:54:06 | Epoch 1 - Batch 119 - Loss 0.138743
2026-06-18 19:54:06 | Epoch 1 - Batch 120 - Loss 0.148002
2026-06-18 19:54:06 | Epoch 1 - Batch 121 - Loss 0.147244
2026-06-18 19:54:07 | Epoch 1 - Batch 122 - Loss 0.150022
2026-06-18 19:54:07 | Epoch 1 - Batch 123 - Loss 0.139253
2026-06-18 19:54:07 | Epoch 1 - Batch 124 - Loss 0.147933
2026-06-18 19:54:07 | Epoch 1 - Batch 125 - Loss 0.144641
2026-06-18 19:54:07 | Epoch 1 - Batch 126 - Loss 0.144173
2026-06-18 19:54:07 | Epoch 1 - Batch 127 - Loss 0.148036
2026-06-18 19:54:07 | Epoch 1 - Batch 128 - Loss 0.148962
2026-06-18 19:54:07 | Epoch 1 - Batch 129 - Loss 0.138720
2026-06-18 19:54:07 | Epoch 1 - Batch 130 - Loss 0.138537
2026-06-18 19:54:07 | Epoch 1 - Batch 131 - Loss 0.141883
2026-06-18 19:54:07 | Epoch 1 - Batch 132 - Loss 0.148023
2026-06-18 19:54:07 | Epoch 1 - Batch 133 - Loss 0.137633
2026-06-18 19:54:07 | Epoch 1 - Batch 134 - Loss 0.149306
2026-06-18 19:54:07 | Epoch 1 - Batch 135 - Loss 0.133415
2026-06-18 19:54:07 | Epoch 1 - Batch 136 - Loss 0.137209
2026-06-18 19:54:07 | Epoch 1 - Batch 137 - Loss 0.136832
2026-06-18 19:54:07 | Epoch 1 - Batch 138 - Loss 0.143614
2026-06-18 19:54:07 | Epoch 1 - Batch 139 - Loss 0.142307
2026-06-18 19:54:07 | Epoch 1 - Batch 140 - Loss 0.139501
2026-06-18 19:54:07 | Epoch 1 - Batch 141 - Loss 0.132779
2026-06-18 19:54:07 | Epoch 1 - Batch 142 - Loss 0.142640
2026-06-18 19:54:07 | Epoch 1 - Batch 143 - Loss 0.137388
2026-06-18 19:54:07 | Epoch 1 - Batch 144 - Loss 0.147115
2026-06-18 19:54:07 | Epoch 1 - Batch 145 - Loss 0.139094
2026-06-18 19:54:07 | Epoch 1 - Batch 146 - Loss 0.138525
2026-06-18 19:54:07 | Epoch 1 - Batch 147 - Loss 0.135466
2026-06-18 19:54:07 | Epoch 1 - Batch 148 - Loss 0.134080
2026-06-18 19:54:07 | Epoch 1 - Batch 149 - Loss 0.131438
2026-06-18 19:54:07 | Epoch 1 - Batch 150 - Loss 0.140658
2026-06-18 19:54:07 | Epoch 1 - Batch 151 - Loss 0.138715
2026-06-18 19:54:08 | Epoch 1 - Batch 152 - Loss 0.137686
2026-06-18 19:54:08 | Epoch 1 - Batch 153 - Loss 0.135993
2026-06-18 19:54:08 | Epoch 1 - Batch 154 - Loss 0.134618
2026-06-18 19:54:08 | Epoch 1 - Batch 155 - Loss 0.132117
2026-06-18 19:54:08 | Epoch 1 - Batch 156 - Loss 0.142418
2026-06-18 19:54:08 | Epoch 1 - Batch 157 - Loss 0.134403
2026-06-18 19:54:08 | Epoch 1 - Batch 158 - Loss 0.128724
2026-06-18 19:54:08 | Epoch 1 - Batch 159 - Loss 0.132432
2026-06-18 19:54:08 | Epoch 1 - Batch 160 - Loss 0.134191
2026-06-18 19:54:08 | Epoch 1 - Batch 161 - Loss 0.134026
2026-06-18 19:54:08 | Epoch 1 - Batch 162 - Loss 0.134089
2026-06-18 19:54:08 | Epoch 1 - Batch 163 - Loss 0.132368
2026-06-18 19:54:08 | Epoch 1 - Batch 164 - Loss 0.129539
2026-06-18 19:54:08 | Epoch 1 - Batch 165 - Loss 0.132238
2026-06-18 19:54:08 | Epoch 1 - Batch 166 - Loss 0.137563
2026-06-18 19:54:08 | Epoch 1 - Batch 167 - Loss 0.131338
2026-06-18 19:54:08 | Epoch 1 - Batch 168 - Loss 0.126210
2026-06-18 19:54:08 | Epoch 1 - Batch 169 - Loss 0.128598
2026-06-18 19:54:08 | Epoch 1 - Batch 170 - Loss 0.136531
2026-06-18 19:54:08 | Epoch 1 - Batch 171 - Loss 0.136792
2026-06-18 19:54:08 | Epoch 1 - Batch 172 - Loss 0.129340
2026-06-18 19:54:08 | Epoch 1 - Batch 173 - Loss 0.129630
2026-06-18 19:54:08 | Epoch 1 - Batch 174 - Loss 0.132488
2026-06-18 19:54:08 | Epoch 1 - Batch 175 - Loss 0.126617
2026-06-18 19:54:08 | Epoch 1 - Batch 176 - Loss 0.128952
2026-06-18 19:54:08 | Epoch 1 - Batch 177 - Loss 0.122796
2026-06-18 19:54:08 | Epoch 1 - Batch 178 - Loss 0.125892
2026-06-18 19:54:08 | Epoch 1 - Batch 179 - Loss 0.124344
2026-06-18 19:54:08 | Epoch 1 - Batch 180 - Loss 0.132009
2026-06-18 19:54:08 | Epoch 1 - Batch 181 - Loss 0.131165
2026-06-18 19:54:09 | Epoch 1 - Batch 182 - Loss 0.125492
2026-06-18 19:54:09 | Epoch 1 - Batch 183 - Loss 0.128656
2026-06-18 19:54:09 | Epoch 1 - Batch 184 - Loss 0.130045
2026-06-18 19:54:09 | Epoch 1 - Batch 185 - Loss 0.123814
2026-06-18 19:54:09 | Epoch 1 - Batch 186 - Loss 0.124912
2026-06-18 19:54:09 | Epoch 1 - Batch 187 - Loss 0.131327
2026-06-18 19:54:09 | Epoch 1 - Batch 188 - Loss 0.122154
2026-06-18 19:54:09 | Epoch 1 - Batch 189 - Loss 0.122567
2026-06-18 19:54:09 | Epoch 1 - Batch 190 - Loss 0.128597
2026-06-18 19:54:09 | Epoch 1 - Batch 191 - Loss 0.126322
2026-06-18 19:54:09 | Epoch 1 - Batch 192 - Loss 0.120669
2026-06-18 19:54:09 | Epoch 1 - Batch 193 - Loss 0.129367
2026-06-18 19:54:09 | Epoch 1 - Batch 194 - Loss 0.127262
2026-06-18 19:54:09 | Epoch 1 - Batch 195 - Loss 0.122104
2026-06-18 19:54:09 | Epoch 1 - Batch 196 - Loss 0.124196
2026-06-18 19:54:09 | Epoch 1 - Batch 197 - Loss 0.125881
2026-06-18 19:54:09 | Epoch 1 - Batch 198 - Loss 0.124490
2026-06-18 19:54:09 | Epoch 1 - Batch 199 - Loss 0.123690
2026-06-18 19:54:09 | Epoch 1 - Batch 200 - Loss 0.123052
2026-06-18 19:54:09 | Epoch 1 - Batch 201 - Loss 0.126680
2026-06-18 19:54:09 | Epoch 1 - Batch 202 - Loss 0.122155
2026-06-18 19:54:09 | Epoch 1 - Batch 203 - Loss 0.123205
2026-06-18 19:54:09 | Epoch 1 - Batch 204 - Loss 0.117111
2026-06-18 19:54:09 | Epoch 1 - Batch 205 - Loss 0.118929
2026-06-18 19:54:09 | Epoch 1 - Batch 206 - Loss 0.127999
2026-06-18 19:54:09 | Epoch 1 - Batch 207 - Loss 0.117555
2026-06-18 19:54:09 | Epoch 1 - Batch 208 - Loss 0.124713
2026-06-18 19:54:09 | Epoch 1 - Batch 209 - Loss 0.120989
2026-06-18 19:54:09 | Epoch 1 - Batch 210 - Loss 0.121739
2026-06-18 19:54:09 | Epoch 1 - Batch 211 - Loss 0.116345
2026-06-18 19:54:10 | Epoch 1 - Batch 212 - Loss 0.115518
2026-06-18 19:54:10 | Epoch 1 - Batch 213 - Loss 0.119416
2026-06-18 19:54:10 | Epoch 1 - Batch 214 - Loss 0.123770
2026-06-18 19:54:10 | Epoch 1 - Batch 215 - Loss 0.123533
2026-06-18 19:54:10 | Epoch 1 - Batch 216 - Loss 0.114757
2026-06-18 19:54:10 | Epoch 1 - Batch 217 - Loss 0.116977
2026-06-18 19:54:10 | Epoch 1 - Batch 218 - Loss 0.117348
2026-06-18 19:54:10 | Epoch 1 - Batch 219 - Loss 0.117269
2026-06-18 19:54:10 | Epoch 1 - Batch 220 - Loss 0.113960
2026-06-18 19:54:10 | Epoch 1 - Batch 221 - Loss 0.116263
2026-06-18 19:54:10 | Epoch 1 - Batch 222 - Loss 0.114201
2026-06-18 19:54:10 | Epoch 1 - Batch 223 - Loss 0.115591
2026-06-18 19:54:10 | Epoch 1 - Batch 224 - Loss 0.116707
2026-06-18 19:54:10 | Epoch 1 - Batch 225 - Loss 0.118990
2026-06-18 19:54:10 | Epoch 1 - Batch 226 - Loss 0.115622
2026-06-18 19:54:10 | Epoch 1 - Batch 227 - Loss 0.114562
2026-06-18 19:54:10 | Epoch 1 - Batch 228 - Loss 0.122738
2026-06-18 19:54:10 | Epoch 1 - Batch 229 - Loss 0.115299
2026-06-18 19:54:10 | Epoch 1 - Batch 230 - Loss 0.122601
2026-06-18 19:54:10 | Epoch 1 - Batch 231 - Loss 0.113642
2026-06-18 19:54:10 | Epoch 1 - Batch 232 - Loss 0.111432
2026-06-18 19:54:10 | Epoch 1 - Batch 233 - Loss 0.119466
2026-06-18 19:54:10 | Epoch 1 - Batch 234 - Loss 0.116584
2026-06-18 19:54:10 | Epoch 1 - Batch 235 - Loss 0.118079
2026-06-18 19:54:10 | Epoch 1 - Batch 236 - Loss 0.115887
2026-06-18 19:54:10 | Epoch 1 - Batch 237 - Loss 0.112908
2026-06-18 19:54:10 | Epoch 1 - Batch 238 - Loss 0.116581
2026-06-18 19:54:10 | Epoch 1 - Batch 239 - Loss 0.115141
2026-06-18 19:54:10 | Epoch 1 - Batch 240 - Loss 0.113884
2026-06-18 19:54:10 | Epoch 1 - Batch 241 - Loss 0.116347
2026-06-18 19:54:11 | Epoch 1 - Batch 242 - Loss 0.110291
2026-06-18 19:54:11 | Epoch 1 - Batch 243 - Loss 0.115296
2026-06-18 19:54:11 | Epoch 1 - Batch 244 - Loss 0.115884
2026-06-18 19:54:11 | Epoch 1 - Batch 245 - Loss 0.112928
2026-06-18 19:54:11 | Epoch 1 - Batch 246 - Loss 0.116518
2026-06-18 19:54:11 | Epoch 1 - Batch 247 - Loss 0.113745
2026-06-18 19:54:11 | Epoch 1 - Batch 248 - Loss 0.113085
2026-06-18 19:54:11 | Epoch 1 - Batch 249 - Loss 0.115192
2026-06-18 19:54:11 | Epoch 1 - Batch 250 - Loss 0.119430
2026-06-18 19:54:11 | Epoch 1 - Batch 251 - Loss 0.111250
2026-06-18 19:54:11 | Epoch 1 - Batch 252 - Loss 0.115324
2026-06-18 19:54:11 | Epoch 1 - Batch 253 - Loss 0.120948
2026-06-18 19:54:11 | Epoch 1 - Batch 254 - Loss 0.109498
2026-06-18 19:54:11 | Epoch 1 - Batch 255 - Loss 0.116552
2026-06-18 19:54:11 | Epoch 1 - Batch 256 - Loss 0.112416
2026-06-18 19:54:11 | Epoch 1 - Batch 257 - Loss 0.111512
2026-06-18 19:54:11 | Epoch 1 - Batch 258 - Loss 0.111703
2026-06-18 19:54:11 | Epoch 1 - Batch 259 - Loss 0.111778
2026-06-18 19:54:11 | Epoch 1 - Batch 260 - Loss 0.109882
2026-06-18 19:54:11 | Epoch 1 - Batch 261 - Loss 0.108230
2026-06-18 19:54:11 | Epoch 1 - Batch 262 - Loss 0.108192
2026-06-18 19:54:11 | Epoch 1 - Batch 263 - Loss 0.107120
2026-06-18 19:54:11 | Epoch 1 - Batch 264 - Loss 0.110704
2026-06-18 19:54:11 | Epoch 1 - Batch 265 - Loss 0.109396
2026-06-18 19:54:11 | Epoch 1 - Batch 266 - Loss 0.114488
2026-06-18 19:54:11 | Epoch 1 - Batch 267 - Loss 0.108176
2026-06-18 19:54:11 | Epoch 1 - Batch 268 - Loss 0.114490
2026-06-18 19:54:11 | Epoch 1 - Batch 269 - Loss 0.110264
2026-06-18 19:54:11 | Epoch 1 - Batch 270 - Loss 0.111042
2026-06-18 19:54:11 | Epoch 1 - Batch 271 - Loss 0.112234
2026-06-18 19:54:12 | Epoch 1 - Batch 272 - Loss 0.108737
2026-06-18 19:54:12 | Epoch 1 - Batch 273 - Loss 0.104374
2026-06-18 19:54:12 | Epoch 1 - Batch 274 - Loss 0.107530
2026-06-18 19:54:12 | Epoch 1 - Batch 275 - Loss 0.119890
2026-06-18 19:54:12 | Epoch 1 - Batch 276 - Loss 0.114790
2026-06-18 19:54:12 | Epoch 1 - Batch 277 - Loss 0.107473
2026-06-18 19:54:12 | Epoch 1 - Batch 278 - Loss 0.102634
2026-06-18 19:54:12 | Epoch 1 - Batch 279 - Loss 0.107438
2026-06-18 19:54:12 | Epoch 1 - Batch 280 - Loss 0.113586
2026-06-18 19:54:12 | Epoch 1 - Batch 281 - Loss 0.106465
2026-06-18 19:54:12 | Epoch 1 - Batch 282 - Loss 0.112764
2026-06-18 19:54:12 | Epoch 1 - Batch 283 - Loss 0.106789
2026-06-18 19:54:12 | Epoch 1 - Batch 284 - Loss 0.113271
2026-06-18 19:54:12 | Epoch 1 - Batch 285 - Loss 0.107648
2026-06-18 19:54:12 | Epoch 1 - Batch 286 - Loss 0.103789
2026-06-18 19:54:12 | Epoch 1 - Batch 287 - Loss 0.107503
2026-06-18 19:54:12 | Epoch 1 - Batch 288 - Loss 0.104031
2026-06-18 19:54:12 | Epoch 1 - Batch 289 - Loss 0.108059
2026-06-18 19:54:12 | Epoch 1 - Batch 290 - Loss 0.107498
2026-06-18 19:54:12 | Epoch 1 - Batch 291 - Loss 0.114226
2026-06-18 19:54:12 | Epoch 1 - Batch 292 - Loss 0.105993
2026-06-18 19:54:12 | Epoch 1 - Batch 293 - Loss 0.108123
2026-06-18 19:54:12 | Epoch 1 - Batch 294 - Loss 0.106853
2026-06-18 19:54:12 | Epoch 1 - Batch 295 - Loss 0.106902
2026-06-18 19:54:12 | Epoch 1 - Batch 296 - Loss 0.111189
2026-06-18 19:54:12 | Epoch 1 - Batch 297 - Loss 0.106165
2026-06-18 19:54:12 | Epoch 1 - Batch 298 - Loss 0.109148
2026-06-18 19:54:12 | Epoch 1 - Batch 299 - Loss 0.106356
2026-06-18 19:54:12 | Epoch 1 - Batch 300 - Loss 0.107651
2026-06-18 19:54:12 | Epoch 1 - Batch 301 - Loss 0.104214
2026-06-18 19:54:13 | Epoch 1 - Batch 302 - Loss 0.108722
2026-06-18 19:54:13 | Epoch 1 - Batch 303 - Loss 0.107796
2026-06-18 19:54:13 | Epoch 1 - Batch 304 - Loss 0.105124
2026-06-18 19:54:13 | Epoch 1 - Batch 305 - Loss 0.106185
2026-06-18 19:54:13 | Epoch 1 - Batch 306 - Loss 0.107095
2026-06-18 19:54:13 | Epoch 1 - Batch 307 - Loss 0.108917
2026-06-18 19:54:13 | Epoch 1 - Batch 308 - Loss 0.102353
2026-06-18 19:54:13 | Epoch 1 - Batch 309 - Loss 0.109444
2026-06-18 19:54:13 | Epoch 1 - Batch 310 - Loss 0.107821
2026-06-18 19:54:13 | Epoch 1 - Batch 311 - Loss 0.109415
2026-06-18 19:54:13 | Epoch 1 - Batch 312 - Loss 0.108903
2026-06-18 19:54:13 | Epoch 1 - Batch 313 - Loss 0.108856
2026-06-18 19:54:13 | Epoch 1 - Batch 314 - Loss 0.108376
2026-06-18 19:54:13 | Epoch 1 - Batch 315 - Loss 0.103334
2026-06-18 19:54:13 | Epoch 1 - Batch 316 - Loss 0.112308
2026-06-18 19:54:13 | Epoch 1 - Batch 317 - Loss 0.102468
2026-06-18 19:54:13 | Epoch 1 - Batch 318 - Loss 0.107748
2026-06-18 19:54:13 | Epoch 1 - Batch 319 - Loss 0.106026
2026-06-18 19:54:13 | Epoch 1 - Batch 320 - Loss 0.103281
2026-06-18 19:54:13 | Epoch 1 - Batch 321 - Loss 0.106286
2026-06-18 19:54:13 | Epoch 1 - Batch 322 - Loss 0.102473
2026-06-18 19:54:13 | Epoch 1 - Batch 323 - Loss 0.103770
2026-06-18 19:54:13 | Epoch 1 - Batch 324 - Loss 0.106343
2026-06-18 19:54:13 | Epoch 1 - Batch 325 - Loss 0.106214
2026-06-18 19:54:13 | Epoch 1 - Batch 326 - Loss 0.102382
2026-06-18 19:54:13 | Epoch 1 - Batch 327 - Loss 0.104266
2026-06-18 19:54:13 | Epoch 1 - Batch 328 - Loss 0.102061
2026-06-18 19:54:13 | Epoch 1 - Batch 329 - Loss 0.104741
2026-06-18 19:54:13 | Epoch 1 - Batch 330 - Loss 0.103327
2026-06-18 19:54:13 | Epoch 1 - Batch 331 - Loss 0.105860
2026-06-18 19:54:13 | Epoch 1 - Batch 332 - Loss 0.103968
2026-06-18 19:54:14 | Epoch 1 - Batch 333 - Loss 0.104941
2026-06-18 19:54:14 | Epoch 1 - Batch 334 - Loss 0.102285
2026-06-18 19:54:14 | Epoch 1 - Batch 335 - Loss 0.102387
2026-06-18 19:54:14 | Epoch 1 - Batch 336 - Loss 0.103149
2026-06-18 19:54:14 | Epoch 1 - Batch 337 - Loss 0.101536
2026-06-18 19:54:14 | Epoch 1 - Batch 338 - Loss 0.103032
2026-06-18 19:54:14 | Epoch 1 - Batch 339 - Loss 0.106832
2026-06-18 19:54:14 | Epoch 1 - Batch 340 - Loss 0.099336
2026-06-18 19:54:14 | Epoch 1 - Batch 341 - Loss 0.097290
2026-06-18 19:54:14 | Epoch 1 - Batch 342 - Loss 0.107414
2026-06-18 19:54:14 | Epoch 1 - Batch 343 - Loss 0.104274
2026-06-18 19:54:14 | Epoch 1 - Batch 344 - Loss 0.100034
2026-06-18 19:54:14 | Epoch 1 - Batch 345 - Loss 0.104035
2026-06-18 19:54:14 | Epoch 1 - Batch 346 - Loss 0.103870
2026-06-18 19:54:14 | Epoch 1 - Batch 347 - Loss 0.100806
2026-06-18 19:54:14 | Epoch 1 - Batch 348 - Loss 0.101905
2026-06-18 19:54:14 | Epoch 1 - Batch 349 - Loss 0.104094
2026-06-18 19:54:14 | Epoch 1 - Batch 350 - Loss 0.099068
2026-06-18 19:54:14 | Epoch 1 - Batch 351 - Loss 0.104925
2026-06-18 19:54:14 | Epoch 1 - Batch 352 - Loss 0.100691
2026-06-18 19:54:14 | Epoch 1 - Batch 353 - Loss 0.101058
2026-06-18 19:54:14 | Epoch 1 - Batch 354 - Loss 0.100034
2026-06-18 19:54:14 | Epoch 1 - Batch 355 - Loss 0.104308
2026-06-18 19:54:14 | Epoch 1 - Batch 356 - Loss 0.105085
2026-06-18 19:54:14 | Epoch 1 - Batch 357 - Loss 0.101892
2026-06-18 19:54:14 | Epoch 1 - Batch 358 - Loss 0.098986
2026-06-18 19:54:14 | Epoch 1 - Batch 359 - Loss 0.099071
2026-06-18 19:54:14 | Epoch 1 - Batch 360 - Loss 0.101895
2026-06-18 19:54:14 | Epoch 1 - Batch 361 - Loss 0.099903
2026-06-18 19:54:14 | Epoch 1 - Batch 362 - Loss 0.104340
2026-06-18 19:54:15 | Epoch 1 - Batch 363 - Loss 0.101318
2026-06-18 19:54:15 | Epoch 1 - Batch 364 - Loss 0.097867
2026-06-18 19:54:15 | Epoch 1 - Batch 365 - Loss 0.101077
2026-06-18 19:54:15 | Epoch 1 - Batch 366 - Loss 0.107482
2026-06-18 19:54:15 | Epoch 1 - Batch 367 - Loss 0.102657
2026-06-18 19:54:15 | Epoch 1 - Batch 368 - Loss 0.095569
2026-06-18 19:54:15 | Epoch 1 - Batch 369 - Loss 0.104225
2026-06-18 19:54:15 | Epoch 1 - Batch 370 - Loss 0.098180
2026-06-18 19:54:15 | Epoch 1 - Batch 371 - Loss 0.099786
2026-06-18 19:54:15 | Epoch 1 - Batch 372 - Loss 0.096815
2026-06-18 19:54:15 | Epoch 1 - Batch 373 - Loss 0.098081
2026-06-18 19:54:15 | Epoch 1 - Batch 374 - Loss 0.100795
2026-06-18 19:54:15 | Epoch 1 - Batch 375 - Loss 0.099573
2026-06-18 19:54:15 | Epoch 1 - Batch 376 - Loss 0.101813
2026-06-18 19:54:15 | Epoch 1 - Batch 377 - Loss 0.098686
2026-06-18 19:54:15 | Epoch 1 - Batch 378 - Loss 0.101316
2026-06-18 19:54:15 | Epoch 1 - Batch 379 - Loss 0.097611
2026-06-18 19:54:15 | Epoch 1 - Batch 380 - Loss 0.096468
2026-06-18 19:54:15 | Epoch 1 - Batch 381 - Loss 0.100852
2026-06-18 19:54:15 | Epoch 1 - Batch 382 - Loss 0.098285
2026-06-18 19:54:15 | Epoch 1 - Batch 383 - Loss 0.101371
2026-06-18 19:54:15 | Epoch 1 - Batch 384 - Loss 0.099318
2026-06-18 19:54:15 | Epoch 1 - Batch 385 - Loss 0.099073
2026-06-18 19:54:15 | Epoch 1 - Batch 386 - Loss 0.096133
2026-06-18 19:54:15 | Epoch 1 - Batch 387 - Loss 0.094826
2026-06-18 19:54:15 | Epoch 1 - Batch 388 - Loss 0.099255
2026-06-18 19:54:15 | Epoch 1 - Batch 389 - Loss 0.094673
2026-06-18 19:54:15 | Epoch 1 - Batch 390 - Loss 0.094618
2026-06-18 19:54:15 | Epoch 1 - Batch 391 - Loss 0.098167
2026-06-18 19:54:15 | Epoch 1 - Batch 392 - Loss 0.100678
2026-06-18 19:54:16 | Epoch 1 - Batch 393 - Loss 0.100559
2026-06-18 19:54:16 | Epoch 1 - Batch 394 - Loss 0.099342
2026-06-18 19:54:16 | Epoch 1 - Batch 395 - Loss 0.103549
2026-06-18 19:54:16 | Epoch 1 - Batch 396 - Loss 0.097649
2026-06-18 19:54:16 | Epoch 1 - Batch 397 - Loss 0.096221
2026-06-18 19:54:16 | Epoch 1 - Batch 398 - Loss 0.096363
2026-06-18 19:54:16 | Epoch 1 - Batch 399 - Loss 0.095048
2026-06-18 19:54:16 | Epoch 1 - Batch 400 - Loss 0.097906
2026-06-18 19:54:16 | Epoch 1 - Batch 401 - Loss 0.097961
2026-06-18 19:54:16 | Epoch 1 - Batch 402 - Loss 0.098704
2026-06-18 19:54:16 | Epoch 1 - Batch 403 - Loss 0.096328
2026-06-18 19:54:16 | Epoch 1 - Batch 404 - Loss 0.093826
2026-06-18 19:54:16 | Epoch 1 - Batch 405 - Loss 0.095794
2026-06-18 19:54:16 | Epoch 1 - Batch 406 - Loss 0.097363
2026-06-18 19:54:16 | Epoch 1 - Batch 407 - Loss 0.097440
2026-06-18 19:54:16 | Epoch 1 - Batch 408 - Loss 0.098795
2026-06-18 19:54:16 | Epoch 1 - Batch 409 - Loss 0.095900
2026-06-18 19:54:16 | Epoch 1 - Batch 410 - Loss 0.095758
2026-06-18 19:54:16 | Epoch 1 - Batch 411 - Loss 0.098098
2026-06-18 19:54:16 | Epoch 1 - Batch 412 - Loss 0.092893
2026-06-18 19:54:16 | Epoch 1 - Batch 413 - Loss 0.098085
2026-06-18 19:54:16 | Epoch 1 - Batch 414 - Loss 0.097406
2026-06-18 19:54:16 | Epoch 1 - Batch 415 - Loss 0.096984
2026-06-18 19:54:16 | Epoch 1 - Batch 416 - Loss 0.098664
2026-06-18 19:54:16 | Epoch 1 - Batch 417 - Loss 0.098699
2026-06-18 19:54:16 | Epoch 1 - Batch 418 - Loss 0.092679
2026-06-18 19:54:16 | Epoch 1 - Batch 419 - Loss 0.095725
2026-06-18 19:54:16 | Epoch 1 - Batch 420 - Loss 0.096902
2026-06-18 19:54:16 | Epoch 1 - Batch 421 - Loss 0.094368
2026-06-18 19:54:16 | Epoch 1 - Batch 422 - Loss 0.099377
2026-06-18 19:54:17 | Epoch 1 - Batch 423 - Loss 0.093386
2026-06-18 19:54:17 | Epoch 1 - Batch 424 - Loss 0.091869
2026-06-18 19:54:17 | Epoch 1 - Batch 425 - Loss 0.100431
2026-06-18 19:54:17 | Epoch 1 - Batch 426 - Loss 0.093799
2026-06-18 19:54:17 | Epoch 1 - Batch 427 - Loss 0.096930
2026-06-18 19:54:17 | Epoch 1 - Batch 428 - Loss 0.096685
2026-06-18 19:54:17 | Epoch 1 - Batch 429 - Loss 0.097415
2026-06-18 19:54:17 | Epoch 1 - Batch 430 - Loss 0.093302
2026-06-18 19:54:17 | Epoch 1 - Batch 431 - Loss 0.098287
2026-06-18 19:54:17 | Epoch 1 - Batch 432 - Loss 0.098707
2026-06-18 19:54:17 | Epoch 1 - Batch 433 - Loss 0.097593
2026-06-18 19:54:17 | Epoch 1 - Batch 434 - Loss 0.094745
2026-06-18 19:54:17 | Epoch 1 - Batch 435 - Loss 0.098353
2026-06-18 19:54:17 | Epoch 1 - Batch 436 - Loss 0.096475
2026-06-18 19:54:17 | Epoch 1 - Batch 437 - Loss 0.101192
2026-06-18 19:54:17 | Epoch 1 - Batch 438 - Loss 0.099384
2026-06-18 19:54:17 | Epoch 1 - Batch 439 - Loss 0.093592
2026-06-18 19:54:17 | Epoch 1 - Batch 440 - Loss 0.093675
2026-06-18 19:54:17 | Epoch 1 - Batch 441 - Loss 0.095025
2026-06-18 19:54:17 | Epoch 1 - Batch 442 - Loss 0.092443
2026-06-18 19:54:17 | Epoch 1 - Batch 443 - Loss 0.097904
2026-06-18 19:54:17 | Epoch 1 - Batch 444 - Loss 0.095415
2026-06-18 19:54:17 | Epoch 1 - Batch 445 - Loss 0.097488
2026-06-18 19:54:17 | Epoch 1 - Batch 446 - Loss 0.094364
2026-06-18 19:54:17 | Epoch 1 - Batch 447 - Loss 0.092418
2026-06-18 19:54:17 | Epoch 1 - Batch 448 - Loss 0.091469
2026-06-18 19:54:17 | Epoch 1 - Batch 449 - Loss 0.096136
2026-06-18 19:54:17 | Epoch 1 - Batch 450 - Loss 0.092767
2026-06-18 19:54:17 | Epoch 1 - Batch 451 - Loss 0.089703
2026-06-18 19:54:17 | Epoch 1 - Batch 452 - Loss 0.089573
2026-06-18 19:54:18 | Epoch 1 - Batch 453 - Loss 0.093660
2026-06-18 19:54:18 | Epoch 1 - Batch 454 - Loss 0.093056
2026-06-18 19:54:18 | Epoch 1 - Batch 455 - Loss 0.096234
2026-06-18 19:54:18 | Epoch 1 - Batch 456 - Loss 0.093520
2026-06-18 19:54:18 | Epoch 1 - Batch 457 - Loss 0.096743
2026-06-18 19:54:18 | Epoch 1 - Batch 458 - Loss 0.095585
2026-06-18 19:54:18 | Epoch 1 - Batch 459 - Loss 0.091995
2026-06-18 19:54:18 | Epoch 1 - Batch 460 - Loss 0.090508
2026-06-18 19:54:18 | Epoch 1 - Batch 461 - Loss 0.096505
2026-06-18 19:54:18 | Epoch 1 - Batch 462 - Loss 0.091270
2026-06-18 19:54:18 | Epoch 1 - Batch 463 - Loss 0.089997
2026-06-18 19:54:18 | Epoch 1 - Batch 464 - Loss 0.089531
2026-06-18 19:54:18 | Epoch 1 - Batch 465 - Loss 0.094489
2026-06-18 19:54:18 | Epoch 1 - Batch 466 - Loss 0.093149
2026-06-18 19:54:18 | Epoch 1 - Batch 467 - Loss 0.094499
2026-06-18 19:54:18 | Epoch 1 - Batch 468 - Loss 0.094632
2026-06-18 19:54:18 | Epoch 1 - Batch 469 - Loss 0.092787
2026-06-18 19:54:18 | Epoch 1 - Batch 470 - Loss 0.095679
2026-06-18 19:54:18 | Epoch 1 - Batch 471 - Loss 0.089818
2026-06-18 19:54:18 | Epoch 1 - Batch 472 - Loss 0.093771
2026-06-18 19:54:18 | Epoch 1 - Batch 473 - Loss 0.097396
2026-06-18 19:54:18 | Epoch 1 - Batch 474 - Loss 0.095406
2026-06-18 19:54:18 | Epoch 1 - Batch 475 - Loss 0.092789
2026-06-18 19:54:18 | Epoch 1 - Batch 476 - Loss 0.089341
2026-06-18 19:54:18 | Epoch 1 - Batch 477 - Loss 0.091600
2026-06-18 19:54:18 | Epoch 1 - Batch 478 - Loss 0.094715
2026-06-18 19:54:18 | Epoch 1 - Batch 479 - Loss 0.098296
2026-06-18 19:54:18 | Epoch 1 - Batch 480 - Loss 0.091448
2026-06-18 19:54:18 | Epoch 1 - Batch 481 - Loss 0.097261
2026-06-18 19:54:18 | Epoch 1 - Batch 482 - Loss 0.089797
2026-06-18 19:54:18 | Epoch 1 - Batch 483 - Loss 0.093998
2026-06-18 19:54:19 | Epoch 1 - Batch 484 - Loss 0.093189
2026-06-18 19:54:19 | Epoch 1 - Batch 485 - Loss 0.090542
2026-06-18 19:54:19 | Epoch 1 - Batch 486 - Loss 0.092162
2026-06-18 19:54:19 | Epoch 1 - Batch 487 - Loss 0.091045
2026-06-18 19:54:19 | Epoch 1 - Batch 488 - Loss 0.094811
2026-06-18 19:54:19 | Epoch 1 - Batch 489 - Loss 0.094404
2026-06-18 19:54:19 | Epoch 1 - Batch 490 - Loss 0.091998
2026-06-18 19:54:19 | Epoch 1 - Batch 491 - Loss 0.092801
2026-06-18 19:54:19 | Epoch 1 - Batch 492 - Loss 0.090654
2026-06-18 19:54:19 | Epoch 1 - Batch 493 - Loss 0.089975
2026-06-18 19:54:19 | Epoch 1 - Batch 494 - Loss 0.090729
2026-06-18 19:54:19 | Epoch 1 - Batch 495 - Loss 0.090961
2026-06-18 19:54:19 | Epoch 1 - Batch 496 - Loss 0.089397
2026-06-18 19:54:19 | Epoch 1 - Batch 497 - Loss 0.094069
2026-06-18 19:54:19 | Epoch 1 - Batch 498 - Loss 0.088099
2026-06-18 19:54:19 | Epoch 1 - Batch 499 - Loss 0.090998
2026-06-18 19:54:19 | Epoch 1 - Batch 500 - Loss 0.091589
2026-06-18 19:54:19 | Epoch 1 - Batch 501 - Loss 0.088691
2026-06-18 19:54:19 | Epoch 1 - Batch 502 - Loss 0.089239
2026-06-18 19:54:19 | Epoch 1 - Batch 503 - Loss 0.090048
2026-06-18 19:54:19 | Epoch 1 - Batch 504 - Loss 0.091095
2026-06-18 19:54:19 | Epoch 1 - Batch 505 - Loss 0.086522
2026-06-18 19:54:19 | Epoch 1 - Batch 506 - Loss 0.092229
2026-06-18 19:54:19 | Epoch 1 - Batch 507 - Loss 0.089483
2026-06-18 19:54:19 | Epoch 1 - Batch 508 - Loss 0.088003
2026-06-18 19:54:19 | Epoch 1 - Batch 509 - Loss 0.088756
2026-06-18 19:54:19 | Epoch 1 - Batch 510 - Loss 0.089563
2026-06-18 19:54:19 | Epoch 1 - Batch 511 - Loss 0.093741
2026-06-18 19:54:19 | Epoch 1 - Batch 512 - Loss 0.092946
2026-06-18 19:54:19 | Epoch 1 - Batch 513 - Loss 0.090516
2026-06-18 19:54:20 | Epoch 1 - Batch 514 - Loss 0.089390
2026-06-18 19:54:20 | Epoch 1 - Batch 515 - Loss 0.093034
2026-06-18 19:54:20 | Epoch 1 - Batch 516 - Loss 0.088724
2026-06-18 19:54:20 | Epoch 1 - Batch 517 - Loss 0.087508
2026-06-18 19:54:20 | Epoch 1 - Batch 518 - Loss 0.092264
2026-06-18 19:54:20 | Epoch 1 - Batch 519 - Loss 0.090375
2026-06-18 19:54:20 | Epoch 1 - Batch 520 - Loss 0.092324
2026-06-18 19:54:20 | Epoch 1 - Batch 521 - Loss 0.091870
2026-06-18 19:54:20 | Epoch 1 - Batch 522 - Loss 0.093131
2026-06-18 19:54:20 | Epoch 1 - Batch 523 - Loss 0.085583
2026-06-18 19:54:20 | Epoch 1 - Batch 524 - Loss 0.089522
2026-06-18 19:54:20 | Epoch 1 - Batch 525 - Loss 0.090255
2026-06-18 19:54:20 | Epoch 1 - Batch 526 - Loss 0.087359
2026-06-18 19:54:20 | Epoch 1 - Batch 527 - Loss 0.089604
2026-06-18 19:54:20 | Epoch 1 - Batch 528 - Loss 0.087893
2026-06-18 19:54:20 | Epoch 1 - Batch 529 - Loss 0.088091
2026-06-18 19:54:20 | Epoch 1 - Batch 530 - Loss 0.088668
2026-06-18 19:54:20 | Epoch 1 - Batch 531 - Loss 0.087692
2026-06-18 19:54:20 | Epoch 1 - Batch 532 - Loss 0.091802
2026-06-18 19:54:20 | Epoch 1 - Batch 533 - Loss 0.089375
2026-06-18 19:54:20 | Epoch 1 - Batch 534 - Loss 0.086860
2026-06-18 19:54:20 | Epoch 1 - Batch 535 - Loss 0.087773
2026-06-18 19:54:20 | Epoch 1 - Batch 536 - Loss 0.085842
2026-06-18 19:54:20 | Epoch 1 - Batch 537 - Loss 0.090340
2026-06-18 19:54:20 | Epoch 1 - Batch 538 - Loss 0.090891
2026-06-18 19:54:20 | Epoch 1 - Batch 539 - Loss 0.087610
2026-06-18 19:54:20 | Epoch 1 - Batch 540 - Loss 0.088637
2026-06-18 19:54:20 | Epoch 1 - Batch 541 - Loss 0.086601
2026-06-18 19:54:20 | Epoch 1 - Batch 542 - Loss 0.087497
2026-06-18 19:54:20 | Epoch 1 - Batch 543 - Loss 0.091003
2026-06-18 19:54:21 | Epoch 1 - Batch 544 - Loss 0.086709
2026-06-18 19:54:21 | Epoch 1 - Batch 545 - Loss 0.086803
2026-06-18 19:54:21 | Epoch 1 - Batch 546 - Loss 0.089771
2026-06-18 19:54:21 | Epoch 1 - Batch 547 - Loss 0.089373
2026-06-18 19:54:21 | Epoch 1 - Batch 548 - Loss 0.090229
2026-06-18 19:54:21 | Epoch 1 - Batch 549 - Loss 0.089396
2026-06-18 19:54:21 | Epoch 1 - Batch 550 - Loss 0.087142
2026-06-18 19:54:21 | Epoch 1 - Batch 551 - Loss 0.088143
2026-06-18 19:54:21 | Epoch 1 - Batch 552 - Loss 0.089269
2026-06-18 19:54:21 | Epoch 1 - Batch 553 - Loss 0.090809
2026-06-18 19:54:21 | Epoch 1 - Batch 554 - Loss 0.089783
2026-06-18 19:54:21 | Epoch 1 - Batch 555 - Loss 0.086153
2026-06-18 19:54:21 | Epoch 1 - Batch 556 - Loss 0.089204
2026-06-18 19:54:21 | Epoch 1 - Batch 557 - Loss 0.089255
2026-06-18 19:54:21 | Epoch 1 - Batch 558 - Loss 0.089609
2026-06-18 19:54:21 | Epoch 1 - Batch 559 - Loss 0.087123
2026-06-18 19:54:21 | Epoch 1 - Batch 560 - Loss 0.087951
2026-06-18 19:54:21 | Epoch 1 - Batch 561 - Loss 0.092186
2026-06-18 19:54:21 | Epoch 1 - Batch 562 - Loss 0.089736
2026-06-18 19:54:21 | Epoch 1 - Batch 563 - Loss 0.082820
2026-06-18 19:54:21 | Epoch 1 - Batch 564 - Loss 0.091846
2026-06-18 19:54:21 | Epoch 1 - Batch 565 - Loss 0.088451
2026-06-18 19:54:21 | Epoch 1 - Batch 566 - Loss 0.088991
2026-06-18 19:54:21 | Epoch 1 - Batch 567 - Loss 0.087263
2026-06-18 19:54:21 | Epoch 1 - Batch 568 - Loss 0.092647
2026-06-18 19:54:21 | Epoch 1 - Batch 569 - Loss 0.087367
2026-06-18 19:54:21 | Epoch 1 - Batch 570 - Loss 0.087262
2026-06-18 19:54:21 | Epoch 1 - Batch 571 - Loss 0.089358
2026-06-18 19:54:21 | Epoch 1 - Batch 572 - Loss 0.084920
2026-06-18 19:54:21 | Epoch 1 - Batch 573 - Loss 0.090223
2026-06-18 19:54:22 | Epoch 1 - Batch 574 - Loss 0.084140
2026-06-18 19:54:22 | Epoch 1 - Batch 575 - Loss 0.087749
2026-06-18 19:54:22 | Epoch 1 - Batch 576 - Loss 0.090486
2026-06-18 19:54:22 | Epoch 1 - Batch 577 - Loss 0.094224
2026-06-18 19:54:22 | Epoch 1 - Batch 578 - Loss 0.089685
2026-06-18 19:54:22 | Epoch 1 - Batch 579 - Loss 0.088344
2026-06-18 19:54:22 | Epoch 1 - Batch 580 - Loss 0.084764
2026-06-18 19:54:22 | Epoch 1 - Batch 581 - Loss 0.088420
2026-06-18 19:54:22 | Epoch 1 - Batch 582 - Loss 0.086161
2026-06-18 19:54:22 | Epoch 1 - Batch 583 - Loss 0.089601
2026-06-18 19:54:22 | Epoch 1 - Batch 584 - Loss 0.087027
2026-06-18 19:54:22 | Epoch 1 - Batch 585 - Loss 0.086160
2026-06-18 19:54:22 | Epoch 1 - Batch 586 - Loss 0.084780
2026-06-18 19:54:22 | Epoch 1 - Batch 587 - Loss 0.088617
2026-06-18 19:54:22 | Epoch 1 - Batch 588 - Loss 0.087835
2026-06-18 19:54:22 | Epoch 1 - Batch 589 - Loss 0.091592
2026-06-18 19:54:22 | Epoch 1 - Batch 590 - Loss 0.089644
2026-06-18 19:54:22 | Epoch 1 - Batch 591 - Loss 0.085463
2026-06-18 19:54:22 | Epoch 1 - Batch 592 - Loss 0.084976
2026-06-18 19:54:22 | Epoch 1 - Batch 593 - Loss 0.089224
2026-06-18 19:54:22 | Epoch 1 - Batch 594 - Loss 0.086427
2026-06-18 19:54:22 | Epoch 1 - Batch 595 - Loss 0.087701
2026-06-18 19:54:22 | Epoch 1 - Batch 596 - Loss 0.089697
2026-06-18 19:54:22 | Epoch 1 - Batch 597 - Loss 0.084269
2026-06-18 19:54:22 | Epoch 1 - Batch 598 - Loss 0.086693
2026-06-18 19:54:22 | Epoch 1 - Batch 599 - Loss 0.086524
2026-06-18 19:54:22 | Epoch 1 - Batch 600 - Loss 0.082319
2026-06-18 19:54:22 | Epoch 1 - Batch 601 - Loss 0.089549
2026-06-18 19:54:22 | Epoch 1 - Batch 602 - Loss 0.090370
2026-06-18 19:54:22 | Epoch 1 - Batch 603 - Loss 0.085229
2026-06-18 19:54:23 | Epoch 1 - Batch 604 - Loss 0.084726
2026-06-18 19:54:23 | Epoch 1 - Batch 605 - Loss 0.083563
2026-06-18 19:54:23 | Epoch 1 - Batch 606 - Loss 0.090408
2026-06-18 19:54:23 | Epoch 1 - Batch 607 - Loss 0.087781
2026-06-18 19:54:23 | Epoch 1 - Batch 608 - Loss 0.087456
2026-06-18 19:54:23 | Epoch 1 - Batch 609 - Loss 0.085814
2026-06-18 19:54:23 | Epoch 1 - Batch 610 - Loss 0.084234
2026-06-18 19:54:23 | Epoch 1 - Batch 611 - Loss 0.084614
2026-06-18 19:54:23 | Epoch 1 - Batch 612 - Loss 0.083137
2026-06-18 19:54:23 | Epoch 1 - Batch 613 - Loss 0.085484
2026-06-18 19:54:23 | Epoch 1 - Batch 614 - Loss 0.085663
2026-06-18 19:54:23 | Epoch 1 - Batch 615 - Loss 0.086447
2026-06-18 19:54:23 | Epoch 1 - Batch 616 - Loss 0.080864
2026-06-18 19:54:23 | Epoch 1 - Batch 617 - Loss 0.086323
2026-06-18 19:54:23 | Epoch 1 - Batch 618 - Loss 0.083837
2026-06-18 19:54:23 | Epoch 1 - Batch 619 - Loss 0.085205
2026-06-18 19:54:23 | Epoch 1 - Batch 620 - Loss 0.085506
2026-06-18 19:54:23 | Epoch 1 - Batch 621 - Loss 0.083173
2026-06-18 19:54:23 | Epoch 1 - Batch 622 - Loss 0.084138
2026-06-18 19:54:23 | Epoch 1 - Batch 623 - Loss 0.085050
2026-06-18 19:54:23 | Epoch 1 - Batch 624 - Loss 0.082434
2026-06-18 19:54:23 | Epoch 1 - Batch 625 - Loss 0.083883
2026-06-18 19:54:23 | Epoch 1 - Batch 626 - Loss 0.086792
2026-06-18 19:54:23 | Epoch 1 - Batch 627 - Loss 0.079760
2026-06-18 19:54:23 | Epoch 1 - Batch 628 - Loss 0.087965
2026-06-18 19:54:23 | Epoch 1 - Batch 629 - Loss 0.083788
2026-06-18 19:54:23 | Epoch 1 - Batch 630 - Loss 0.090572
2026-06-18 19:54:23 | Epoch 1 - Batch 631 - Loss 0.087511
2026-06-18 19:54:23 | Epoch 1 - Batch 632 - Loss 0.084719
2026-06-18 19:54:23 | Epoch 1 - Batch 633 - Loss 0.081154
2026-06-18 19:54:23 | Epoch 1 - Batch 634 - Loss 0.082093
2026-06-18 19:54:24 | Epoch 1 - Batch 635 - Loss 0.085694
2026-06-18 19:54:24 | Epoch 1 - Batch 636 - Loss 0.081525
2026-06-18 19:54:24 | Epoch 1 - Batch 637 - Loss 0.082642
2026-06-18 19:54:24 | Epoch 1 - Batch 638 - Loss 0.086241
2026-06-18 19:54:24 | Epoch 1 - Batch 639 - Loss 0.086697
2026-06-18 19:54:24 | Epoch 1 - Batch 640 - Loss 0.083403
2026-06-18 19:54:24 | Epoch 1 - Batch 641 - Loss 0.083740
2026-06-18 19:54:24 | Epoch 1 - Batch 642 - Loss 0.084815
2026-06-18 19:54:24 | Epoch 1 - Batch 643 - Loss 0.085026
2026-06-18 19:54:24 | Epoch 1 - Batch 644 - Loss 0.087303
2026-06-18 19:54:24 | Epoch 1 - Batch 645 - Loss 0.083065
2026-06-18 19:54:24 | Epoch 1 - Batch 646 - Loss 0.083883
2026-06-18 19:54:24 | Epoch 1 - Batch 647 - Loss 0.082332
2026-06-18 19:54:24 | Epoch 1 - Batch 648 - Loss 0.086721
2026-06-18 19:54:24 | Epoch 1 - Batch 649 - Loss 0.080865
2026-06-18 19:54:24 | Epoch 1 - Batch 650 - Loss 0.084703
2026-06-18 19:54:24 | Epoch 1 - Batch 651 - Loss 0.084941
2026-06-18 19:54:24 | Epoch 1 - Batch 652 - Loss 0.084235
2026-06-18 19:54:24 | Epoch 1 - Batch 653 - Loss 0.081655
2026-06-18 19:54:24 | Epoch 1 - Batch 654 - Loss 0.082469
2026-06-18 19:54:24 | Epoch 1 - Batch 655 - Loss 0.082088
2026-06-18 19:54:24 | Epoch 1 - Batch 656 - Loss 0.083742
2026-06-18 19:54:24 | Epoch 1 - Batch 657 - Loss 0.081590
2026-06-18 19:54:24 | Epoch 1 - Batch 658 - Loss 0.085033
2026-06-18 19:54:24 | Epoch 1 - Batch 659 - Loss 0.083700
2026-06-18 19:54:24 | Epoch 1 - Batch 660 - Loss 0.080459
2026-06-18 19:54:24 | Epoch 1 - Batch 661 - Loss 0.084888
2026-06-18 19:54:24 | Epoch 1 - Batch 662 - Loss 0.085008
2026-06-18 19:54:24 | Epoch 1 - Batch 663 - Loss 0.083137
2026-06-18 19:54:24 | Epoch 1 - Batch 664 - Loss 0.082558
2026-06-18 19:54:25 | Epoch 1 - Batch 665 - Loss 0.084359
2026-06-18 19:54:25 | Epoch 1 - Batch 666 - Loss 0.081869
2026-06-18 19:54:25 | Epoch 1 - Batch 667 - Loss 0.082817
2026-06-18 19:54:25 | Epoch 1 - Batch 668 - Loss 0.083659
2026-06-18 19:54:25 | Epoch 1 - Batch 669 - Loss 0.085662
2026-06-18 19:54:25 | Epoch 1 - Batch 670 - Loss 0.082159
2026-06-18 19:54:25 | Epoch 1 - Batch 671 - Loss 0.086418
2026-06-18 19:54:25 | Epoch 1 - Batch 672 - Loss 0.083704
2026-06-18 19:54:25 | Epoch 1 - Batch 673 - Loss 0.084017
2026-06-18 19:54:25 | Epoch 1 - Batch 674 - Loss 0.079292
2026-06-18 19:54:25 | Epoch 1 - Batch 675 - Loss 0.080201
2026-06-18 19:54:25 | Epoch 1 - Batch 676 - Loss 0.083844
2026-06-18 19:54:25 | Epoch 1 - Batch 677 - Loss 0.083056
2026-06-18 19:54:25 | Epoch 1 - Batch 678 - Loss 0.085944
2026-06-18 19:54:25 | Epoch 1 - Batch 679 - Loss 0.082537
2026-06-18 19:54:25 | Epoch 1 - Batch 680 - Loss 0.082600
2026-06-18 19:54:25 | Epoch 1 - Batch 681 - Loss 0.079442
2026-06-18 19:54:25 | Epoch 1 - Batch 682 - Loss 0.084797
2026-06-18 19:54:25 | Epoch 1 - Batch 683 - Loss 0.083127
2026-06-18 19:54:25 | Epoch 1 - Batch 684 - Loss 0.081962
2026-06-18 19:54:25 | Epoch 1 - Batch 685 - Loss 0.085088
2026-06-18 19:54:25 | Epoch 1 - Batch 686 - Loss 0.085958
2026-06-18 19:54:25 | Epoch 1 - Batch 687 - Loss 0.080331
2026-06-18 19:54:25 | Epoch 1 - Batch 688 - Loss 0.084339
2026-06-18 19:54:25 | Epoch 1 - Batch 689 - Loss 0.084958
2026-06-18 19:54:25 | Epoch 1 - Batch 690 - Loss 0.082021
2026-06-18 19:54:25 | Epoch 1 - Batch 691 - Loss 0.087779
2026-06-18 19:54:25 | Epoch 1 - Batch 692 - Loss 0.080905
2026-06-18 19:54:25 | Epoch 1 - Batch 693 - Loss 0.085079
2026-06-18 19:54:25 | Epoch 1 - Batch 694 - Loss 0.081145
2026-06-18 19:54:26 | Epoch 1 - Batch 695 - Loss 0.080032
2026-06-18 19:54:26 | Epoch 1 - Batch 696 - Loss 0.080517
2026-06-18 19:54:26 | Epoch 1 - Batch 697 - Loss 0.084980
2026-06-18 19:54:26 | Epoch 1 - Batch 698 - Loss 0.083672
2026-06-18 19:54:26 | Epoch 1 - Batch 699 - Loss 0.085169
2026-06-18 19:54:26 | Epoch 1 - Batch 700 - Loss 0.081481
2026-06-18 19:54:26 | Epoch 1 - Batch 701 - Loss 0.082453
2026-06-18 19:54:26 | Epoch 1 - Batch 702 - Loss 0.080109
2026-06-18 19:54:26 | Epoch 1 - Batch 703 - Loss 0.078934
2026-06-18 19:54:26 | Epoch 1 - Batch 704 - Loss 0.083703
2026-06-18 19:54:26 | Epoch 1 - Batch 705 - Loss 0.081741
2026-06-18 19:54:26 | Epoch 1 - Batch 706 - Loss 0.081456
2026-06-18 19:54:26 | Epoch 1 - Batch 707 - Loss 0.086651
2026-06-18 19:54:26 | Epoch 1 - Batch 708 - Loss 0.081236
2026-06-18 19:54:26 | Epoch 1 - Batch 709 - Loss 0.082457
2026-06-18 19:54:26 | Epoch 1 - Batch 710 - Loss 0.083004
2026-06-18 19:54:26 | Epoch 1 - Batch 711 - Loss 0.085459
2026-06-18 19:54:26 | Epoch 1 - Batch 712 - Loss 0.079537
2026-06-18 19:54:26 | Epoch 1 - Batch 713 - Loss 0.082615
2026-06-18 19:54:26 | Epoch 1 - Batch 714 - Loss 0.083356
2026-06-18 19:54:26 | Epoch 1 - Batch 715 - Loss 0.084436
2026-06-18 19:54:26 | Epoch 1 - Batch 716 - Loss 0.081201
2026-06-18 19:54:26 | Epoch 1 - Batch 717 - Loss 0.085611
2026-06-18 19:54:26 | Epoch 1 - Batch 718 - Loss 0.086445
2026-06-18 19:54:26 | Epoch 1 - Batch 719 - Loss 0.081519
2026-06-18 19:54:26 | Epoch 1 - Batch 720 - Loss 0.081791
2026-06-18 19:54:26 | Epoch 1 - Batch 721 - Loss 0.080369
2026-06-18 19:54:26 | Epoch 1 - Batch 722 - Loss 0.082390
2026-06-18 19:54:26 | Epoch 1 - Batch 723 - Loss 0.078951
2026-06-18 19:54:26 | Epoch 1 - Batch 724 - Loss 0.084645
2026-06-18 19:54:27 | Epoch 1 - Batch 725 - Loss 0.079904
2026-06-18 19:54:27 | Epoch 1 - Batch 726 - Loss 0.077572
2026-06-18 19:54:27 | Epoch 1 - Batch 727 - Loss 0.079358
2026-06-18 19:54:27 | Epoch 1 - Batch 728 - Loss 0.084217
2026-06-18 19:54:27 | Epoch 1 - Batch 729 - Loss 0.080857
2026-06-18 19:54:27 | Epoch 1 - Batch 730 - Loss 0.083323
2026-06-18 19:54:27 | Epoch 1 - Batch 731 - Loss 0.078293
2026-06-18 19:54:27 | Epoch 1 - Batch 732 - Loss 0.081537
2026-06-18 19:54:27 | Epoch 1 - Batch 733 - Loss 0.080560
2026-06-18 19:54:27 | Epoch 1 - Batch 734 - Loss 0.082832
2026-06-18 19:54:27 | Epoch 1 - Batch 735 - Loss 0.083039
2026-06-18 19:54:27 | Epoch 1 - Batch 736 - Loss 0.080341
2026-06-18 19:54:27 | Epoch 1 - Batch 737 - Loss 0.080537
2026-06-18 19:54:27 | Epoch 1 - Batch 738 - Loss 0.079822
2026-06-18 19:54:27 | Epoch 1 - Batch 739 - Loss 0.082145
2026-06-18 19:54:27 | Epoch 1 - Batch 740 - Loss 0.082265
2026-06-18 19:54:27 | Epoch 1 - Batch 741 - Loss 0.079911
2026-06-18 19:54:27 | Epoch 1 - Batch 742 - Loss 0.081402
2026-06-18 19:54:27 | Epoch 1 - Batch 743 - Loss 0.080089
2026-06-18 19:54:27 | Epoch 1 - Batch 744 - Loss 0.079715
2026-06-18 19:54:27 | Epoch 1 - Batch 745 - Loss 0.084019
2026-06-18 19:54:27 | Epoch 1 - Batch 746 - Loss 0.079127
2026-06-18 19:54:27 | Epoch 1 - Batch 747 - Loss 0.081243
2026-06-18 19:54:27 | Epoch 1 - Batch 748 - Loss 0.081272
2026-06-18 19:54:27 | Epoch 1 - Batch 749 - Loss 0.083803
2026-06-18 19:54:27 | Epoch 1 - Batch 750 - Loss 0.076271
2026-06-18 19:54:27 | Epoch 1 - Batch 751 - Loss 0.080446
2026-06-18 19:54:27 | Epoch 1 - Batch 752 - Loss 0.081973
2026-06-18 19:54:27 | Epoch 1 - Batch 753 - Loss 0.079773
2026-06-18 19:54:27 | Epoch 1 - Batch 754 - Loss 0.076756
2026-06-18 19:54:28 | Epoch 1 - Batch 755 - Loss 0.082196
2026-06-18 19:54:28 | Epoch 1 - Batch 756 - Loss 0.077919
2026-06-18 19:54:28 | Epoch 1 - Batch 757 - Loss 0.080259
2026-06-18 19:54:28 | Epoch 1 - Batch 758 - Loss 0.077222
2026-06-18 19:54:28 | Epoch 1 - Batch 759 - Loss 0.081701
2026-06-18 19:54:28 | Epoch 1 - Batch 760 - Loss 0.078637
2026-06-18 19:54:28 | Epoch 1 - Batch 761 - Loss 0.077932
2026-06-18 19:54:28 | Epoch 1 - Batch 762 - Loss 0.080136
2026-06-18 19:54:28 | Epoch 1 - Batch 763 - Loss 0.083573
2026-06-18 19:54:28 | Epoch 1 - Batch 764 - Loss 0.078308
2026-06-18 19:54:28 | Epoch 1 - Batch 765 - Loss 0.076669
2026-06-18 19:54:28 | Epoch 1 - Batch 766 - Loss 0.079733
2026-06-18 19:54:28 | Epoch 1 - Batch 767 - Loss 0.082698
2026-06-18 19:54:28 | Epoch 1 - Batch 768 - Loss 0.079253
2026-06-18 19:54:28 | Epoch 1 - Batch 769 - Loss 0.082220
2026-06-18 19:54:28 | Epoch 1 - Batch 770 - Loss 0.082445
2026-06-18 19:54:28 | Epoch 1 - Batch 771 - Loss 0.081657
2026-06-18 19:54:28 | Epoch 1 - Batch 772 - Loss 0.079944
2026-06-18 19:54:28 | Epoch 1 - Batch 773 - Loss 0.077807
2026-06-18 19:54:28 | Epoch 1 - Batch 774 - Loss 0.079912
2026-06-18 19:54:28 | Epoch 1 - Batch 775 - Loss 0.078700
2026-06-18 19:54:28 | Epoch 1 - Batch 776 - Loss 0.081331
2026-06-18 19:54:28 | Epoch 1 - Batch 777 - Loss 0.082623
2026-06-18 19:54:28 | Epoch 1 - Batch 778 - Loss 0.083305
2026-06-18 19:54:28 | Epoch 1 - Batch 779 - Loss 0.081674
2026-06-18 19:54:28 | Epoch 1 - Batch 780 - Loss 0.079638
2026-06-18 19:54:28 | Epoch 1 - Batch 781 - Loss 0.079595
2026-06-18 19:54:28 | Epoch 1 - Batch 782 - Loss 0.080117
2026-06-18 19:54:28 | Epoch 1 - Batch 783 - Loss 0.080774
2026-06-18 19:54:28 | Epoch 1 - Batch 784 - Loss 0.082318
2026-06-18 19:54:29 | Epoch 1 - Batch 785 - Loss 0.079451
2026-06-18 19:54:29 | Epoch 1 - Batch 786 - Loss 0.082857
2026-06-18 19:54:29 | Epoch 1 - Batch 787 - Loss 0.077376
2026-06-18 19:54:29 | Epoch 1 - Batch 788 - Loss 0.081539
2026-06-18 19:54:29 | Epoch 1 - Batch 789 - Loss 0.079733
2026-06-18 19:54:29 | Epoch 1 - Batch 790 - Loss 0.078619
2026-06-18 19:54:29 | Epoch 1 - Batch 791 - Loss 0.079963
2026-06-18 19:54:29 | Epoch 1 - Batch 792 - Loss 0.079774
2026-06-18 19:54:29 | Epoch 1 - Batch 793 - Loss 0.081375
2026-06-18 19:54:29 | Epoch 1 - Batch 794 - Loss 0.081452
2026-06-18 19:54:29 | Epoch 1 - Batch 795 - Loss 0.078698
2026-06-18 19:54:29 | Epoch 1 - Batch 796 - Loss 0.082290
2026-06-18 19:54:29 | Epoch 1 - Batch 797 - Loss 0.080021
2026-06-18 19:54:29 | Epoch 1 - Batch 798 - Loss 0.080581
2026-06-18 19:54:29 | Epoch 1 - Batch 799 - Loss 0.078037
2026-06-18 19:54:29 | Epoch 1 - Batch 800 - Loss 0.076373
2026-06-18 19:54:29 | Epoch 1 - Batch 801 - Loss 0.077966
2026-06-18 19:54:29 | Epoch 1 - Batch 802 - Loss 0.077466
2026-06-18 19:54:29 | Epoch 1 - Batch 803 - Loss 0.077591
2026-06-18 19:54:29 | Epoch 1 - Batch 804 - Loss 0.079334
2026-06-18 19:54:29 | Epoch 1 - Batch 805 - Loss 0.081689
2026-06-18 19:54:29 | Epoch 1 - Batch 806 - Loss 0.081375
2026-06-18 19:54:29 | Epoch 1 - Batch 807 - Loss 0.077251
2026-06-18 19:54:29 | Epoch 1 - Batch 808 - Loss 0.076563
2026-06-18 19:54:29 | Epoch 1 - Batch 809 - Loss 0.077602
2026-06-18 19:54:29 | Epoch 1 - Batch 810 - Loss 0.082348
2026-06-18 19:54:29 | Epoch 1 - Batch 811 - Loss 0.079559
2026-06-18 19:54:29 | Epoch 1 - Batch 812 - Loss 0.076953
2026-06-18 19:54:29 | Epoch 1 - Batch 813 - Loss 0.077604
2026-06-18 19:54:29 | Epoch 1 - Batch 814 - Loss 0.080730
2026-06-18 19:54:29 | Epoch 1 - Batch 815 - Loss 0.080047
2026-06-18 19:54:30 | Epoch 1 - Batch 816 - Loss 0.083027
2026-06-18 19:54:30 | Epoch 1 - Batch 817 - Loss 0.079837
2026-06-18 19:54:30 | Epoch 1 - Batch 818 - Loss 0.077339
2026-06-18 19:54:30 | Epoch 1 - Batch 819 - Loss 0.080298
2026-06-18 19:54:30 | Epoch 1 - Batch 820 - Loss 0.077161
2026-06-18 19:54:30 | Epoch 1 - Batch 821 - Loss 0.078427
2026-06-18 19:54:30 | Epoch 1 - Batch 822 - Loss 0.077543
2026-06-18 19:54:30 | Epoch 1 - Batch 823 - Loss 0.077877
2026-06-18 19:54:30 | Epoch 1 - Batch 824 - Loss 0.078975
2026-06-18 19:54:30 | Epoch 1 - Batch 825 - Loss 0.081223
2026-06-18 19:54:30 | Epoch 1 - Batch 826 - Loss 0.077882
2026-06-18 19:54:30 | Epoch 1 - Batch 827 - Loss 0.077701
2026-06-18 19:54:30 | Epoch 1 - Batch 828 - Loss 0.077684
2026-06-18 19:54:30 | Epoch 1 - Batch 829 - Loss 0.075606
2026-06-18 19:54:30 | Epoch 1 - Batch 830 - Loss 0.082128
2026-06-18 19:54:30 | Epoch 1 - Batch 831 - Loss 0.078474
2026-06-18 19:54:30 | Epoch 1 - Batch 832 - Loss 0.078032
2026-06-18 19:54:30 | Epoch 1 - Batch 833 - Loss 0.077117
2026-06-18 19:54:30 | Epoch 1 - Batch 834 - Loss 0.075247
2026-06-18 19:54:30 | Epoch 1 - Batch 835 - Loss 0.078810
2026-06-18 19:54:30 | Epoch 1 - Batch 836 - Loss 0.079980
2026-06-18 19:54:30 | Epoch 1 - Batch 837 - Loss 0.077588
2026-06-18 19:54:30 | Epoch 1 - Batch 838 - Loss 0.078781
2026-06-18 19:54:30 | Epoch 1 - Batch 839 - Loss 0.076748
2026-06-18 19:54:30 | Epoch 1 - Batch 840 - Loss 0.079746
2026-06-18 19:54:30 | Epoch 1 - Batch 841 - Loss 0.079912
2026-06-18 19:54:30 | Epoch 1 - Batch 842 - Loss 0.074754
2026-06-18 19:54:30 | Epoch 1 - Batch 843 - Loss 0.074963
2026-06-18 19:54:30 | Epoch 1 - Batch 844 - Loss 0.077621
2026-06-18 19:54:30 | Epoch 1 - Batch 845 - Loss 0.078735
2026-06-18 19:54:31 | Epoch 1 - Batch 846 - Loss 0.076976
2026-06-18 19:54:31 | Epoch 1 - Batch 847 - Loss 0.076458
2026-06-18 19:54:31 | Epoch 1 - Batch 848 - Loss 0.075781
2026-06-18 19:54:31 | Epoch 1 - Batch 849 - Loss 0.075538
2026-06-18 19:54:31 | Epoch 1 - Batch 850 - Loss 0.077363
2026-06-18 19:54:31 | Epoch 1 - Batch 851 - Loss 0.076587
2026-06-18 19:54:31 | Epoch 1 - Batch 852 - Loss 0.078059
2026-06-18 19:54:31 | Epoch 1 - Batch 853 - Loss 0.077252
2026-06-18 19:54:31 | Epoch 1 - Batch 854 - Loss 0.079281
2026-06-18 19:54:31 | Epoch 1 - Batch 855 - Loss 0.078564
2026-06-18 19:54:31 | Epoch 1 - Batch 856 - Loss 0.078774
2026-06-18 19:54:31 | Epoch 1 - Batch 857 - Loss 0.074881
2026-06-18 19:54:31 | Epoch 1 - Batch 858 - Loss 0.075017
2026-06-18 19:54:31 | Epoch 1 - Batch 859 - Loss 0.076437
2026-06-18 19:54:31 | Epoch 1 - Batch 860 - Loss 0.078800
2026-06-18 19:54:31 | Epoch 1 - Batch 861 - Loss 0.076797
2026-06-18 19:54:31 | Epoch 1 - Batch 862 - Loss 0.077413
2026-06-18 19:54:31 | Epoch 1 - Batch 863 - Loss 0.081398
2026-06-18 19:54:31 | Epoch 1 - Batch 864 - Loss 0.076570
2026-06-18 19:54:31 | Epoch 1 - Batch 865 - Loss 0.077818
2026-06-18 19:54:31 | Epoch 1 - Batch 866 - Loss 0.078225
2026-06-18 19:54:31 | Epoch 1 - Batch 867 - Loss 0.081511
2026-06-18 19:54:31 | Epoch 1 - Batch 868 - Loss 0.077986
2026-06-18 19:54:31 | Epoch 1 - Batch 869 - Loss 0.079026
2026-06-18 19:54:31 | Epoch 1 - Batch 870 - Loss 0.077290
2026-06-18 19:54:31 | Epoch 1 - Batch 871 - Loss 0.078486
2026-06-18 19:54:31 | Epoch 1 - Batch 872 - Loss 0.075512
2026-06-18 19:54:31 | Epoch 1 - Batch 873 - Loss 0.076835
2026-06-18 19:54:31 | Epoch 1 - Batch 874 - Loss 0.075549
2026-06-18 19:54:31 | Epoch 1 - Batch 875 - Loss 0.075432
2026-06-18 19:54:32 | Epoch 1 - Batch 876 - Loss 0.078790
2026-06-18 19:54:32 | Epoch 1 - Batch 877 - Loss 0.076712
2026-06-18 19:54:32 | Epoch 1 - Batch 878 - Loss 0.075567
2026-06-18 19:54:32 | Epoch 1 - Batch 879 - Loss 0.075542
2026-06-18 19:54:32 | Epoch 1 - Batch 880 - Loss 0.075574
2026-06-18 19:54:32 | Epoch 1 - Batch 881 - Loss 0.077947
2026-06-18 19:54:32 | Epoch 1 - Batch 882 - Loss 0.079092
2026-06-18 19:54:32 | Epoch 1 - Batch 883 - Loss 0.079274
2026-06-18 19:54:32 | Epoch 1 - Batch 884 - Loss 0.073763
2026-06-18 19:54:32 | Epoch 1 - Batch 885 - Loss 0.075532
2026-06-18 19:54:32 | Epoch 1 - Batch 886 - Loss 0.081544
2026-06-18 19:54:32 | Epoch 1 - Batch 887 - Loss 0.074570
2026-06-18 19:54:32 | Epoch 1 - Batch 888 - Loss 0.075502
2026-06-18 19:54:32 | Epoch 1 - Batch 889 - Loss 0.078578
2026-06-18 19:54:32 | Epoch 1 - Batch 890 - Loss 0.083151
2026-06-18 19:54:32 | Epoch 1 - Batch 891 - Loss 0.076890
2026-06-18 19:54:32 | Epoch 1 - Batch 892 - Loss 0.077008
2026-06-18 19:54:32 | Epoch 1 - Batch 893 - Loss 0.077842
2026-06-18 19:54:32 | Epoch 1 - Batch 894 - Loss 0.075879
2026-06-18 19:54:32 | Epoch 1 - Batch 895 - Loss 0.074171
2026-06-18 19:54:32 | Epoch 1 - Batch 896 - Loss 0.078942
2026-06-18 19:54:32 | Epoch 1 - Batch 897 - Loss 0.078240
2026-06-18 19:54:32 | Epoch 1 - Batch 898 - Loss 0.074783
2026-06-18 19:54:32 | Epoch 1 - Batch 899 - Loss 0.077608
2026-06-18 19:54:32 | Epoch 1 - Batch 900 - Loss 0.079911
2026-06-18 19:54:32 | Epoch 1 - Batch 901 - Loss 0.076272
2026-06-18 19:54:32 | Epoch 1 - Batch 902 - Loss 0.079801
2026-06-18 19:54:32 | Epoch 1 - Batch 903 - Loss 0.074822
2026-06-18 19:54:32 | Epoch 1 - Batch 904 - Loss 0.078632
2026-06-18 19:54:32 | Epoch 1 - Batch 905 - Loss 0.075531
2026-06-18 19:54:33 | Epoch 1 - Batch 906 - Loss 0.076616
2026-06-18 19:54:33 | Epoch 1 - Batch 907 - Loss 0.078799
2026-06-18 19:54:33 | Epoch 1 - Batch 908 - Loss 0.075869
2026-06-18 19:54:33 | Epoch 1 - Batch 909 - Loss 0.076061
2026-06-18 19:54:33 | Epoch 1 - Batch 910 - Loss 0.080184
2026-06-18 19:54:33 | Epoch 1 - Batch 911 - Loss 0.075518
2026-06-18 19:54:33 | Epoch 1 - Batch 912 - Loss 0.078689
2026-06-18 19:54:33 | Epoch 1 - Batch 913 - Loss 0.077898
2026-06-18 19:54:33 | Epoch 1 - Batch 914 - Loss 0.077788
2026-06-18 19:54:33 | Epoch 1 - Batch 915 - Loss 0.075363
2026-06-18 19:54:33 | Epoch 1 - Batch 916 - Loss 0.075686
2026-06-18 19:54:33 | Epoch 1 - Batch 917 - Loss 0.076093
2026-06-18 19:54:33 | Epoch 1 - Batch 918 - Loss 0.077188
2026-06-18 19:54:33 | Epoch 1 - Batch 919 - Loss 0.076635
2026-06-18 19:54:33 | Epoch 1 - Batch 920 - Loss 0.078421
2026-06-18 19:54:33 | Epoch 1 - Batch 921 - Loss 0.075348
2026-06-18 19:54:33 | Epoch 1 - Batch 922 - Loss 0.078660
2026-06-18 19:54:33 | Epoch 1 - Batch 923 - Loss 0.075448
2026-06-18 19:54:33 | Epoch 1 - Batch 924 - Loss 0.073355
2026-06-18 19:54:33 | Epoch 1 - Batch 925 - Loss 0.076511
2026-06-18 19:54:33 | Epoch 1 - Batch 926 - Loss 0.073518
2026-06-18 19:54:33 | Epoch 1 - Batch 927 - Loss 0.076935
2026-06-18 19:54:33 | Epoch 1 - Batch 928 - Loss 0.075000
2026-06-18 19:54:33 | Epoch 1 - Batch 929 - Loss 0.075563
2026-06-18 19:54:33 | Epoch 1 - Batch 930 - Loss 0.075584
2026-06-18 19:54:33 | Epoch 1 - Batch 931 - Loss 0.077000
2026-06-18 19:54:33 | Epoch 1 - Batch 932 - Loss 0.078005
2026-06-18 19:54:33 | Epoch 1 - Batch 933 - Loss 0.075722
2026-06-18 19:54:33 | Epoch 1 - Batch 934 - Loss 0.075850
2026-06-18 19:54:33 | Epoch 1 - Batch 935 - Loss 0.077581
2026-06-18 19:54:34 | Epoch 1 - Batch 936 - Loss 0.077293
2026-06-18 19:54:34 | Epoch 1 - Batch 937 - Loss 0.080803
2026-06-18 19:54:34 | Epoch 1 - Batch 938 - Loss 0.076585
2026-06-18 19:54:34 | Epoch 1 - Batch 939 - Loss 0.075368
2026-06-18 19:54:34 | Epoch 1 - Batch 940 - Loss 0.075897
2026-06-18 19:54:34 | Epoch 1 - Batch 941 - Loss 0.075572
2026-06-18 19:54:34 | Epoch 1 - Batch 942 - Loss 0.080669
2026-06-18 19:54:34 | Epoch 1 - Batch 943 - Loss 0.070776
2026-06-18 19:54:34 | Epoch 1 - Batch 944 - Loss 0.076872
2026-06-18 19:54:34 | Epoch 1 - Batch 945 - Loss 0.075505
2026-06-18 19:54:34 | Epoch 1 - Batch 946 - Loss 0.080154
2026-06-18 19:54:34 | Epoch 1 - Batch 947 - Loss 0.077137
2026-06-18 19:54:34 | Epoch 1 - Batch 948 - Loss 0.076070
2026-06-18 19:54:34 | Epoch 1 - Batch 949 - Loss 0.079102
2026-06-18 19:54:34 | Epoch 1 - Batch 950 - Loss 0.076336
2026-06-18 19:54:34 | Epoch 1 - Batch 951 - Loss 0.076847
2026-06-18 19:54:34 | Epoch 1 - Batch 952 - Loss 0.075885
2026-06-18 19:54:34 | Epoch 1 - Batch 953 - Loss 0.075592
2026-06-18 19:54:34 | Epoch 1 - Batch 954 - Loss 0.073906
2026-06-18 19:54:34 | Epoch 1 - Batch 955 - Loss 0.078157
2026-06-18 19:54:34 | Epoch 1 - Batch 956 - Loss 0.075981
2026-06-18 19:54:34 | Epoch 1 - Batch 957 - Loss 0.074379
2026-06-18 19:54:34 | Epoch 1 - Batch 958 - Loss 0.077750
2026-06-18 19:54:34 | Epoch 1 - Batch 959 - Loss 0.076448
2026-06-18 19:54:34 | Epoch 1 - Batch 960 - Loss 0.073654
2026-06-18 19:54:34 | Epoch 1 - Batch 961 - Loss 0.076976
2026-06-18 19:54:34 | Epoch 1 - Batch 962 - Loss 0.073229
2026-06-18 19:54:34 | Epoch 1 - Batch 963 - Loss 0.076295
2026-06-18 19:54:34 | Epoch 1 - Batch 964 - Loss 0.076293
2026-06-18 19:54:34 | Epoch 1 - Batch 965 - Loss 0.075862
2026-06-18 19:54:35 | Epoch 1 - Batch 966 - Loss 0.076063
2026-06-18 19:54:35 | Epoch 1 - Batch 967 - Loss 0.071549
2026-06-18 19:54:35 | Epoch 1 - Batch 968 - Loss 0.080435
2026-06-18 19:54:35 | Epoch 1 - Batch 969 - Loss 0.074234
2026-06-18 19:54:35 | Epoch 1 - Batch 970 - Loss 0.072409
2026-06-18 19:54:35 | Epoch 1 - Batch 971 - Loss 0.074237
2026-06-18 19:54:35 | Epoch 1 - Batch 972 - Loss 0.073785
2026-06-18 19:54:35 | Epoch 1 - Batch 973 - Loss 0.072685
2026-06-18 19:54:35 | Epoch 1 - Batch 974 - Loss 0.073719
2026-06-18 19:54:35 | Epoch 1 - Batch 975 - Loss 0.077370
2026-06-18 19:54:35 | Epoch 1 - Batch 976 - Loss 0.076467
2026-06-18 19:54:35 | Epoch 1 - Batch 977 - Loss 0.078514
2026-06-18 19:54:35 | Epoch 1 - Batch 978 - Loss 0.077137
2026-06-18 19:54:35 | Epoch 1 - Batch 979 - Loss 0.071510
2026-06-18 19:54:35 | Epoch 1 - Batch 980 - Loss 0.076295
2026-06-18 19:54:35 | Epoch 1 - Batch 981 - Loss 0.073559
2026-06-18 19:54:35 | Epoch 1 - Batch 982 - Loss 0.073165
2026-06-18 19:54:35 | Epoch 1 - Batch 983 - Loss 0.072327
2026-06-18 19:54:35 | Epoch 1 - Batch 984 - Loss 0.073628
2026-06-18 19:54:35 | Epoch 1 - Batch 985 - Loss 0.073729
2026-06-18 19:54:35 | Epoch 1 - Batch 986 - Loss 0.079748
2026-06-18 19:54:35 | Epoch 1 - Batch 987 - Loss 0.073347
2026-06-18 19:54:35 | Epoch 1 - Batch 988 - Loss 0.074337
2026-06-18 19:54:35 | Epoch 1 - Batch 989 - Loss 0.077712
2026-06-18 19:54:35 | Epoch 1 - Batch 990 - Loss 0.076178
2026-06-18 19:54:35 | Epoch 1 - Batch 991 - Loss 0.070681
2026-06-18 19:54:35 | Epoch 1 - Batch 992 - Loss 0.076131
2026-06-18 19:54:35 | Epoch 1 - Batch 993 - Loss 0.073873
2026-06-18 19:54:35 | Epoch 1 - Batch 994 - Loss 0.073298
2026-06-18 19:54:35 | Epoch 1 - Batch 995 - Loss 0.074367
2026-06-18 19:54:36 | Epoch 1 - Batch 996 - Loss 0.076646
2026-06-18 19:54:36 | Epoch 1 - Batch 997 - Loss 0.072995
2026-06-18 19:54:36 | Epoch 1 - Batch 998 - Loss 0.073705
2026-06-18 19:54:36 | Epoch 1 - Batch 999 - Loss 0.077676
2026-06-18 19:54:36 | Epoch 1 - Batch 1000 - Loss 0.072332
2026-06-18 19:54:36 | Epoch 1 - Batch 1001 - Loss 0.076854
2026-06-18 19:54:36 | Epoch 1 - Batch 1002 - Loss 0.075284
2026-06-18 19:54:36 | Epoch 1 - Batch 1003 - Loss 0.075034
2026-06-18 19:54:36 | Epoch 1 - Batch 1004 - Loss 0.076019
2026-06-18 19:54:36 | Epoch 1 - Batch 1005 - Loss 0.075582
2026-06-18 19:54:36 | Epoch 1 - Batch 1006 - Loss 0.072399
2026-06-18 19:54:36 | Epoch 1 - Batch 1007 - Loss 0.075245
2026-06-18 19:54:36 | Epoch 1 - Batch 1008 - Loss 0.074007
2026-06-18 19:54:36 | Epoch 1 - Batch 1009 - Loss 0.072902
2026-06-18 19:54:36 | Epoch 1 - Batch 1010 - Loss 0.077230
2026-06-18 19:54:36 | Epoch 1 - Batch 1011 - Loss 0.073435
2026-06-18 19:54:36 | Epoch 1 - Batch 1012 - Loss 0.072661
2026-06-18 19:54:36 | Epoch 1 - Batch 1013 - Loss 0.071613
2026-06-18 19:54:36 | Epoch 1 - Batch 1014 - Loss 0.073645
2026-06-18 19:54:36 | Epoch 1 - Batch 1015 - Loss 0.076521
2026-06-18 19:54:36 | Epoch 1 - Batch 1016 - Loss 0.072259
2026-06-18 19:54:36 | Epoch 1 - Batch 1017 - Loss 0.069994
2026-06-18 19:54:36 | Epoch 1 - Batch 1018 - Loss 0.072590
2026-06-18 19:54:36 | Epoch 1 - Batch 1019 - Loss 0.075540
2026-06-18 19:54:36 | Epoch 1 - Batch 1020 - Loss 0.074353
2026-06-18 19:54:36 | Epoch 1 - Batch 1021 - Loss 0.071967
2026-06-18 19:54:36 | Epoch 1 - Batch 1022 - Loss 0.073716
2026-06-18 19:54:36 | Epoch 1 - Batch 1023 - Loss 0.071508
2026-06-18 19:54:36 | Epoch 1 - Batch 1024 - Loss 0.072425
2026-06-18 19:54:36 | Epoch 1 - Batch 1025 - Loss 0.073193
2026-06-18 19:54:36 | Epoch 1 - Batch 1026 - Loss 0.073705
2026-06-18 19:54:37 | Epoch 1 - Batch 1027 - Loss 0.075847
2026-06-18 19:54:37 | Epoch 1 - Batch 1028 - Loss 0.073113
2026-06-18 19:54:37 | Epoch 1 - Batch 1029 - Loss 0.076054
2026-06-18 19:54:37 | Epoch 1 - Batch 1030 - Loss 0.077223
2026-06-18 19:54:37 | Epoch 1 - Batch 1031 - Loss 0.077571
2026-06-18 19:54:37 | Epoch 1 - Batch 1032 - Loss 0.073006
2026-06-18 19:54:37 | Epoch 1 - Batch 1033 - Loss 0.073161
2026-06-18 19:54:37 | Epoch 1 - Batch 1034 - Loss 0.075270
2026-06-18 19:54:37 | Epoch 1 - Batch 1035 - Loss 0.074709
2026-06-18 19:54:37 | Epoch 1 - Batch 1036 - Loss 0.074448
2026-06-18 19:54:37 | Epoch 1 - Batch 1037 - Loss 0.073605
2026-06-18 19:54:37 | Epoch 1 - Batch 1038 - Loss 0.073279
2026-06-18 19:54:37 | Epoch 1 - Batch 1039 - Loss 0.073294
2026-06-18 19:54:37 | Epoch 1 - Batch 1040 - Loss 0.073045
2026-06-18 19:54:37 | Epoch 1 - Batch 1041 - Loss 0.071379
2026-06-18 19:54:37 | Epoch 1 - Batch 1042 - Loss 0.075518
2026-06-18 19:54:37 | Epoch 1 - Batch 1043 - Loss 0.072445
2026-06-18 19:54:37 | Epoch 1 - Batch 1044 - Loss 0.073678
2026-06-18 19:54:37 | Epoch 1 - Batch 1045 - Loss 0.073258
2026-06-18 19:54:37 | Epoch 1 - Batch 1046 - Loss 0.074386
2026-06-18 19:54:37 | Epoch 1 - Batch 1047 - Loss 0.072563
2026-06-18 19:54:37 | Epoch 1 - Batch 1048 - Loss 0.074247
2026-06-18 19:54:37 | Epoch 1 - Batch 1049 - Loss 0.069529
2026-06-18 19:54:37 | Epoch 1 - Batch 1050 - Loss 0.073712
2026-06-18 19:54:37 | Epoch 1 - Batch 1051 - Loss 0.070737
2026-06-18 19:54:37 | Epoch 1 - Batch 1052 - Loss 0.073418
2026-06-18 19:54:37 | Epoch 1 - Batch 1053 - Loss 0.075080
2026-06-18 19:54:37 | Epoch 1 - Batch 1054 - Loss 0.075362
2026-06-18 19:54:37 | Epoch 1 - Batch 1055 - Loss 0.074991
2026-06-18 19:54:37 | Epoch 1 - Batch 1056 - Loss 0.075347
2026-06-18 19:54:38 | Epoch 1 - Batch 1057 - Loss 0.075435
2026-06-18 19:54:38 | Epoch 1 - Batch 1058 - Loss 0.073676
2026-06-18 19:54:38 | Epoch 1 - Batch 1059 - Loss 0.074256
2026-06-18 19:54:38 | Epoch 1 - Batch 1060 - Loss 0.073460
2026-06-18 19:54:38 | Epoch 1 - Batch 1061 - Loss 0.071934
2026-06-18 19:54:38 | Epoch 1 - Batch 1062 - Loss 0.070299
2026-06-18 19:54:38 | Epoch 1 - Batch 1063 - Loss 0.071034
2026-06-18 19:54:38 | Epoch 1 - Batch 1064 - Loss 0.070257
2026-06-18 19:54:38 | Epoch 1 - Batch 1065 - Loss 0.073944
2026-06-18 19:54:38 | Epoch 1 - Batch 1066 - Loss 0.072843
2026-06-18 19:54:38 | Epoch 1 - Batch 1067 - Loss 0.075823
2026-06-18 19:54:38 | Epoch 1 - Batch 1068 - Loss 0.073788
2026-06-18 19:54:38 | Epoch 1 - Batch 1069 - Loss 0.069951
2026-06-18 19:54:38 | Epoch 1 - Batch 1070 - Loss 0.071400
2026-06-18 19:54:38 | Epoch 1 - Batch 1071 - Loss 0.073265
2026-06-18 19:54:38 | Epoch 1 - Batch 1072 - Loss 0.072055
2026-06-18 19:54:38 | Epoch 1 - Batch 1073 - Loss 0.072693
2026-06-18 19:54:38 | Epoch 1 - Batch 1074 - Loss 0.072265
2026-06-18 19:54:38 | Epoch 1 - Batch 1075 - Loss 0.074083
2026-06-18 19:54:38 | Epoch 1 - Batch 1076 - Loss 0.069854
2026-06-18 19:54:38 | Epoch 1 - Batch 1077 - Loss 0.070436
2026-06-18 19:54:38 | Epoch 1 - Batch 1078 - Loss 0.070722
2026-06-18 19:54:38 | Epoch 1 - Batch 1079 - Loss 0.071675
2026-06-18 19:54:38 | Epoch 1 - Batch 1080 - Loss 0.073439
2026-06-18 19:54:38 | Epoch 1 - Batch 1081 - Loss 0.074314
2026-06-18 19:54:38 | Epoch 1 - Batch 1082 - Loss 0.072389
2026-06-18 19:54:38 | Epoch 1 - Batch 1083 - Loss 0.075066
2026-06-18 19:54:38 | Epoch 1 - Batch 1084 - Loss 0.073667
2026-06-18 19:54:38 | Epoch 1 - Batch 1085 - Loss 0.074616
2026-06-18 19:54:38 | Epoch 1 - Batch 1086 - Loss 0.071970
2026-06-18 19:54:39 | Epoch 1 - Batch 1087 - Loss 0.073513
2026-06-18 19:54:39 | Epoch 1 - Batch 1088 - Loss 0.071831
2026-06-18 19:54:39 | Epoch 1 - Batch 1089 - Loss 0.072806
2026-06-18 19:54:39 | Epoch 1 - Batch 1090 - Loss 0.071576
2026-06-18 19:54:39 | Epoch 1 - Batch 1091 - Loss 0.073990
2026-06-18 19:54:39 | Epoch 1 - Batch 1092 - Loss 0.073127
2026-06-18 19:54:39 | Epoch 1 - Batch 1093 - Loss 0.070938
2026-06-18 19:54:39 | Epoch 1 - Batch 1094 - Loss 0.072994
2026-06-18 19:54:39 | Epoch 1 - Batch 1095 - Loss 0.073476
2026-06-18 19:54:39 | Epoch 1 - Batch 1096 - Loss 0.071468
2026-06-18 19:54:39 | Epoch 1 - Batch 1097 - Loss 0.072754
2026-06-18 19:54:39 | Epoch 1 - Batch 1098 - Loss 0.072627
2026-06-18 19:54:39 | Epoch 1 - Batch 1099 - Loss 0.074397
2026-06-18 19:54:39 | Epoch 1 - Batch 1100 - Loss 0.071438
2026-06-18 19:54:39 | Epoch 1 - Batch 1101 - Loss 0.072538
2026-06-18 19:54:39 | Epoch 1 - Batch 1102 - Loss 0.072235
2026-06-18 19:54:39 | Epoch 1 - Batch 1103 - Loss 0.071588
2026-06-18 19:54:39 | Epoch 1 - Batch 1104 - Loss 0.070301
2026-06-18 19:54:39 | Epoch 1 - Batch 1105 - Loss 0.070708
2026-06-18 19:54:39 | Epoch 1 - Batch 1106 - Loss 0.072773
2026-06-18 19:54:39 | Epoch 1 - Batch 1107 - Loss 0.076097
2026-06-18 19:54:39 | Epoch 1 - Batch 1108 - Loss 0.071729
2026-06-18 19:54:39 | Epoch 1 - Batch 1109 - Loss 0.069206
2026-06-18 19:54:39 | Epoch 1 - Batch 1110 - Loss 0.071137
2026-06-18 19:54:39 | Epoch 1 - Batch 1111 - Loss 0.072470
2026-06-18 19:54:39 | Epoch 1 - Batch 1112 - Loss 0.074040
2026-06-18 19:54:39 | Epoch 1 - Batch 1113 - Loss 0.067953
2026-06-18 19:54:39 | Epoch 1 - Batch 1114 - Loss 0.074063
2026-06-18 19:54:39 | Epoch 1 - Batch 1115 - Loss 0.071500
2026-06-18 19:54:39 | Epoch 1 - Batch 1116 - Loss 0.074031
2026-06-18 19:54:40 | Epoch 1 - Batch 1117 - Loss 0.073522
2026-06-18 19:54:40 | Epoch 1 - Batch 1118 - Loss 0.073667
2026-06-18 19:54:40 | Epoch 1 - Batch 1119 - Loss 0.071169
2026-06-18 19:54:40 | Epoch 1 - Batch 1120 - Loss 0.070553
2026-06-18 19:54:40 | Epoch 1 - Batch 1121 - Loss 0.072383
2026-06-18 19:54:40 | Epoch 1 - Batch 1122 - Loss 0.071118
2026-06-18 19:54:40 | Epoch 1 - Batch 1123 - Loss 0.074212
2026-06-18 19:54:40 | Epoch 1 - Batch 1124 - Loss 0.069815
2026-06-18 19:54:40 | Epoch 1 - Batch 1125 - Loss 0.069366
2026-06-18 19:54:40 | Epoch 1 - Batch 1126 - Loss 0.070526
2026-06-18 19:54:40 | Epoch 1 - Batch 1127 - Loss 0.072937
2026-06-18 19:54:40 | Epoch 1 - Batch 1128 - Loss 0.069439
2026-06-18 19:54:40 | Epoch 1 - Batch 1129 - Loss 0.070863
2026-06-18 19:54:40 | Epoch 1 - Batch 1130 - Loss 0.071860
2026-06-18 19:54:40 | Epoch 1 - Batch 1131 - Loss 0.074002
2026-06-18 19:54:40 | Epoch 1 - Batch 1132 - Loss 0.072309
2026-06-18 19:54:40 | Epoch 1 - Batch 1133 - Loss 0.073635
2026-06-18 19:54:40 | Epoch 1 - Batch 1134 - Loss 0.071042
2026-06-18 19:54:40 | Epoch 1 - Batch 1135 - Loss 0.075343
2026-06-18 19:54:40 | Epoch 1 - Batch 1136 - Loss 0.072215
2026-06-18 19:54:40 | Epoch 1 - Batch 1137 - Loss 0.072214
2026-06-18 19:54:40 | Epoch 1 - Batch 1138 - Loss 0.071899
2026-06-18 19:54:40 | Epoch 1 - Batch 1139 - Loss 0.071901
2026-06-18 19:54:40 | Epoch 1 - Batch 1140 - Loss 0.070841
2026-06-18 19:54:40 | Epoch 1 - Batch 1141 - Loss 0.072542
2026-06-18 19:54:40 | Epoch 1 - Batch 1142 - Loss 0.068294
2026-06-18 19:54:40 | Epoch 1 - Batch 1143 - Loss 0.070229
2026-06-18 19:54:40 | Epoch 1 - Batch 1144 - Loss 0.072298
2026-06-18 19:54:40 | Epoch 1 - Batch 1145 - Loss 0.070224
2026-06-18 19:54:40 | Epoch 1 - Batch 1146 - Loss 0.072670
2026-06-18 19:54:41 | Epoch 1 - Batch 1147 - Loss 0.070098
2026-06-18 19:54:41 | Epoch 1 - Batch 1148 - Loss 0.071105
2026-06-18 19:54:41 | Epoch 1 - Batch 1149 - Loss 0.068898
2026-06-18 19:54:41 | Epoch 1 - Batch 1150 - Loss 0.075726
2026-06-18 19:54:51 | Epoch 1 finished in 49.62 sec | train 0.075726 S=1 | valid 0.076107 S=1 | valid_S1 0.076107 valid_S10 0.367998 valid_S2 0.116774 valid_S4 0.188639 valid_S8 0.313338 | lr 1.00e-04
2026-06-18 19:54:52 | Epoch 2 - Batch 0 - Loss 0.073451
2026-06-18 19:54:52 | Epoch 2 - Batch 1 - Loss 0.069496
2026-06-18 19:54:52 | Epoch 2 - Batch 2 - Loss 0.073526
2026-06-18 19:54:52 | Epoch 2 - Batch 3 - Loss 0.072221
2026-06-18 19:54:52 | Epoch 2 - Batch 4 - Loss 0.068916
2026-06-18 19:54:52 | Epoch 2 - Batch 5 - Loss 0.070965
2026-06-18 19:54:52 | Epoch 2 - Batch 6 - Loss 0.071569
2026-06-18 19:54:52 | Epoch 2 - Batch 7 - Loss 0.071722
2026-06-18 19:54:52 | Epoch 2 - Batch 8 - Loss 0.070663
2026-06-18 19:54:52 | Epoch 2 - Batch 9 - Loss 0.072583
2026-06-18 19:54:52 | Epoch 2 - Batch 10 - Loss 0.071227
2026-06-18 19:54:52 | Epoch 2 - Batch 11 - Loss 0.069453
2026-06-18 19:54:52 | Epoch 2 - Batch 12 - Loss 0.071902
2026-06-18 19:54:52 | Epoch 2 - Batch 13 - Loss 0.071561
2026-06-18 19:54:52 | Epoch 2 - Batch 14 - Loss 0.071422
2026-06-18 19:54:52 | Epoch 2 - Batch 15 - Loss 0.071548
2026-06-18 19:54:52 | Epoch 2 - Batch 16 - Loss 0.071169
2026-06-18 19:54:52 | Epoch 2 - Batch 17 - Loss 0.072952
2026-06-18 19:54:52 | Epoch 2 - Batch 18 - Loss 0.070670
2026-06-18 19:54:52 | Epoch 2 - Batch 19 - Loss 0.071696
2026-06-18 19:54:52 | Epoch 2 - Batch 20 - Loss 0.072138
2026-06-18 19:54:52 | Epoch 2 - Batch 21 - Loss 0.072806
2026-06-18 19:54:52 | Epoch 2 - Batch 22 - Loss 0.070200
2026-06-18 19:54:52 | Epoch 2 - Batch 23 - Loss 0.071307
2026-06-18 19:54:53 | Epoch 2 - Batch 24 - Loss 0.070062
2026-06-18 19:54:53 | Epoch 2 - Batch 25 - Loss 0.069694
2026-06-18 19:54:53 | Epoch 2 - Batch 26 - Loss 0.072445
2026-06-18 19:54:53 | Epoch 2 - Batch 27 - Loss 0.070797
2026-06-18 19:54:53 | Epoch 2 - Batch 28 - Loss 0.072253
2026-06-18 19:54:53 | Epoch 2 - Batch 29 - Loss 0.069012
2026-06-18 19:54:53 | Epoch 2 - Batch 30 - Loss 0.069717
2026-06-18 19:54:53 | Epoch 2 - Batch 31 - Loss 0.073231
2026-06-18 19:54:53 | Epoch 2 - Batch 32 - Loss 0.070134
2026-06-18 19:54:53 | Epoch 2 - Batch 33 - Loss 0.069798
2026-06-18 19:54:53 | Epoch 2 - Batch 34 - Loss 0.071243
2026-06-18 19:54:53 | Epoch 2 - Batch 35 - Loss 0.069328
2026-06-18 19:54:53 | Epoch 2 - Batch 36 - Loss 0.070318
2026-06-18 19:54:53 | Epoch 2 - Batch 37 - Loss 0.070374
2026-06-18 19:54:53 | Epoch 2 - Batch 38 - Loss 0.073968
2026-06-18 19:54:53 | Epoch 2 - Batch 39 - Loss 0.072526
2026-06-18 19:54:53 | Epoch 2 - Batch 40 - Loss 0.070192
2026-06-18 19:54:53 | Epoch 2 - Batch 41 - Loss 0.069276
2026-06-18 19:54:53 | Epoch 2 - Batch 42 - Loss 0.071689
2026-06-18 19:54:53 | Epoch 2 - Batch 43 - Loss 0.069665
2026-06-18 19:54:53 | Epoch 2 - Batch 44 - Loss 0.068214
2026-06-18 19:54:53 | Epoch 2 - Batch 45 - Loss 0.068912
2026-06-18 19:54:53 | Epoch 2 - Batch 46 - Loss 0.072084
2026-06-18 19:54:53 | Epoch 2 - Batch 47 - Loss 0.071546
2026-06-18 19:54:53 | Epoch 2 - Batch 48 - Loss 0.071168
2026-06-18 19:54:53 | Epoch 2 - Batch 49 - Loss 0.069567
2026-06-18 19:54:53 | Epoch 2 - Batch 50 - Loss 0.068451
2026-06-18 19:54:53 | Epoch 2 - Batch 51 - Loss 0.068735
2026-06-18 19:54:53 | Epoch 2 - Batch 52 - Loss 0.067790
2026-06-18 19:54:53 | Epoch 2 - Batch 53 - Loss 0.070339
2026-06-18 19:54:54 | Epoch 2 - Batch 54 - Loss 0.070701
2026-06-18 19:54:54 | Epoch 2 - Batch 55 - Loss 0.071673
2026-06-18 19:54:54 | Epoch 2 - Batch 56 - Loss 0.069163
2026-06-18 19:54:54 | Epoch 2 - Batch 57 - Loss 0.071528
2026-06-18 19:54:54 | Epoch 2 - Batch 58 - Loss 0.070202
2026-06-18 19:54:54 | Epoch 2 - Batch 59 - Loss 0.070046
2026-06-18 19:54:54 | Epoch 2 - Batch 60 - Loss 0.070970
2026-06-18 19:54:54 | Epoch 2 - Batch 61 - Loss 0.069911
2026-06-18 19:54:54 | Epoch 2 - Batch 62 - Loss 0.071789
2026-06-18 19:54:54 | Epoch 2 - Batch 63 - Loss 0.066627
2026-06-18 19:54:54 | Epoch 2 - Batch 64 - Loss 0.072186
2026-06-18 19:54:54 | Epoch 2 - Batch 65 - Loss 0.066019
2026-06-18 19:54:54 | Epoch 2 - Batch 66 - Loss 0.072522
2026-06-18 19:54:54 | Epoch 2 - Batch 67 - Loss 0.071427
2026-06-18 19:54:54 | Epoch 2 - Batch 68 - Loss 0.071730
2026-06-18 19:54:54 | Epoch 2 - Batch 69 - Loss 0.070765
2026-06-18 19:54:54 | Epoch 2 - Batch 70 - Loss 0.070150
2026-06-18 19:54:54 | Epoch 2 - Batch 71 - Loss 0.069741
2026-06-18 19:54:54 | Epoch 2 - Batch 72 - Loss 0.068745
2026-06-18 19:54:54 | Epoch 2 - Batch 73 - Loss 0.072528
2026-06-18 19:54:54 | Epoch 2 - Batch 74 - Loss 0.068748
2026-06-18 19:54:54 | Epoch 2 - Batch 75 - Loss 0.070757
2026-06-18 19:54:54 | Epoch 2 - Batch 76 - Loss 0.071793
2026-06-18 19:54:54 | Epoch 2 - Batch 77 - Loss 0.070166
2026-06-18 19:54:54 | Epoch 2 - Batch 78 - Loss 0.072345
2026-06-18 19:54:54 | Epoch 2 - Batch 79 - Loss 0.071667
2026-06-18 19:54:54 | Epoch 2 - Batch 80 - Loss 0.067811
2026-06-18 19:54:54 | Epoch 2 - Batch 81 - Loss 0.070020
2026-06-18 19:54:54 | Epoch 2 - Batch 82 - Loss 0.068989
2026-06-18 19:54:54 | Epoch 2 - Batch 83 - Loss 0.068510
2026-06-18 19:54:55 | Epoch 2 - Batch 84 - Loss 0.071200
2026-06-18 19:54:55 | Epoch 2 - Batch 85 - Loss 0.071118
2026-06-18 19:54:55 | Epoch 2 - Batch 86 - Loss 0.071665
2026-06-18 19:54:55 | Epoch 2 - Batch 87 - Loss 0.069208
2026-06-18 19:54:55 | Epoch 2 - Batch 88 - Loss 0.071554
2026-06-18 19:54:55 | Epoch 2 - Batch 89 - Loss 0.066926
2026-06-18 19:54:55 | Epoch 2 - Batch 90 - Loss 0.066406
2026-06-18 19:54:55 | Epoch 2 - Batch 91 - Loss 0.067197
2026-06-18 19:54:55 | Epoch 2 - Batch 92 - Loss 0.067778
2026-06-18 19:54:55 | Epoch 2 - Batch 93 - Loss 0.070801
2026-06-18 19:54:55 | Epoch 2 - Batch 94 - Loss 0.070222
2026-06-18 19:54:55 | Epoch 2 - Batch 95 - Loss 0.066328
2026-06-18 19:54:55 | Epoch 2 - Batch 96 - Loss 0.069926
2026-06-18 19:54:55 | Epoch 2 - Batch 97 - Loss 0.068531
2026-06-18 19:54:55 | Epoch 2 - Batch 98 - Loss 0.070577
2026-06-18 19:54:55 | Epoch 2 - Batch 99 - Loss 0.069914
2026-06-18 19:54:55 | Epoch 2 - Batch 100 - Loss 0.071449
2026-06-18 19:54:55 | Epoch 2 - Batch 101 - Loss 0.070893
2026-06-18 19:54:55 | Epoch 2 - Batch 102 - Loss 0.069752
2026-06-18 19:54:55 | Epoch 2 - Batch 103 - Loss 0.069095
2026-06-18 19:54:55 | Epoch 2 - Batch 104 - Loss 0.071176
2026-06-18 19:54:55 | Epoch 2 - Batch 105 - Loss 0.073106
2026-06-18 19:54:55 | Epoch 2 - Batch 106 - Loss 0.069076
2026-06-18 19:54:55 | Epoch 2 - Batch 107 - Loss 0.069394
2026-06-18 19:54:55 | Epoch 2 - Batch 108 - Loss 0.068973
2026-06-18 19:54:55 | Epoch 2 - Batch 109 - Loss 0.067017
2026-06-18 19:54:55 | Epoch 2 - Batch 110 - Loss 0.071316
2026-06-18 19:54:55 | Epoch 2 - Batch 111 - Loss 0.071496
2026-06-18 19:54:55 | Epoch 2 - Batch 112 - Loss 0.069203
2026-06-18 19:54:55 | Epoch 2 - Batch 113 - Loss 0.067209
2026-06-18 19:54:55 | Epoch 2 - Batch 114 - Loss 0.068496
2026-06-18 19:54:56 | Epoch 2 - Batch 115 - Loss 0.069574
2026-06-18 19:54:56 | Epoch 2 - Batch 116 - Loss 0.071154
2026-06-18 19:54:56 | Epoch 2 - Batch 117 - Loss 0.073194
2026-06-18 19:54:56 | Epoch 2 - Batch 118 - Loss 0.069103
2026-06-18 19:54:56 | Epoch 2 - Batch 119 - Loss 0.070085
2026-06-18 19:54:56 | Epoch 2 - Batch 120 - Loss 0.071194
2026-06-18 19:54:56 | Epoch 2 - Batch 121 - Loss 0.071624
2026-06-18 19:54:56 | Epoch 2 - Batch 122 - Loss 0.069593
2026-06-18 19:54:56 | Epoch 2 - Batch 123 - Loss 0.069848
2026-06-18 19:54:56 | Epoch 2 - Batch 124 - Loss 0.068273
2026-06-18 19:54:56 | Epoch 2 - Batch 125 - Loss 0.070956
2026-06-18 19:54:56 | Epoch 2 - Batch 126 - Loss 0.064407
2026-06-18 19:54:56 | Epoch 2 - Batch 127 - Loss 0.072592
2026-06-18 19:54:56 | Epoch 2 - Batch 128 - Loss 0.068531
2026-06-18 19:54:56 | Epoch 2 - Batch 129 - Loss 0.070038
2026-06-18 19:54:56 | Epoch 2 - Batch 130 - Loss 0.071716
2026-06-18 19:54:56 | Epoch 2 - Batch 131 - Loss 0.069882
2026-06-18 19:54:56 | Epoch 2 - Batch 132 - Loss 0.073358
2026-06-18 19:54:56 | Epoch 2 - Batch 133 - Loss 0.069636
2026-06-18 19:54:56 | Epoch 2 - Batch 134 - Loss 0.070651
2026-06-18 19:54:56 | Epoch 2 - Batch 135 - Loss 0.071683
2026-06-18 19:54:56 | Epoch 2 - Batch 136 - Loss 0.073024
2026-06-18 19:54:56 | Epoch 2 - Batch 137 - Loss 0.069248
2026-06-18 19:54:56 | Epoch 2 - Batch 138 - Loss 0.071040
2026-06-18 19:54:56 | Epoch 2 - Batch 139 - Loss 0.069368
2026-06-18 19:54:56 | Epoch 2 - Batch 140 - Loss 0.064470
2026-06-18 19:54:56 | Epoch 2 - Batch 141 - Loss 0.070625
2026-06-18 19:54:56 | Epoch 2 - Batch 142 - Loss 0.069690
2026-06-18 19:54:56 | Epoch 2 - Batch 143 - Loss 0.067435
2026-06-18 19:54:56 | Epoch 2 - Batch 144 - Loss 0.069710
2026-06-18 19:54:57 | Epoch 2 - Batch 145 - Loss 0.070208
2026-06-18 19:54:57 | Epoch 2 - Batch 146 - Loss 0.068989
2026-06-18 19:54:57 | Epoch 2 - Batch 147 - Loss 0.067974
2026-06-18 19:54:57 | Epoch 2 - Batch 148 - Loss 0.066573
2026-06-18 19:54:57 | Epoch 2 - Batch 149 - Loss 0.068360
2026-06-18 19:54:57 | Epoch 2 - Batch 150 - Loss 0.065769
2026-06-18 19:54:57 | Epoch 2 - Batch 151 - Loss 0.069141
2026-06-18 19:54:57 | Epoch 2 - Batch 152 - Loss 0.071816
2026-06-18 19:54:57 | Epoch 2 - Batch 153 - Loss 0.070023
2026-06-18 19:54:57 | Epoch 2 - Batch 154 - Loss 0.069067
2026-06-18 19:54:57 | Epoch 2 - Batch 155 - Loss 0.070079
2026-06-18 19:54:57 | Epoch 2 - Batch 156 - Loss 0.065340
2026-06-18 19:54:57 | Epoch 2 - Batch 157 - Loss 0.070647
2026-06-18 19:54:57 | Epoch 2 - Batch 158 - Loss 0.067596
2026-06-18 19:54:57 | Epoch 2 - Batch 159 - Loss 0.068582
2026-06-18 19:54:57 | Epoch 2 - Batch 160 - Loss 0.070196
2026-06-18 19:54:57 | Epoch 2 - Batch 161 - Loss 0.065612
2026-06-18 19:54:57 | Epoch 2 - Batch 162 - Loss 0.070059
2026-06-18 19:54:57 | Epoch 2 - Batch 163 - Loss 0.070475
2026-06-18 19:54:57 | Epoch 2 - Batch 164 - Loss 0.068448
2026-06-18 19:54:57 | Epoch 2 - Batch 165 - Loss 0.067055
2026-06-18 19:54:57 | Epoch 2 - Batch 166 - Loss 0.068785
2026-06-18 19:54:57 | Epoch 2 - Batch 167 - Loss 0.068531
2026-06-18 19:54:57 | Epoch 2 - Batch 168 - Loss 0.067208
2026-06-18 19:54:57 | Epoch 2 - Batch 169 - Loss 0.068847
2026-06-18 19:54:57 | Epoch 2 - Batch 170 - Loss 0.067565
2026-06-18 19:54:57 | Epoch 2 - Batch 171 - Loss 0.067023
2026-06-18 19:54:57 | Epoch 2 - Batch 172 - Loss 0.069285
2026-06-18 19:54:57 | Epoch 2 - Batch 173 - Loss 0.068568
2026-06-18 19:54:57 | Epoch 2 - Batch 174 - Loss 0.067655
2026-06-18 19:54:58 | Epoch 2 - Batch 175 - Loss 0.072220
2026-06-18 19:54:58 | Epoch 2 - Batch 176 - Loss 0.065799
2026-06-18 19:54:58 | Epoch 2 - Batch 177 - Loss 0.069109
2026-06-18 19:54:58 | Epoch 2 - Batch 178 - Loss 0.069609
2026-06-18 19:54:58 | Epoch 2 - Batch 179 - Loss 0.067584
2026-06-18 19:54:58 | Epoch 2 - Batch 180 - Loss 0.069872
2026-06-18 19:54:58 | Epoch 2 - Batch 181 - Loss 0.069489
2026-06-18 19:54:58 | Epoch 2 - Batch 182 - Loss 0.067428
2026-06-18 19:54:58 | Epoch 2 - Batch 183 - Loss 0.068436
2026-06-18 19:54:58 | Epoch 2 - Batch 184 - Loss 0.067477
2026-06-18 19:54:58 | Epoch 2 - Batch 185 - Loss 0.068808
2026-06-18 19:54:58 | Epoch 2 - Batch 186 - Loss 0.068123
2026-06-18 19:54:58 | Epoch 2 - Batch 187 - Loss 0.067710
2026-06-18 19:54:58 | Epoch 2 - Batch 188 - Loss 0.066441
2026-06-18 19:54:58 | Epoch 2 - Batch 189 - Loss 0.066348
2026-06-18 19:54:58 | Epoch 2 - Batch 190 - Loss 0.071294
2026-06-18 19:54:58 | Epoch 2 - Batch 191 - Loss 0.067965
2026-06-18 19:54:58 | Epoch 2 - Batch 192 - Loss 0.067765
2026-06-18 19:54:58 | Epoch 2 - Batch 193 - Loss 0.068431
2026-06-18 19:54:58 | Epoch 2 - Batch 194 - Loss 0.066886
2026-06-18 19:54:58 | Epoch 2 - Batch 195 - Loss 0.068454
2026-06-18 19:54:58 | Epoch 2 - Batch 196 - Loss 0.068129
2026-06-18 19:54:58 | Epoch 2 - Batch 197 - Loss 0.066164
2026-06-18 19:54:58 | Epoch 2 - Batch 198 - Loss 0.070356
2026-06-18 19:54:58 | Epoch 2 - Batch 199 - Loss 0.070227
2026-06-18 19:54:58 | Epoch 2 - Batch 200 - Loss 0.068056
2026-06-18 19:54:58 | Epoch 2 - Batch 201 - Loss 0.067174
2026-06-18 19:54:58 | Epoch 2 - Batch 202 - Loss 0.068529
2026-06-18 19:54:58 | Epoch 2 - Batch 203 - Loss 0.068243
2026-06-18 19:54:58 | Epoch 2 - Batch 204 - Loss 0.072062
2026-06-18 19:54:59 | Epoch 2 - Batch 205 - Loss 0.068440
2026-06-18 19:54:59 | Epoch 2 - Batch 206 - Loss 0.070436
2026-06-18 19:54:59 | Epoch 2 - Batch 207 - Loss 0.066425
2026-06-18 19:54:59 | Epoch 2 - Batch 208 - Loss 0.069686
2026-06-18 19:54:59 | Epoch 2 - Batch 209 - Loss 0.069131
2026-06-18 19:54:59 | Epoch 2 - Batch 210 - Loss 0.069574
2026-06-18 19:54:59 | Epoch 2 - Batch 211 - Loss 0.067734
2026-06-18 19:54:59 | Epoch 2 - Batch 212 - Loss 0.067702
2026-06-18 19:54:59 | Epoch 2 - Batch 213 - Loss 0.065874
2026-06-18 19:54:59 | Epoch 2 - Batch 214 - Loss 0.068577
2026-06-18 19:54:59 | Epoch 2 - Batch 215 - Loss 0.070369
2026-06-18 19:54:59 | Epoch 2 - Batch 216 - Loss 0.069643
2026-06-18 19:54:59 | Epoch 2 - Batch 217 - Loss 0.067494
2026-06-18 19:54:59 | Epoch 2 - Batch 218 - Loss 0.066233
2026-06-18 19:54:59 | Epoch 2 - Batch 219 - Loss 0.067029
2026-06-18 19:54:59 | Epoch 2 - Batch 220 - Loss 0.067632
2026-06-18 19:54:59 | Epoch 2 - Batch 221 - Loss 0.067273
2026-06-18 19:54:59 | Epoch 2 - Batch 222 - Loss 0.067158
2026-06-18 19:54:59 | Epoch 2 - Batch 223 - Loss 0.067686
2026-06-18 19:54:59 | Epoch 2 - Batch 224 - Loss 0.066979
2026-06-18 19:54:59 | Epoch 2 - Batch 225 - Loss 0.067760
2026-06-18 19:54:59 | Epoch 2 - Batch 226 - Loss 0.066355
2026-06-18 19:54:59 | Epoch 2 - Batch 227 - Loss 0.066563
2026-06-18 19:54:59 | Epoch 2 - Batch 228 - Loss 0.069067
2026-06-18 19:54:59 | Epoch 2 - Batch 229 - Loss 0.067674
2026-06-18 19:54:59 | Epoch 2 - Batch 230 - Loss 0.067997
2026-06-18 19:54:59 | Epoch 2 - Batch 231 - Loss 0.067024
2026-06-18 19:54:59 | Epoch 2 - Batch 232 - Loss 0.066011
2026-06-18 19:54:59 | Epoch 2 - Batch 233 - Loss 0.069805
2026-06-18 19:54:59 | Epoch 2 - Batch 234 - Loss 0.066952
2026-06-18 19:55:00 | Epoch 2 - Batch 235 - Loss 0.066522
2026-06-18 19:55:00 | Epoch 2 - Batch 236 - Loss 0.067096
2026-06-18 19:55:00 | Epoch 2 - Batch 237 - Loss 0.067530
2026-06-18 19:55:00 | Epoch 2 - Batch 238 - Loss 0.066957
2026-06-18 19:55:00 | Epoch 2 - Batch 239 - Loss 0.066868
2026-06-18 19:55:00 | Epoch 2 - Batch 240 - Loss 0.069480
2026-06-18 19:55:00 | Epoch 2 - Batch 241 - Loss 0.069301
2026-06-18 19:55:00 | Epoch 2 - Batch 242 - Loss 0.065792
2026-06-18 19:55:00 | Epoch 2 - Batch 243 - Loss 0.064822
2026-06-18 19:55:00 | Epoch 2 - Batch 244 - Loss 0.070426
2026-06-18 19:55:00 | Epoch 2 - Batch 245 - Loss 0.068863
2026-06-18 19:55:00 | Epoch 2 - Batch 246 - Loss 0.068747
2026-06-18 19:55:00 | Epoch 2 - Batch 247 - Loss 0.066843
2026-06-18 19:55:00 | Epoch 2 - Batch 248 - Loss 0.067094
2026-06-18 19:55:00 | Epoch 2 - Batch 249 - Loss 0.066336
2026-06-18 19:55:00 | Epoch 2 - Batch 250 - Loss 0.066873
2026-06-18 19:55:00 | Epoch 2 - Batch 251 - Loss 0.068418
2026-06-18 19:55:00 | Epoch 2 - Batch 252 - Loss 0.067633
2026-06-18 19:55:00 | Epoch 2 - Batch 253 - Loss 0.066632
2026-06-18 19:55:00 | Epoch 2 - Batch 254 - Loss 0.069850
2026-06-18 19:55:00 | Epoch 2 - Batch 255 - Loss 0.068434
2026-06-18 19:55:00 | Epoch 2 - Batch 256 - Loss 0.067403
2026-06-18 19:55:00 | Epoch 2 - Batch 257 - Loss 0.066732
2026-06-18 19:55:00 | Epoch 2 - Batch 258 - Loss 0.064701
2026-06-18 19:55:00 | Epoch 2 - Batch 259 - Loss 0.068160
2026-06-18 19:55:00 | Epoch 2 - Batch 260 - Loss 0.068863
2026-06-18 19:55:00 | Epoch 2 - Batch 261 - Loss 0.069207
2026-06-18 19:55:00 | Epoch 2 - Batch 262 - Loss 0.070283
2026-06-18 19:55:00 | Epoch 2 - Batch 263 - Loss 0.063860
2026-06-18 19:55:00 | Epoch 2 - Batch 264 - Loss 0.067238
2026-06-18 19:55:01 | Epoch 2 - Batch 265 - Loss 0.067930
2026-06-18 19:55:01 | Epoch 2 - Batch 266 - Loss 0.066887
2026-06-18 19:55:01 | Epoch 2 - Batch 267 - Loss 0.068323
2026-06-18 19:55:01 | Epoch 2 - Batch 268 - Loss 0.067164
2026-06-18 19:55:01 | Epoch 2 - Batch 269 - Loss 0.069212
2026-06-18 19:55:01 | Epoch 2 - Batch 270 - Loss 0.069611
2026-06-18 19:55:01 | Epoch 2 - Batch 271 - Loss 0.067599
2026-06-18 19:55:01 | Epoch 2 - Batch 272 - Loss 0.065622
2026-06-18 19:55:01 | Epoch 2 - Batch 273 - Loss 0.068121
2026-06-18 19:55:01 | Epoch 2 - Batch 274 - Loss 0.064437
2026-06-18 19:55:01 | Epoch 2 - Batch 275 - Loss 0.069517
2026-06-18 19:55:01 | Epoch 2 - Batch 276 - Loss 0.068256
2026-06-18 19:55:01 | Epoch 2 - Batch 277 - Loss 0.064881
2026-06-18 19:55:01 | Epoch 2 - Batch 278 - Loss 0.066216
2026-06-18 19:55:01 | Epoch 2 - Batch 279 - Loss 0.067169
2026-06-18 19:55:01 | Epoch 2 - Batch 280 - Loss 0.069538
2026-06-18 19:55:01 | Epoch 2 - Batch 281 - Loss 0.063849
2026-06-18 19:55:01 | Epoch 2 - Batch 282 - Loss 0.066741
2026-06-18 19:55:01 | Epoch 2 - Batch 283 - Loss 0.069383
2026-06-18 19:55:01 | Epoch 2 - Batch 284 - Loss 0.064014
2026-06-18 19:55:01 | Epoch 2 - Batch 285 - Loss 0.066978
2026-06-18 19:55:01 | Epoch 2 - Batch 286 - Loss 0.065701
2026-06-18 19:55:01 | Epoch 2 - Batch 287 - Loss 0.066726
2026-06-18 19:55:01 | Epoch 2 - Batch 288 - Loss 0.068501
2026-06-18 19:55:01 | Epoch 2 - Batch 289 - Loss 0.069152
2026-06-18 19:55:01 | Epoch 2 - Batch 290 - Loss 0.069497
2026-06-18 19:55:01 | Epoch 2 - Batch 291 - Loss 0.066201
2026-06-18 19:55:01 | Epoch 2 - Batch 292 - Loss 0.064672
2026-06-18 19:55:01 | Epoch 2 - Batch 293 - Loss 0.066432
2026-06-18 19:55:01 | Epoch 2 - Batch 294 - Loss 0.069988
2026-06-18 19:55:01 | Epoch 2 - Batch 295 - Loss 0.066050
2026-06-18 19:55:02 | Epoch 2 - Batch 296 - Loss 0.067394
2026-06-18 19:55:02 | Epoch 2 - Batch 297 - Loss 0.067159
2026-06-18 19:55:02 | Epoch 2 - Batch 298 - Loss 0.067079
2026-06-18 19:55:02 | Epoch 2 - Batch 299 - Loss 0.064433
2026-06-18 19:55:02 | Epoch 2 - Batch 300 - Loss 0.066444
2026-06-18 19:55:02 | Epoch 2 - Batch 301 - Loss 0.068303
2026-06-18 19:55:02 | Epoch 2 - Batch 302 - Loss 0.065079
2026-06-18 19:55:02 | Epoch 2 - Batch 303 - Loss 0.065793
2026-06-18 19:55:02 | Epoch 2 - Batch 304 - Loss 0.066662
2026-06-18 19:55:02 | Epoch 2 - Batch 305 - Loss 0.068728
2026-06-18 19:55:02 | Epoch 2 - Batch 306 - Loss 0.069651
2026-06-18 19:55:02 | Epoch 2 - Batch 307 - Loss 0.065839
2026-06-18 19:55:02 | Epoch 2 - Batch 308 - Loss 0.068560
2026-06-18 19:55:02 | Epoch 2 - Batch 309 - Loss 0.066249
2026-06-18 19:55:02 | Epoch 2 - Batch 310 - Loss 0.067790
2026-06-18 19:55:02 | Epoch 2 - Batch 311 - Loss 0.066902
2026-06-18 19:55:02 | Epoch 2 - Batch 312 - Loss 0.067049
2026-06-18 19:55:02 | Epoch 2 - Batch 313 - Loss 0.066892
2026-06-18 19:55:02 | Epoch 2 - Batch 314 - Loss 0.067852
2026-06-18 19:55:02 | Epoch 2 - Batch 315 - Loss 0.067680
2026-06-18 19:55:02 | Epoch 2 - Batch 316 - Loss 0.069167
2026-06-18 19:55:02 | Epoch 2 - Batch 317 - Loss 0.068235
2026-06-18 19:55:02 | Epoch 2 - Batch 318 - Loss 0.067795
2026-06-18 19:55:02 | Epoch 2 - Batch 319 - Loss 0.065956
2026-06-18 19:55:02 | Epoch 2 - Batch 320 - Loss 0.070408
2026-06-18 19:55:02 | Epoch 2 - Batch 321 - Loss 0.068988
2026-06-18 19:55:02 | Epoch 2 - Batch 322 - Loss 0.064904
2026-06-18 19:55:02 | Epoch 2 - Batch 323 - Loss 0.065408
2026-06-18 19:55:02 | Epoch 2 - Batch 324 - Loss 0.064005
2026-06-18 19:55:02 | Epoch 2 - Batch 325 - Loss 0.068562
2026-06-18 19:55:03 | Epoch 2 - Batch 326 - Loss 0.067653
2026-06-18 19:55:03 | Epoch 2 - Batch 327 - Loss 0.065946
2026-06-18 19:55:03 | Epoch 2 - Batch 328 - Loss 0.065538
2026-06-18 19:55:03 | Epoch 2 - Batch 329 - Loss 0.066674
2026-06-18 19:55:03 | Epoch 2 - Batch 330 - Loss 0.066397
2026-06-18 19:55:03 | Epoch 2 - Batch 331 - Loss 0.065676
2026-06-18 19:55:03 | Epoch 2 - Batch 332 - Loss 0.066128
2026-06-18 19:55:03 | Epoch 2 - Batch 333 - Loss 0.065392
2026-06-18 19:55:03 | Epoch 2 - Batch 334 - Loss 0.065301
2026-06-18 19:55:03 | Epoch 2 - Batch 335 - Loss 0.072034
2026-06-18 19:55:03 | Epoch 2 - Batch 336 - Loss 0.064944
2026-06-18 19:55:03 | Epoch 2 - Batch 337 - Loss 0.067414
2026-06-18 19:55:03 | Epoch 2 - Batch 338 - Loss 0.067821
2026-06-18 19:55:03 | Epoch 2 - Batch 339 - Loss 0.067930
2026-06-18 19:55:03 | Epoch 2 - Batch 340 - Loss 0.065845
2026-06-18 19:55:03 | Epoch 2 - Batch 341 - Loss 0.066585
2026-06-18 19:55:03 | Epoch 2 - Batch 342 - Loss 0.066256
2026-06-18 19:55:03 | Epoch 2 - Batch 343 - Loss 0.068351
2026-06-18 19:55:03 | Epoch 2 - Batch 344 - Loss 0.065564
2026-06-18 19:55:03 | Epoch 2 - Batch 345 - Loss 0.066672
2026-06-18 19:55:03 | Epoch 2 - Batch 346 - Loss 0.067308
2026-06-18 19:55:03 | Epoch 2 - Batch 347 - Loss 0.067079
2026-06-18 19:55:03 | Epoch 2 - Batch 348 - Loss 0.066884
2026-06-18 19:55:03 | Epoch 2 - Batch 349 - Loss 0.064655
2026-06-18 19:55:03 | Epoch 2 - Batch 350 - Loss 0.066093
2026-06-18 19:55:03 | Epoch 2 - Batch 351 - Loss 0.065280
2026-06-18 19:55:03 | Epoch 2 - Batch 352 - Loss 0.066668
2026-06-18 19:55:03 | Epoch 2 - Batch 353 - Loss 0.067245
2026-06-18 19:55:03 | Epoch 2 - Batch 354 - Loss 0.067981
2026-06-18 19:55:03 | Epoch 2 - Batch 355 - Loss 0.064736
2026-06-18 19:55:04 | Epoch 2 - Batch 356 - Loss 0.068657
2026-06-18 19:55:04 | Epoch 2 - Batch 357 - Loss 0.065032
2026-06-18 19:55:04 | Epoch 2 - Batch 358 - Loss 0.067244
2026-06-18 19:55:04 | Epoch 2 - Batch 359 - Loss 0.068302
2026-06-18 19:55:04 | Epoch 2 - Batch 360 - Loss 0.067958
2026-06-18 19:55:04 | Epoch 2 - Batch 361 - Loss 0.063917
2026-06-18 19:55:04 | Epoch 2 - Batch 362 - Loss 0.070012
2026-06-18 19:55:04 | Epoch 2 - Batch 363 - Loss 0.067462
2026-06-18 19:55:04 | Epoch 2 - Batch 364 - Loss 0.066227
2026-06-18 19:55:04 | Epoch 2 - Batch 365 - Loss 0.065360
2026-06-18 19:55:04 | Epoch 2 - Batch 366 - Loss 0.064990
2026-06-18 19:55:04 | Epoch 2 - Batch 367 - Loss 0.064099
2026-06-18 19:55:04 | Epoch 2 - Batch 368 - Loss 0.066666
2026-06-18 19:55:04 | Epoch 2 - Batch 369 - Loss 0.064303
2026-06-18 19:55:04 | Epoch 2 - Batch 370 - Loss 0.066145
2026-06-18 19:55:04 | Epoch 2 - Batch 371 - Loss 0.064798
2026-06-18 19:55:04 | Epoch 2 - Batch 372 - Loss 0.066472
2026-06-18 19:55:04 | Epoch 2 - Batch 373 - Loss 0.067164
2026-06-18 19:55:04 | Epoch 2 - Batch 374 - Loss 0.065492
2026-06-18 19:55:04 | Epoch 2 - Batch 375 - Loss 0.064745
2026-06-18 19:55:04 | Epoch 2 - Batch 376 - Loss 0.066035
2026-06-18 19:55:04 | Epoch 2 - Batch 377 - Loss 0.064393
2026-06-18 19:55:04 | Epoch 2 - Batch 378 - Loss 0.066571
2026-06-18 19:55:04 | Epoch 2 - Batch 379 - Loss 0.066579
2026-06-18 19:55:04 | Epoch 2 - Batch 380 - Loss 0.065286
2026-06-18 19:55:04 | Epoch 2 - Batch 381 - Loss 0.068008
2026-06-18 19:55:04 | Epoch 2 - Batch 382 - Loss 0.066446
2026-06-18 19:55:04 | Epoch 2 - Batch 383 - Loss 0.063369
2026-06-18 19:55:04 | Epoch 2 - Batch 384 - Loss 0.067807
2026-06-18 19:55:04 | Epoch 2 - Batch 385 - Loss 0.068652
2026-06-18 19:55:05 | Epoch 2 - Batch 386 - Loss 0.064636
2026-06-18 19:55:05 | Epoch 2 - Batch 387 - Loss 0.065850
2026-06-18 19:55:05 | Epoch 2 - Batch 388 - Loss 0.064614
2026-06-18 19:55:05 | Epoch 2 - Batch 389 - Loss 0.067304
2026-06-18 19:55:05 | Epoch 2 - Batch 390 - Loss 0.065425
2026-06-18 19:55:05 | Epoch 2 - Batch 391 - Loss 0.065456
2026-06-18 19:55:05 | Epoch 2 - Batch 392 - Loss 0.064700
2026-06-18 19:55:05 | Epoch 2 - Batch 393 - Loss 0.067459
2026-06-18 19:55:05 | Epoch 2 - Batch 394 - Loss 0.066686
2026-06-18 19:55:05 | Epoch 2 - Batch 395 - Loss 0.065064
2026-06-18 19:55:05 | Epoch 2 - Batch 396 - Loss 0.065360
2026-06-18 19:55:05 | Epoch 2 - Batch 397 - Loss 0.068379
2026-06-18 19:55:05 | Epoch 2 - Batch 398 - Loss 0.068673
2026-06-18 19:55:05 | Epoch 2 - Batch 399 - Loss 0.066795
2026-06-18 19:55:05 | Epoch 2 - Batch 400 - Loss 0.064803
2026-06-18 19:55:05 | Epoch 2 - Batch 401 - Loss 0.064518
2026-06-18 19:55:05 | Epoch 2 - Batch 402 - Loss 0.064277
2026-06-18 19:55:05 | Epoch 2 - Batch 403 - Loss 0.065971
2026-06-18 19:55:05 | Epoch 2 - Batch 404 - Loss 0.064365
2026-06-18 19:55:05 | Epoch 2 - Batch 405 - Loss 0.068789
2026-06-18 19:55:05 | Epoch 2 - Batch 406 - Loss 0.063670
2026-06-18 19:55:05 | Epoch 2 - Batch 407 - Loss 0.068000
2026-06-18 19:55:05 | Epoch 2 - Batch 408 - Loss 0.063306
2026-06-18 19:55:05 | Epoch 2 - Batch 409 - Loss 0.066753
2026-06-18 19:55:05 | Epoch 2 - Batch 410 - Loss 0.066232
2026-06-18 19:55:05 | Epoch 2 - Batch 411 - Loss 0.064215
2026-06-18 19:55:05 | Epoch 2 - Batch 412 - Loss 0.065362
2026-06-18 19:55:05 | Epoch 2 - Batch 413 - Loss 0.065322
2026-06-18 19:55:05 | Epoch 2 - Batch 414 - Loss 0.064470
2026-06-18 19:55:05 | Epoch 2 - Batch 415 - Loss 0.064897
2026-06-18 19:55:06 | Epoch 2 - Batch 416 - Loss 0.066422
2026-06-18 19:55:06 | Epoch 2 - Batch 417 - Loss 0.066539
2026-06-18 19:55:06 | Epoch 2 - Batch 418 - Loss 0.063003
2026-06-18 19:55:06 | Epoch 2 - Batch 419 - Loss 0.069082
2026-06-18 19:55:06 | Epoch 2 - Batch 420 - Loss 0.066170
2026-06-18 19:55:06 | Epoch 2 - Batch 421 - Loss 0.065827
2026-06-18 19:55:06 | Epoch 2 - Batch 422 - Loss 0.066616
2026-06-18 19:55:06 | Epoch 2 - Batch 423 - Loss 0.065043
2026-06-18 19:55:06 | Epoch 2 - Batch 424 - Loss 0.065944
2026-06-18 19:55:06 | Epoch 2 - Batch 425 - Loss 0.066734
2026-06-18 19:55:06 | Epoch 2 - Batch 426 - Loss 0.065753
2026-06-18 19:55:06 | Epoch 2 - Batch 427 - Loss 0.066675
2026-06-18 19:55:06 | Epoch 2 - Batch 428 - Loss 0.065100
2026-06-18 19:55:06 | Epoch 2 - Batch 429 - Loss 0.070159
2026-06-18 19:55:06 | Epoch 2 - Batch 430 - Loss 0.064599
2026-06-18 19:55:06 | Epoch 2 - Batch 431 - Loss 0.066276
2026-06-18 19:55:06 | Epoch 2 - Batch 432 - Loss 0.065305
2026-06-18 19:55:06 | Epoch 2 - Batch 433 - Loss 0.066959
2026-06-18 19:55:06 | Epoch 2 - Batch 434 - Loss 0.065135
2026-06-18 19:55:06 | Epoch 2 - Batch 435 - Loss 0.063324
2026-06-18 19:55:06 | Epoch 2 - Batch 436 - Loss 0.063503
2026-06-18 19:55:06 | Epoch 2 - Batch 437 - Loss 0.062693
2026-06-18 19:55:06 | Epoch 2 - Batch 438 - Loss 0.062443
2026-06-18 19:55:06 | Epoch 2 - Batch 439 - Loss 0.065102
2026-06-18 19:55:06 | Epoch 2 - Batch 440 - Loss 0.061659
2026-06-18 19:55:06 | Epoch 2 - Batch 441 - Loss 0.063410
2026-06-18 19:55:06 | Epoch 2 - Batch 442 - Loss 0.062682
2026-06-18 19:55:06 | Epoch 2 - Batch 443 - Loss 0.066063
2026-06-18 19:55:06 | Epoch 2 - Batch 444 - Loss 0.061182
2026-06-18 19:55:06 | Epoch 2 - Batch 445 - Loss 0.063903
2026-06-18 19:55:07 | Epoch 2 - Batch 446 - Loss 0.063274
2026-06-18 19:55:07 | Epoch 2 - Batch 447 - Loss 0.064206
2026-06-18 19:55:07 | Epoch 2 - Batch 448 - Loss 0.067854
2026-06-18 19:55:07 | Epoch 2 - Batch 449 - Loss 0.065173
2026-06-18 19:55:07 | Epoch 2 - Batch 450 - Loss 0.064021
2026-06-18 19:55:07 | Epoch 2 - Batch 451 - Loss 0.065825
2026-06-18 19:55:07 | Epoch 2 - Batch 452 - Loss 0.067598
2026-06-18 19:55:07 | Epoch 2 - Batch 453 - Loss 0.064096
2026-06-18 19:55:07 | Epoch 2 - Batch 454 - Loss 0.062880
2026-06-18 19:55:07 | Epoch 2 - Batch 455 - Loss 0.063298
2026-06-18 19:55:07 | Epoch 2 - Batch 456 - Loss 0.065154
2026-06-18 19:55:07 | Epoch 2 - Batch 457 - Loss 0.067692
2026-06-18 19:55:07 | Epoch 2 - Batch 458 - Loss 0.063602
2026-06-18 19:55:07 | Epoch 2 - Batch 459 - Loss 0.063284
2026-06-18 19:55:07 | Epoch 2 - Batch 460 - Loss 0.066601
2026-06-18 19:55:07 | Epoch 2 - Batch 461 - Loss 0.066700
2026-06-18 19:55:07 | Epoch 2 - Batch 462 - Loss 0.064150
2026-06-18 19:55:07 | Epoch 2 - Batch 463 - Loss 0.066627
2026-06-18 19:55:07 | Epoch 2 - Batch 464 - Loss 0.062976
2026-06-18 19:55:07 | Epoch 2 - Batch 465 - Loss 0.063534
2026-06-18 19:55:07 | Epoch 2 - Batch 466 - Loss 0.066426
2026-06-18 19:55:07 | Epoch 2 - Batch 467 - Loss 0.069304
2026-06-18 19:55:07 | Epoch 2 - Batch 468 - Loss 0.066425
2026-06-18 19:55:07 | Epoch 2 - Batch 469 - Loss 0.063223
2026-06-18 19:55:07 | Epoch 2 - Batch 470 - Loss 0.061017
2026-06-18 19:55:07 | Epoch 2 - Batch 471 - Loss 0.062130
2026-06-18 19:55:07 | Epoch 2 - Batch 472 - Loss 0.065688
2026-06-18 19:55:07 | Epoch 2 - Batch 473 - Loss 0.064529
2026-06-18 19:55:07 | Epoch 2 - Batch 474 - Loss 0.066540
2026-06-18 19:55:07 | Epoch 2 - Batch 475 - Loss 0.066839
2026-06-18 19:55:07 | Epoch 2 - Batch 476 - Loss 0.062357
2026-06-18 19:55:08 | Epoch 2 - Batch 477 - Loss 0.065481
2026-06-18 19:55:08 | Epoch 2 - Batch 478 - Loss 0.066233
2026-06-18 19:55:08 | Epoch 2 - Batch 479 - Loss 0.063805
2026-06-18 19:55:08 | Epoch 2 - Batch 480 - Loss 0.063573
2026-06-18 19:55:08 | Epoch 2 - Batch 481 - Loss 0.064188
2026-06-18 19:55:08 | Epoch 2 - Batch 482 - Loss 0.063960
2026-06-18 19:55:08 | Epoch 2 - Batch 483 - Loss 0.063802
2026-06-18 19:55:08 | Epoch 2 - Batch 484 - Loss 0.063328
2026-06-18 19:55:08 | Epoch 2 - Batch 485 - Loss 0.064218
2026-06-18 19:55:08 | Epoch 2 - Batch 486 - Loss 0.065734
2026-06-18 19:55:08 | Epoch 2 - Batch 487 - Loss 0.065096
2026-06-18 19:55:08 | Epoch 2 - Batch 488 - Loss 0.066224
2026-06-18 19:55:08 | Epoch 2 - Batch 489 - Loss 0.064993
2026-06-18 19:55:08 | Epoch 2 - Batch 490 - Loss 0.066059
2026-06-18 19:55:08 | Epoch 2 - Batch 491 - Loss 0.064610
2026-06-18 19:55:08 | Epoch 2 - Batch 492 - Loss 0.064386
2026-06-18 19:55:08 | Epoch 2 - Batch 493 - Loss 0.063949
2026-06-18 19:55:08 | Epoch 2 - Batch 494 - Loss 0.065536
2026-06-18 19:55:08 | Epoch 2 - Batch 495 - Loss 0.061412
2026-06-18 19:55:08 | Epoch 2 - Batch 496 - Loss 0.064926
2026-06-18 19:55:08 | Epoch 2 - Batch 497 - Loss 0.065209
2026-06-18 19:55:08 | Epoch 2 - Batch 498 - Loss 0.066756
2026-06-18 19:55:08 | Epoch 2 - Batch 499 - Loss 0.066149
2026-06-18 19:55:08 | Epoch 2 - Batch 500 - Loss 0.062842
2026-06-18 19:55:08 | Epoch 2 - Batch 501 - Loss 0.069028
2026-06-18 19:55:08 | Epoch 2 - Batch 502 - Loss 0.063099
2026-06-18 19:55:08 | Epoch 2 - Batch 503 - Loss 0.063178
2026-06-18 19:55:08 | Epoch 2 - Batch 504 - Loss 0.062882
2026-06-18 19:55:08 | Epoch 2 - Batch 505 - Loss 0.066528
2026-06-18 19:55:08 | Epoch 2 - Batch 506 - Loss 0.066612
2026-06-18 19:55:09 | Epoch 2 - Batch 507 - Loss 0.064915
2026-06-18 19:55:09 | Epoch 2 - Batch 508 - Loss 0.064155
2026-06-18 19:55:09 | Epoch 2 - Batch 509 - Loss 0.064671
2026-06-18 19:55:09 | Epoch 2 - Batch 510 - Loss 0.062455
2026-06-18 19:55:09 | Epoch 2 - Batch 511 - Loss 0.064369
2026-06-18 19:55:09 | Epoch 2 - Batch 512 - Loss 0.063861
2026-06-18 19:55:09 | Epoch 2 - Batch 513 - Loss 0.066349
2026-06-18 19:55:09 | Epoch 2 - Batch 514 - Loss 0.065599
2026-06-18 19:55:09 | Epoch 2 - Batch 515 - Loss 0.062722
2026-06-18 19:55:09 | Epoch 2 - Batch 516 - Loss 0.068703
2026-06-18 19:55:09 | Epoch 2 - Batch 517 - Loss 0.063099
2026-06-18 19:55:09 | Epoch 2 - Batch 518 - Loss 0.065019
2026-06-18 19:55:09 | Epoch 2 - Batch 519 - Loss 0.062871
2026-06-18 19:55:09 | Epoch 2 - Batch 520 - Loss 0.065637
2026-06-18 19:55:09 | Epoch 2 - Batch 521 - Loss 0.064865
2026-06-18 19:55:09 | Epoch 2 - Batch 522 - Loss 0.062707
2026-06-18 19:55:09 | Epoch 2 - Batch 523 - Loss 0.064950
2026-06-18 19:55:09 | Epoch 2 - Batch 524 - Loss 0.063853
2026-06-18 19:55:09 | Epoch 2 - Batch 525 - Loss 0.061668
2026-06-18 19:55:09 | Epoch 2 - Batch 526 - Loss 0.066152
2026-06-18 19:55:09 | Epoch 2 - Batch 527 - Loss 0.063528
2026-06-18 19:55:09 | Epoch 2 - Batch 528 - Loss 0.066137
2026-06-18 19:55:09 | Epoch 2 - Batch 529 - Loss 0.062820
2026-06-18 19:55:09 | Epoch 2 - Batch 530 - Loss 0.064250
2026-06-18 19:55:09 | Epoch 2 - Batch 531 - Loss 0.062465
2026-06-18 19:55:09 | Epoch 2 - Batch 532 - Loss 0.063314
2026-06-18 19:55:09 | Epoch 2 - Batch 533 - Loss 0.063706
2026-06-18 19:55:09 | Epoch 2 - Batch 534 - Loss 0.064740
2026-06-18 19:55:09 | Epoch 2 - Batch 535 - Loss 0.069713
2026-06-18 19:55:09 | Epoch 2 - Batch 536 - Loss 0.062860
2026-06-18 19:55:10 | Epoch 2 - Batch 537 - Loss 0.066447
2026-06-18 19:55:10 | Epoch 2 - Batch 538 - Loss 0.063168
2026-06-18 19:55:10 | Epoch 2 - Batch 539 - Loss 0.067102
2026-06-18 19:55:10 | Epoch 2 - Batch 540 - Loss 0.064859
2026-06-18 19:55:10 | Epoch 2 - Batch 541 - Loss 0.063859
2026-06-18 19:55:10 | Epoch 2 - Batch 542 - Loss 0.066126
2026-06-18 19:55:10 | Epoch 2 - Batch 543 - Loss 0.061823
2026-06-18 19:55:10 | Epoch 2 - Batch 544 - Loss 0.063603
2026-06-18 19:55:10 | Epoch 2 - Batch 545 - Loss 0.062685
2026-06-18 19:55:10 | Epoch 2 - Batch 546 - Loss 0.063251
2026-06-18 19:55:10 | Epoch 2 - Batch 547 - Loss 0.063476
2026-06-18 19:55:10 | Epoch 2 - Batch 548 - Loss 0.067605
2026-06-18 19:55:10 | Epoch 2 - Batch 549 - Loss 0.064210
2026-06-18 19:55:10 | Epoch 2 - Batch 550 - Loss 0.062640
2026-06-18 19:55:10 | Epoch 2 - Batch 551 - Loss 0.064107
2026-06-18 19:55:10 | Epoch 2 - Batch 552 - Loss 0.065313
2026-06-18 19:55:10 | Epoch 2 - Batch 553 - Loss 0.066116
2026-06-18 19:55:10 | Epoch 2 - Batch 554 - Loss 0.064462
2026-06-18 19:55:10 | Epoch 2 - Batch 555 - Loss 0.065747
2026-06-18 19:55:10 | Epoch 2 - Batch 556 - Loss 0.066799
2026-06-18 19:55:10 | Epoch 2 - Batch 557 - Loss 0.064633
2026-06-18 19:55:10 | Epoch 2 - Batch 558 - Loss 0.064675
2026-06-18 19:55:10 | Epoch 2 - Batch 559 - Loss 0.065184
2026-06-18 19:55:10 | Epoch 2 - Batch 560 - Loss 0.063091
2026-06-18 19:55:10 | Epoch 2 - Batch 561 - Loss 0.063108
2026-06-18 19:55:10 | Epoch 2 - Batch 562 - Loss 0.064563
2026-06-18 19:55:10 | Epoch 2 - Batch 563 - Loss 0.062125
2026-06-18 19:55:10 | Epoch 2 - Batch 564 - Loss 0.061184
2026-06-18 19:55:10 | Epoch 2 - Batch 565 - Loss 0.065603
2026-06-18 19:55:10 | Epoch 2 - Batch 566 - Loss 0.066180
2026-06-18 19:55:11 | Epoch 2 - Batch 567 - Loss 0.066133
2026-06-18 19:55:11 | Epoch 2 - Batch 568 - Loss 0.064590
2026-06-18 19:55:11 | Epoch 2 - Batch 569 - Loss 0.067116
2026-06-18 19:55:11 | Epoch 2 - Batch 570 - Loss 0.062554
2026-06-18 19:55:11 | Epoch 2 - Batch 571 - Loss 0.064408
2026-06-18 19:55:11 | Epoch 2 - Batch 572 - Loss 0.063544
2026-06-18 19:55:11 | Epoch 2 - Batch 573 - Loss 0.063063
2026-06-18 19:55:11 | Epoch 2 - Batch 574 - Loss 0.063876
2026-06-18 19:55:11 | Epoch 2 - Batch 575 - Loss 0.061917
2026-06-18 19:55:11 | Epoch 2 - Batch 576 - Loss 0.065455
2026-06-18 19:55:11 | Epoch 2 - Batch 577 - Loss 0.061603
2026-06-18 19:55:11 | Epoch 2 - Batch 578 - Loss 0.065665
2026-06-18 19:55:11 | Epoch 2 - Batch 579 - Loss 0.063595
2026-06-18 19:55:11 | Epoch 2 - Batch 580 - Loss 0.063650
2026-06-18 19:55:11 | Epoch 2 - Batch 581 - Loss 0.063878
2026-06-18 19:55:11 | Epoch 2 - Batch 582 - Loss 0.062598
2026-06-18 19:55:11 | Epoch 2 - Batch 583 - Loss 0.063703
2026-06-18 19:55:11 | Epoch 2 - Batch 584 - Loss 0.064371
2026-06-18 19:55:11 | Epoch 2 - Batch 585 - Loss 0.063986
2026-06-18 19:55:11 | Epoch 2 - Batch 586 - Loss 0.066041
2026-06-18 19:55:11 | Epoch 2 - Batch 587 - Loss 0.062583
2026-06-18 19:55:11 | Epoch 2 - Batch 588 - Loss 0.064434
2026-06-18 19:55:11 | Epoch 2 - Batch 589 - Loss 0.063625
2026-06-18 19:55:11 | Epoch 2 - Batch 590 - Loss 0.064179
2026-06-18 19:55:11 | Epoch 2 - Batch 591 - Loss 0.064072
2026-06-18 19:55:11 | Epoch 2 - Batch 592 - Loss 0.065646
2026-06-18 19:55:11 | Epoch 2 - Batch 593 - Loss 0.064681
2026-06-18 19:55:11 | Epoch 2 - Batch 594 - Loss 0.063179
2026-06-18 19:55:11 | Epoch 2 - Batch 595 - Loss 0.065826
2026-06-18 19:55:11 | Epoch 2 - Batch 596 - Loss 0.059150
2026-06-18 19:55:12 | Epoch 2 - Batch 597 - Loss 0.062797
2026-06-18 19:55:12 | Epoch 2 - Batch 598 - Loss 0.062567
2026-06-18 19:55:12 | Epoch 2 - Batch 599 - Loss 0.063784
2026-06-18 19:55:12 | Epoch 2 - Batch 600 - Loss 0.062346
2026-06-18 19:55:12 | Epoch 2 - Batch 601 - Loss 0.066168
2026-06-18 19:55:12 | Epoch 2 - Batch 602 - Loss 0.064104
2026-06-18 19:55:12 | Epoch 2 - Batch 603 - Loss 0.063804
2026-06-18 19:55:12 | Epoch 2 - Batch 604 - Loss 0.065384
2026-06-18 19:55:12 | Epoch 2 - Batch 605 - Loss 0.064011
2026-06-18 19:55:12 | Epoch 2 - Batch 606 - Loss 0.064152
2026-06-18 19:55:12 | Epoch 2 - Batch 607 - Loss 0.062380
2026-06-18 19:55:12 | Epoch 2 - Batch 608 - Loss 0.066598
2026-06-18 19:55:12 | Epoch 2 - Batch 609 - Loss 0.062494
2026-06-18 19:55:12 | Epoch 2 - Batch 610 - Loss 0.065752
2026-06-18 19:55:12 | Epoch 2 - Batch 611 - Loss 0.064629
2026-06-18 19:55:12 | Epoch 2 - Batch 612 - Loss 0.062722
2026-06-18 19:55:12 | Epoch 2 - Batch 613 - Loss 0.065048
2026-06-18 19:55:12 | Epoch 2 - Batch 614 - Loss 0.065417
2026-06-18 19:55:12 | Epoch 2 - Batch 615 - Loss 0.063810
2026-06-18 19:55:12 | Epoch 2 - Batch 616 - Loss 0.062140
2026-06-18 19:55:12 | Epoch 2 - Batch 617 - Loss 0.063777
2026-06-18 19:55:12 | Epoch 2 - Batch 618 - Loss 0.063761
2026-06-18 19:55:12 | Epoch 2 - Batch 619 - Loss 0.061841
2026-06-18 19:55:12 | Epoch 2 - Batch 620 - Loss 0.064657
2026-06-18 19:55:12 | Epoch 2 - Batch 621 - Loss 0.060830
2026-06-18 19:55:12 | Epoch 2 - Batch 622 - Loss 0.064216
2026-06-18 19:55:12 | Epoch 2 - Batch 623 - Loss 0.063452
2026-06-18 19:55:12 | Epoch 2 - Batch 624 - Loss 0.064811
2026-06-18 19:55:12 | Epoch 2 - Batch 625 - Loss 0.062931
2026-06-18 19:55:12 | Epoch 2 - Batch 626 - Loss 0.063281
2026-06-18 19:55:13 | Epoch 2 - Batch 627 - Loss 0.064496
2026-06-18 19:55:13 | Epoch 2 - Batch 628 - Loss 0.064487
2026-06-18 19:55:13 | Epoch 2 - Batch 629 - Loss 0.064763
2026-06-18 19:55:13 | Epoch 2 - Batch 630 - Loss 0.062888
2026-06-18 19:55:13 | Epoch 2 - Batch 631 - Loss 0.061567
2026-06-18 19:55:13 | Epoch 2 - Batch 632 - Loss 0.060100
2026-06-18 19:55:13 | Epoch 2 - Batch 633 - Loss 0.061141
2026-06-18 19:55:13 | Epoch 2 - Batch 634 - Loss 0.063806
2026-06-18 19:55:13 | Epoch 2 - Batch 635 - Loss 0.062558
2026-06-18 19:55:13 | Epoch 2 - Batch 636 - Loss 0.062165
2026-06-18 19:55:13 | Epoch 2 - Batch 637 - Loss 0.060558
2026-06-18 19:55:13 | Epoch 2 - Batch 638 - Loss 0.063410
2026-06-18 19:55:13 | Epoch 2 - Batch 639 - Loss 0.064124
2026-06-18 19:55:13 | Epoch 2 - Batch 640 - Loss 0.065580
2026-06-18 19:55:13 | Epoch 2 - Batch 641 - Loss 0.059921
2026-06-18 19:55:13 | Epoch 2 - Batch 642 - Loss 0.062307
2026-06-18 19:55:13 | Epoch 2 - Batch 643 - Loss 0.064401
2026-06-18 19:55:13 | Epoch 2 - Batch 644 - Loss 0.064807
2026-06-18 19:55:13 | Epoch 2 - Batch 645 - Loss 0.064390
2026-06-18 19:55:13 | Epoch 2 - Batch 646 - Loss 0.060745
2026-06-18 19:55:13 | Epoch 2 - Batch 647 - Loss 0.065451
2026-06-18 19:55:13 | Epoch 2 - Batch 648 - Loss 0.064156
2026-06-18 19:55:13 | Epoch 2 - Batch 649 - Loss 0.063469
2026-06-18 19:55:13 | Epoch 2 - Batch 650 - Loss 0.063778
2026-06-18 19:55:13 | Epoch 2 - Batch 651 - Loss 0.060740
2026-06-18 19:55:13 | Epoch 2 - Batch 652 - Loss 0.062360
2026-06-18 19:55:13 | Epoch 2 - Batch 653 - Loss 0.064085
2026-06-18 19:55:13 | Epoch 2 - Batch 654 - Loss 0.063220
2026-06-18 19:55:13 | Epoch 2 - Batch 655 - Loss 0.063537
2026-06-18 19:55:13 | Epoch 2 - Batch 656 - Loss 0.066514
2026-06-18 19:55:13 | Epoch 2 - Batch 657 - Loss 0.062744
2026-06-18 19:55:14 | Epoch 2 - Batch 658 - Loss 0.061474
2026-06-18 19:55:14 | Epoch 2 - Batch 659 - Loss 0.061678
2026-06-18 19:55:14 | Epoch 2 - Batch 660 - Loss 0.063330
2026-06-18 19:55:14 | Epoch 2 - Batch 661 - Loss 0.064493
2026-06-18 19:55:14 | Epoch 2 - Batch 662 - Loss 0.062209
2026-06-18 19:55:14 | Epoch 2 - Batch 663 - Loss 0.063857
2026-06-18 19:55:14 | Epoch 2 - Batch 664 - Loss 0.062799
2026-06-18 19:55:14 | Epoch 2 - Batch 665 - Loss 0.064172
2026-06-18 19:55:14 | Epoch 2 - Batch 666 - Loss 0.061857
2026-06-18 19:55:14 | Epoch 2 - Batch 667 - Loss 0.064404
2026-06-18 19:55:14 | Epoch 2 - Batch 668 - Loss 0.063148
2026-06-18 19:55:14 | Epoch 2 - Batch 669 - Loss 0.064927
2026-06-18 19:55:14 | Epoch 2 - Batch 670 - Loss 0.060849
2026-06-18 19:55:14 | Epoch 2 - Batch 671 - Loss 0.061531
2026-06-18 19:55:14 | Epoch 2 - Batch 672 - Loss 0.062240
2026-06-18 19:55:14 | Epoch 2 - Batch 673 - Loss 0.063338
2026-06-18 19:55:14 | Epoch 2 - Batch 674 - Loss 0.063979
2026-06-18 19:55:14 | Epoch 2 - Batch 675 - Loss 0.061602
2026-06-18 19:55:14 | Epoch 2 - Batch 676 - Loss 0.060308
2026-06-18 19:55:14 | Epoch 2 - Batch 677 - Loss 0.063613
2026-06-18 19:55:14 | Epoch 2 - Batch 678 - Loss 0.063797
2026-06-18 19:55:14 | Epoch 2 - Batch 679 - Loss 0.064070
2026-06-18 19:55:14 | Epoch 2 - Batch 680 - Loss 0.063611
2026-06-18 19:55:14 | Epoch 2 - Batch 681 - Loss 0.062572
2026-06-18 19:55:14 | Epoch 2 - Batch 682 - Loss 0.063213
2026-06-18 19:55:14 | Epoch 2 - Batch 683 - Loss 0.062795
2026-06-18 19:55:14 | Epoch 2 - Batch 684 - Loss 0.066506
2026-06-18 19:55:14 | Epoch 2 - Batch 685 - Loss 0.062333
2026-06-18 19:55:14 | Epoch 2 - Batch 686 - Loss 0.063335
2026-06-18 19:55:14 | Epoch 2 - Batch 687 - Loss 0.062752
2026-06-18 19:55:15 | Epoch 2 - Batch 688 - Loss 0.062264
2026-06-18 19:55:15 | Epoch 2 - Batch 689 - Loss 0.064853
2026-06-18 19:55:15 | Epoch 2 - Batch 690 - Loss 0.062662
2026-06-18 19:55:15 | Epoch 2 - Batch 691 - Loss 0.061141
2026-06-18 19:55:15 | Epoch 2 - Batch 692 - Loss 0.063200
2026-06-18 19:55:15 | Epoch 2 - Batch 693 - Loss 0.058656
2026-06-18 19:55:15 | Epoch 2 - Batch 694 - Loss 0.062529
2026-06-18 19:55:15 | Epoch 2 - Batch 695 - Loss 0.063062
2026-06-18 19:55:15 | Epoch 2 - Batch 696 - Loss 0.060275
2026-06-18 19:55:15 | Epoch 2 - Batch 697 - Loss 0.062510
2026-06-18 19:55:15 | Epoch 2 - Batch 698 - Loss 0.062374
2026-06-18 19:55:15 | Epoch 2 - Batch 699 - Loss 0.060756
2026-06-18 19:55:15 | Epoch 2 - Batch 700 - Loss 0.061549
2026-06-18 19:55:15 | Epoch 2 - Batch 701 - Loss 0.065593
2026-06-18 19:55:15 | Epoch 2 - Batch 702 - Loss 0.064629
2026-06-18 19:55:15 | Epoch 2 - Batch 703 - Loss 0.062757
2026-06-18 19:55:15 | Epoch 2 - Batch 704 - Loss 0.061732
2026-06-18 19:55:15 | Epoch 2 - Batch 705 - Loss 0.062246
2026-06-18 19:55:15 | Epoch 2 - Batch 706 - Loss 0.064424
2026-06-18 19:55:15 | Epoch 2 - Batch 707 - Loss 0.063716
2026-06-18 19:55:15 | Epoch 2 - Batch 708 - Loss 0.063761
2026-06-18 19:55:15 | Epoch 2 - Batch 709 - Loss 0.064317
2026-06-18 19:55:15 | Epoch 2 - Batch 710 - Loss 0.063884
2026-06-18 19:55:15 | Epoch 2 - Batch 711 - Loss 0.060105
2026-06-18 19:55:15 | Epoch 2 - Batch 712 - Loss 0.059795
2026-06-18 19:55:15 | Epoch 2 - Batch 713 - Loss 0.062085
2026-06-18 19:55:15 | Epoch 2 - Batch 714 - Loss 0.062120
2026-06-18 19:55:15 | Epoch 2 - Batch 715 - Loss 0.059782
2026-06-18 19:55:15 | Epoch 2 - Batch 716 - Loss 0.065046
2026-06-18 19:55:15 | Epoch 2 - Batch 717 - Loss 0.064173
2026-06-18 19:55:16 | Epoch 2 - Batch 718 - Loss 0.063066
2026-06-18 19:55:16 | Epoch 2 - Batch 719 - Loss 0.058295
2026-06-18 19:55:16 | Epoch 2 - Batch 720 - Loss 0.064339
2026-06-18 19:55:16 | Epoch 2 - Batch 721 - Loss 0.066362
2026-06-18 19:55:16 | Epoch 2 - Batch 722 - Loss 0.064921
2026-06-18 19:55:16 | Epoch 2 - Batch 723 - Loss 0.062046
2026-06-18 19:55:16 | Epoch 2 - Batch 724 - Loss 0.060804
2026-06-18 19:55:16 | Epoch 2 - Batch 725 - Loss 0.062104
2026-06-18 19:55:16 | Epoch 2 - Batch 726 - Loss 0.060630
2026-06-18 19:55:16 | Epoch 2 - Batch 727 - Loss 0.064814
2026-06-18 19:55:16 | Epoch 2 - Batch 728 - Loss 0.063792
2026-06-18 19:55:16 | Epoch 2 - Batch 729 - Loss 0.063571
2026-06-18 19:55:16 | Epoch 2 - Batch 730 - Loss 0.062312
2026-06-18 19:55:16 | Epoch 2 - Batch 731 - Loss 0.064104
2026-06-18 19:55:16 | Epoch 2 - Batch 732 - Loss 0.064234
2026-06-18 19:55:16 | Epoch 2 - Batch 733 - Loss 0.061842
2026-06-18 19:55:16 | Epoch 2 - Batch 734 - Loss 0.060892
2026-06-18 19:55:16 | Epoch 2 - Batch 735 - Loss 0.061941
2026-06-18 19:55:16 | Epoch 2 - Batch 736 - Loss 0.062327
2026-06-18 19:55:16 | Epoch 2 - Batch 737 - Loss 0.060920
2026-06-18 19:55:16 | Epoch 2 - Batch 738 - Loss 0.059527
2026-06-18 19:55:16 | Epoch 2 - Batch 739 - Loss 0.065015
2026-06-18 19:55:16 | Epoch 2 - Batch 740 - Loss 0.061684
2026-06-18 19:55:16 | Epoch 2 - Batch 741 - Loss 0.061007
2026-06-18 19:55:16 | Epoch 2 - Batch 742 - Loss 0.062486
2026-06-18 19:55:16 | Epoch 2 - Batch 743 - Loss 0.060847
2026-06-18 19:55:16 | Epoch 2 - Batch 744 - Loss 0.060955
2026-06-18 19:55:16 | Epoch 2 - Batch 745 - Loss 0.063116
2026-06-18 19:55:16 | Epoch 2 - Batch 746 - Loss 0.066590
2026-06-18 19:55:16 | Epoch 2 - Batch 747 - Loss 0.063308
2026-06-18 19:55:17 | Epoch 2 - Batch 748 - Loss 0.063039
2026-06-18 19:55:17 | Epoch 2 - Batch 749 - Loss 0.058901
2026-06-18 19:55:17 | Epoch 2 - Batch 750 - Loss 0.061471
2026-06-18 19:55:17 | Epoch 2 - Batch 751 - Loss 0.063086
2026-06-18 19:55:17 | Epoch 2 - Batch 752 - Loss 0.062815
2026-06-18 19:55:17 | Epoch 2 - Batch 753 - Loss 0.064117
2026-06-18 19:55:17 | Epoch 2 - Batch 754 - Loss 0.060976
2026-06-18 19:55:17 | Epoch 2 - Batch 755 - Loss 0.061200
2026-06-18 19:55:17 | Epoch 2 - Batch 756 - Loss 0.061310
2026-06-18 19:55:17 | Epoch 2 - Batch 757 - Loss 0.062994
2026-06-18 19:55:17 | Epoch 2 - Batch 758 - Loss 0.060812
2026-06-18 19:55:17 | Epoch 2 - Batch 759 - Loss 0.067585
2026-06-18 19:55:17 | Epoch 2 - Batch 760 - Loss 0.063164
2026-06-18 19:55:17 | Epoch 2 - Batch 761 - Loss 0.061583
2026-06-18 19:55:17 | Epoch 2 - Batch 762 - Loss 0.062093
2026-06-18 19:55:17 | Epoch 2 - Batch 763 - Loss 0.061698
2026-06-18 19:55:17 | Epoch 2 - Batch 764 - Loss 0.060487
2026-06-18 19:55:17 | Epoch 2 - Batch 765 - Loss 0.063855
2026-06-18 19:55:17 | Epoch 2 - Batch 766 - Loss 0.062859
2026-06-18 19:55:17 | Epoch 2 - Batch 767 - Loss 0.059934
2026-06-18 19:55:17 | Epoch 2 - Batch 768 - Loss 0.062666
2026-06-18 19:55:17 | Epoch 2 - Batch 769 - Loss 0.063856
2026-06-18 19:55:17 | Epoch 2 - Batch 770 - Loss 0.063811
2026-06-18 19:55:17 | Epoch 2 - Batch 771 - Loss 0.064878
2026-06-18 19:55:17 | Epoch 2 - Batch 772 - Loss 0.062949
2026-06-18 19:55:17 | Epoch 2 - Batch 773 - Loss 0.063475
2026-06-18 19:55:17 | Epoch 2 - Batch 774 - Loss 0.060253
2026-06-18 19:55:17 | Epoch 2 - Batch 775 - Loss 0.062619
2026-06-18 19:55:17 | Epoch 2 - Batch 776 - Loss 0.061862
2026-06-18 19:55:17 | Epoch 2 - Batch 777 - Loss 0.062533
2026-06-18 19:55:18 | Epoch 2 - Batch 778 - Loss 0.063232
2026-06-18 19:55:18 | Epoch 2 - Batch 779 - Loss 0.061338
2026-06-18 19:55:18 | Epoch 2 - Batch 780 - Loss 0.063156
2026-06-18 19:55:18 | Epoch 2 - Batch 781 - Loss 0.063603
2026-06-18 19:55:18 | Epoch 2 - Batch 782 - Loss 0.062231
2026-06-18 19:55:18 | Epoch 2 - Batch 783 - Loss 0.064053
2026-06-18 19:55:18 | Epoch 2 - Batch 784 - Loss 0.062452
2026-06-18 19:55:18 | Epoch 2 - Batch 785 - Loss 0.063306
2026-06-18 19:55:18 | Epoch 2 - Batch 786 - Loss 0.061343
2026-06-18 19:55:18 | Epoch 2 - Batch 787 - Loss 0.064298
2026-06-18 19:55:18 | Epoch 2 - Batch 788 - Loss 0.061604
2026-06-18 19:55:18 | Epoch 2 - Batch 789 - Loss 0.062210
2026-06-18 19:55:18 | Epoch 2 - Batch 790 - Loss 0.061742
2026-06-18 19:55:18 | Epoch 2 - Batch 791 - Loss 0.061118
2026-06-18 19:55:18 | Epoch 2 - Batch 792 - Loss 0.064047
2026-06-18 19:55:18 | Epoch 2 - Batch 793 - Loss 0.064553
2026-06-18 19:55:18 | Epoch 2 - Batch 794 - Loss 0.060982
2026-06-18 19:55:18 | Epoch 2 - Batch 795 - Loss 0.060857
2026-06-18 19:55:18 | Epoch 2 - Batch 796 - Loss 0.061840
2026-06-18 19:55:18 | Epoch 2 - Batch 797 - Loss 0.060503
2026-06-18 19:55:18 | Epoch 2 - Batch 798 - Loss 0.059272
2026-06-18 19:55:18 | Epoch 2 - Batch 799 - Loss 0.060989
2026-06-18 19:55:18 | Epoch 2 - Batch 800 - Loss 0.063344
2026-06-18 19:55:18 | Epoch 2 - Batch 801 - Loss 0.060558
2026-06-18 19:55:18 | Epoch 2 - Batch 802 - Loss 0.061683
2026-06-18 19:55:18 | Epoch 2 - Batch 803 - Loss 0.062663
2026-06-18 19:55:18 | Epoch 2 - Batch 804 - Loss 0.061876
2026-06-18 19:55:18 | Epoch 2 - Batch 805 - Loss 0.060637
2026-06-18 19:55:18 | Epoch 2 - Batch 806 - Loss 0.060149
2026-06-18 19:55:18 | Epoch 2 - Batch 807 - Loss 0.062824
2026-06-18 19:55:19 | Epoch 2 - Batch 808 - Loss 0.063296
2026-06-18 19:55:19 | Epoch 2 - Batch 809 - Loss 0.062703
2026-06-18 19:55:19 | Epoch 2 - Batch 810 - Loss 0.061711
2026-06-18 19:55:19 | Epoch 2 - Batch 811 - Loss 0.059932
2026-06-18 19:55:19 | Epoch 2 - Batch 812 - Loss 0.064331
2026-06-18 19:55:19 | Epoch 2 - Batch 813 - Loss 0.060186
2026-06-18 19:55:19 | Epoch 2 - Batch 814 - Loss 0.061640
2026-06-18 19:55:19 | Epoch 2 - Batch 815 - Loss 0.061646
2026-06-18 19:55:19 | Epoch 2 - Batch 816 - Loss 0.060310
2026-06-18 19:55:19 | Epoch 2 - Batch 817 - Loss 0.059569
2026-06-18 19:55:19 | Epoch 2 - Batch 818 - Loss 0.064266
2026-06-18 19:55:19 | Epoch 2 - Batch 819 - Loss 0.061908
2026-06-18 19:55:19 | Epoch 2 - Batch 820 - Loss 0.060052
2026-06-18 19:55:19 | Epoch 2 - Batch 821 - Loss 0.061561
2026-06-18 19:55:19 | Epoch 2 - Batch 822 - Loss 0.062075
2026-06-18 19:55:19 | Epoch 2 - Batch 823 - Loss 0.064877
2026-06-18 19:55:19 | Epoch 2 - Batch 824 - Loss 0.061633
2026-06-18 19:55:19 | Epoch 2 - Batch 825 - Loss 0.059740
2026-06-18 19:55:19 | Epoch 2 - Batch 826 - Loss 0.064671
2026-06-18 19:55:19 | Epoch 2 - Batch 827 - Loss 0.061594
2026-06-18 19:55:19 | Epoch 2 - Batch 828 - Loss 0.062759
2026-06-18 19:55:19 | Epoch 2 - Batch 829 - Loss 0.061391
2026-06-18 19:55:19 | Epoch 2 - Batch 830 - Loss 0.062338
2026-06-18 19:55:19 | Epoch 2 - Batch 831 - Loss 0.061701
2026-06-18 19:55:19 | Epoch 2 - Batch 832 - Loss 0.059260
2026-06-18 19:55:19 | Epoch 2 - Batch 833 - Loss 0.058347
2026-06-18 19:55:19 | Epoch 2 - Batch 834 - Loss 0.059271
2026-06-18 19:55:19 | Epoch 2 - Batch 835 - Loss 0.062358
2026-06-18 19:55:19 | Epoch 2 - Batch 836 - Loss 0.062178
2026-06-18 19:55:19 | Epoch 2 - Batch 837 - Loss 0.058884
2026-06-18 19:55:20 | Epoch 2 - Batch 838 - Loss 0.059446
2026-06-18 19:55:20 | Epoch 2 - Batch 839 - Loss 0.061996
2026-06-18 19:55:20 | Epoch 2 - Batch 840 - Loss 0.060593
2026-06-18 19:55:20 | Epoch 2 - Batch 841 - Loss 0.061876
2026-06-18 19:55:20 | Epoch 2 - Batch 842 - Loss 0.060542
2026-06-18 19:55:20 | Epoch 2 - Batch 843 - Loss 0.059579
2026-06-18 19:55:20 | Epoch 2 - Batch 844 - Loss 0.061572
2026-06-18 19:55:20 | Epoch 2 - Batch 845 - Loss 0.064185
2026-06-18 19:55:20 | Epoch 2 - Batch 846 - Loss 0.062435
2026-06-18 19:55:20 | Epoch 2 - Batch 847 - Loss 0.063507
2026-06-18 19:55:20 | Epoch 2 - Batch 848 - Loss 0.061483
2026-06-18 19:55:20 | Epoch 2 - Batch 849 - Loss 0.061206
2026-06-18 19:55:20 | Epoch 2 - Batch 850 - Loss 0.061639
2026-06-18 19:55:20 | Epoch 2 - Batch 851 - Loss 0.063793
2026-06-18 19:55:20 | Epoch 2 - Batch 852 - Loss 0.060209
2026-06-18 19:55:20 | Epoch 2 - Batch 853 - Loss 0.060427
2026-06-18 19:55:20 | Epoch 2 - Batch 854 - Loss 0.061239
2026-06-18 19:55:20 | Epoch 2 - Batch 855 - Loss 0.061574
2026-06-18 19:55:20 | Epoch 2 - Batch 856 - Loss 0.060283
2026-06-18 19:55:20 | Epoch 2 - Batch 857 - Loss 0.064176
2026-06-18 19:55:20 | Epoch 2 - Batch 858 - Loss 0.060143
2026-06-18 19:55:20 | Epoch 2 - Batch 859 - Loss 0.061949
2026-06-18 19:55:20 | Epoch 2 - Batch 860 - Loss 0.059962
2026-06-18 19:55:20 | Epoch 2 - Batch 861 - Loss 0.062795
2026-06-18 19:55:20 | Epoch 2 - Batch 862 - Loss 0.058280
2026-06-18 19:55:20 | Epoch 2 - Batch 863 - Loss 0.060492
2026-06-18 19:55:20 | Epoch 2 - Batch 864 - Loss 0.058987
2026-06-18 19:55:20 | Epoch 2 - Batch 865 - Loss 0.061519
2026-06-18 19:55:20 | Epoch 2 - Batch 866 - Loss 0.060153
2026-06-18 19:55:20 | Epoch 2 - Batch 867 - Loss 0.062466
2026-06-18 19:55:20 | Epoch 2 - Batch 868 - Loss 0.060872
2026-06-18 19:55:21 | Epoch 2 - Batch 869 - Loss 0.063260
2026-06-18 19:55:21 | Epoch 2 - Batch 870 - Loss 0.061895
2026-06-18 19:55:21 | Epoch 2 - Batch 871 - Loss 0.063800
2026-06-18 19:55:21 | Epoch 2 - Batch 872 - Loss 0.062098
2026-06-18 19:55:21 | Epoch 2 - Batch 873 - Loss 0.062442
2026-06-18 19:55:21 | Epoch 2 - Batch 874 - Loss 0.061534
2026-06-18 19:55:21 | Epoch 2 - Batch 875 - Loss 0.062038
2026-06-18 19:55:21 | Epoch 2 - Batch 876 - Loss 0.059326
2026-06-18 19:55:21 | Epoch 2 - Batch 877 - Loss 0.062782
2026-06-18 19:55:21 | Epoch 2 - Batch 878 - Loss 0.059459
2026-06-18 19:55:21 | Epoch 2 - Batch 879 - Loss 0.059706
2026-06-18 19:55:21 | Epoch 2 - Batch 880 - Loss 0.060931
2026-06-18 19:55:21 | Epoch 2 - Batch 881 - Loss 0.059030
2026-06-18 19:55:21 | Epoch 2 - Batch 882 - Loss 0.060561
2026-06-18 19:55:21 | Epoch 2 - Batch 883 - Loss 0.059255
2026-06-18 19:55:21 | Epoch 2 - Batch 884 - Loss 0.063542
2026-06-18 19:55:21 | Epoch 2 - Batch 885 - Loss 0.059733
2026-06-18 19:55:21 | Epoch 2 - Batch 886 - Loss 0.060772
2026-06-18 19:55:21 | Epoch 2 - Batch 887 - Loss 0.061612
2026-06-18 19:55:21 | Epoch 2 - Batch 888 - Loss 0.060056
2026-06-18 19:55:21 | Epoch 2 - Batch 889 - Loss 0.061107
2026-06-18 19:55:21 | Epoch 2 - Batch 890 - Loss 0.058532
2026-06-18 19:55:21 | Epoch 2 - Batch 891 - Loss 0.060050
2026-06-18 19:55:21 | Epoch 2 - Batch 892 - Loss 0.061296
2026-06-18 19:55:21 | Epoch 2 - Batch 893 - Loss 0.061314
2026-06-18 19:55:21 | Epoch 2 - Batch 894 - Loss 0.060447
2026-06-18 19:55:21 | Epoch 2 - Batch 895 - Loss 0.062317
2026-06-18 19:55:21 | Epoch 2 - Batch 896 - Loss 0.060576
2026-06-18 19:55:21 | Epoch 2 - Batch 897 - Loss 0.059234
2026-06-18 19:55:21 | Epoch 2 - Batch 898 - Loss 0.058623
2026-06-18 19:55:22 | Epoch 2 - Batch 899 - Loss 0.059621
2026-06-18 19:55:22 | Epoch 2 - Batch 900 - Loss 0.061157
2026-06-18 19:55:22 | Epoch 2 - Batch 901 - Loss 0.060692
2026-06-18 19:55:22 | Epoch 2 - Batch 902 - Loss 0.059253
2026-06-18 19:55:22 | Epoch 2 - Batch 903 - Loss 0.061825
2026-06-18 19:55:22 | Epoch 2 - Batch 904 - Loss 0.058693
2026-06-18 19:55:22 | Epoch 2 - Batch 905 - Loss 0.060856
2026-06-18 19:55:22 | Epoch 2 - Batch 906 - Loss 0.063237
2026-06-18 19:55:22 | Epoch 2 - Batch 907 - Loss 0.061600
2026-06-18 19:55:22 | Epoch 2 - Batch 908 - Loss 0.060900
2026-06-18 19:55:22 | Epoch 2 - Batch 909 - Loss 0.061439
2026-06-18 19:55:22 | Epoch 2 - Batch 910 - Loss 0.060797
2026-06-18 19:55:22 | Epoch 2 - Batch 911 - Loss 0.058367
2026-06-18 19:55:22 | Epoch 2 - Batch 912 - Loss 0.060078
2026-06-18 19:55:22 | Epoch 2 - Batch 913 - Loss 0.060989
2026-06-18 19:55:22 | Epoch 2 - Batch 914 - Loss 0.058786
2026-06-18 19:55:22 | Epoch 2 - Batch 915 - Loss 0.057746
2026-06-18 19:55:22 | Epoch 2 - Batch 916 - Loss 0.059982
2026-06-18 19:55:22 | Epoch 2 - Batch 917 - Loss 0.060203
2026-06-18 19:55:22 | Epoch 2 - Batch 918 - Loss 0.061105
2026-06-18 19:55:22 | Epoch 2 - Batch 919 - Loss 0.060230
2026-06-18 19:55:22 | Epoch 2 - Batch 920 - Loss 0.058646
2026-06-18 19:55:22 | Epoch 2 - Batch 921 - Loss 0.059455
2026-06-18 19:55:22 | Epoch 2 - Batch 922 - Loss 0.063494
2026-06-18 19:55:22 | Epoch 2 - Batch 923 - Loss 0.058722
2026-06-18 19:55:22 | Epoch 2 - Batch 924 - Loss 0.061032
2026-06-18 19:55:22 | Epoch 2 - Batch 925 - Loss 0.060186
2026-06-18 19:55:22 | Epoch 2 - Batch 926 - Loss 0.060673
2026-06-18 19:55:22 | Epoch 2 - Batch 927 - Loss 0.059828
2026-06-18 19:55:22 | Epoch 2 - Batch 928 - Loss 0.060069
2026-06-18 19:55:23 | Epoch 2 - Batch 929 - Loss 0.059726
2026-06-18 19:55:23 | Epoch 2 - Batch 930 - Loss 0.060746
2026-06-18 19:55:23 | Epoch 2 - Batch 931 - Loss 0.062416
2026-06-18 19:55:23 | Epoch 2 - Batch 932 - Loss 0.060859
2026-06-18 19:55:23 | Epoch 2 - Batch 933 - Loss 0.061481
2026-06-18 19:55:23 | Epoch 2 - Batch 934 - Loss 0.059224
2026-06-18 19:55:23 | Epoch 2 - Batch 935 - Loss 0.062809
2026-06-18 19:55:23 | Epoch 2 - Batch 936 - Loss 0.064092
2026-06-18 19:55:23 | Epoch 2 - Batch 937 - Loss 0.060176
2026-06-18 19:55:23 | Epoch 2 - Batch 938 - Loss 0.061685
2026-06-18 19:55:23 | Epoch 2 - Batch 939 - Loss 0.060907
2026-06-18 19:55:23 | Epoch 2 - Batch 940 - Loss 0.061768
2026-06-18 19:55:23 | Epoch 2 - Batch 941 - Loss 0.060653
2026-06-18 19:55:23 | Epoch 2 - Batch 942 - Loss 0.058120
2026-06-18 19:55:23 | Epoch 2 - Batch 943 - Loss 0.059568
2026-06-18 19:55:23 | Epoch 2 - Batch 944 - Loss 0.060469
2026-06-18 19:55:23 | Epoch 2 - Batch 945 - Loss 0.062391
2026-06-18 19:55:23 | Epoch 2 - Batch 946 - Loss 0.058373
2026-06-18 19:55:23 | Epoch 2 - Batch 947 - Loss 0.060748
2026-06-18 19:55:23 | Epoch 2 - Batch 948 - Loss 0.058496
2026-06-18 19:55:23 | Epoch 2 - Batch 949 - Loss 0.061431
2026-06-18 19:55:23 | Epoch 2 - Batch 950 - Loss 0.059729
2026-06-18 19:55:23 | Epoch 2 - Batch 951 - Loss 0.062368
2026-06-18 19:55:23 | Epoch 2 - Batch 952 - Loss 0.057197
2026-06-18 19:55:23 | Epoch 2 - Batch 953 - Loss 0.061602
2026-06-18 19:55:23 | Epoch 2 - Batch 954 - Loss 0.061843
2026-06-18 19:55:23 | Epoch 2 - Batch 955 - Loss 0.060489
2026-06-18 19:55:23 | Epoch 2 - Batch 956 - Loss 0.059887
2026-06-18 19:55:23 | Epoch 2 - Batch 957 - Loss 0.060925
2026-06-18 19:55:23 | Epoch 2 - Batch 958 - Loss 0.059077
2026-06-18 19:55:24 | Epoch 2 - Batch 959 - Loss 0.060510
2026-06-18 19:55:24 | Epoch 2 - Batch 960 - Loss 0.060328
2026-06-18 19:55:24 | Epoch 2 - Batch 961 - Loss 0.062555
2026-06-18 19:55:24 | Epoch 2 - Batch 962 - Loss 0.060724
2026-06-18 19:55:24 | Epoch 2 - Batch 963 - Loss 0.059360
2026-06-18 19:55:24 | Epoch 2 - Batch 964 - Loss 0.061170
2026-06-18 19:55:24 | Epoch 2 - Batch 965 - Loss 0.059476
2026-06-18 19:55:24 | Epoch 2 - Batch 966 - Loss 0.062163
2026-06-18 19:55:24 | Epoch 2 - Batch 967 - Loss 0.060530
2026-06-18 19:55:24 | Epoch 2 - Batch 968 - Loss 0.062845
2026-06-18 19:55:24 | Epoch 2 - Batch 969 - Loss 0.059766
2026-06-18 19:55:24 | Epoch 2 - Batch 970 - Loss 0.060439
2026-06-18 19:55:24 | Epoch 2 - Batch 971 - Loss 0.059556
2026-06-18 19:55:24 | Epoch 2 - Batch 972 - Loss 0.058382
2026-06-18 19:55:24 | Epoch 2 - Batch 973 - Loss 0.060743
2026-06-18 19:55:24 | Epoch 2 - Batch 974 - Loss 0.059034
2026-06-18 19:55:24 | Epoch 2 - Batch 975 - Loss 0.059596
2026-06-18 19:55:24 | Epoch 2 - Batch 976 - Loss 0.059403
2026-06-18 19:55:24 | Epoch 2 - Batch 977 - Loss 0.058307
2026-06-18 19:55:24 | Epoch 2 - Batch 978 - Loss 0.060604
2026-06-18 19:55:24 | Epoch 2 - Batch 979 - Loss 0.061376
2026-06-18 19:55:24 | Epoch 2 - Batch 980 - Loss 0.059852
2026-06-18 19:55:24 | Epoch 2 - Batch 981 - Loss 0.059152
2026-06-18 19:55:24 | Epoch 2 - Batch 982 - Loss 0.058697
2026-06-18 19:55:24 | Epoch 2 - Batch 983 - Loss 0.058854
2026-06-18 19:55:24 | Epoch 2 - Batch 984 - Loss 0.060145
2026-06-18 19:55:24 | Epoch 2 - Batch 985 - Loss 0.059128
2026-06-18 19:55:24 | Epoch 2 - Batch 986 - Loss 0.060328
2026-06-18 19:55:24 | Epoch 2 - Batch 987 - Loss 0.063560
2026-06-18 19:55:24 | Epoch 2 - Batch 988 - Loss 0.058232
2026-06-18 19:55:25 | Epoch 2 - Batch 989 - Loss 0.060248
2026-06-18 19:55:25 | Epoch 2 - Batch 990 - Loss 0.063534
2026-06-18 19:55:25 | Epoch 2 - Batch 991 - Loss 0.061397
2026-06-18 19:55:25 | Epoch 2 - Batch 992 - Loss 0.062670
2026-06-18 19:55:25 | Epoch 2 - Batch 993 - Loss 0.060931
2026-06-18 19:55:25 | Epoch 2 - Batch 994 - Loss 0.059733
2026-06-18 19:55:25 | Epoch 2 - Batch 995 - Loss 0.063387
2026-06-18 19:55:25 | Epoch 2 - Batch 996 - Loss 0.058773
2026-06-18 19:55:25 | Epoch 2 - Batch 997 - Loss 0.062095
2026-06-18 19:55:25 | Epoch 2 - Batch 998 - Loss 0.063201
2026-06-18 19:55:25 | Epoch 2 - Batch 999 - Loss 0.060296
2026-06-18 19:55:25 | Epoch 2 - Batch 1000 - Loss 0.061214
2026-06-18 19:55:25 | Epoch 2 - Batch 1001 - Loss 0.059418
2026-06-18 19:55:25 | Epoch 2 - Batch 1002 - Loss 0.060426
2026-06-18 19:55:25 | Epoch 2 - Batch 1003 - Loss 0.059923
2026-06-18 19:55:25 | Epoch 2 - Batch 1004 - Loss 0.058083
2026-06-18 19:55:25 | Epoch 2 - Batch 1005 - Loss 0.059729
2026-06-18 19:55:25 | Epoch 2 - Batch 1006 - Loss 0.060601
2026-06-18 19:55:25 | Epoch 2 - Batch 1007 - Loss 0.057370
2026-06-18 19:55:25 | Epoch 2 - Batch 1008 - Loss 0.060007
2026-06-18 19:55:25 | Epoch 2 - Batch 1009 - Loss 0.060342
2026-06-18 19:55:25 | Epoch 2 - Batch 1010 - Loss 0.060064
2026-06-18 19:55:25 | Epoch 2 - Batch 1011 - Loss 0.060381
2026-06-18 19:55:25 | Epoch 2 - Batch 1012 - Loss 0.062934
2026-06-18 19:55:25 | Epoch 2 - Batch 1013 - Loss 0.060306
2026-06-18 19:55:25 | Epoch 2 - Batch 1014 - Loss 0.060175
2026-06-18 19:55:25 | Epoch 2 - Batch 1015 - Loss 0.059827
2026-06-18 19:55:25 | Epoch 2 - Batch 1016 - Loss 0.057537
2026-06-18 19:55:25 | Epoch 2 - Batch 1017 - Loss 0.060885
2026-06-18 19:55:25 | Epoch 2 - Batch 1018 - Loss 0.060667
2026-06-18 19:55:26 | Epoch 2 - Batch 1019 - Loss 0.060335
2026-06-18 19:55:26 | Epoch 2 - Batch 1020 - Loss 0.059794
2026-06-18 19:55:26 | Epoch 2 - Batch 1021 - Loss 0.057272
2026-06-18 19:55:26 | Epoch 2 - Batch 1022 - Loss 0.061794
2026-06-18 19:55:26 | Epoch 2 - Batch 1023 - Loss 0.062774
2026-06-18 19:55:26 | Epoch 2 - Batch 1024 - Loss 0.058112
2026-06-18 19:55:26 | Epoch 2 - Batch 1025 - Loss 0.061100
2026-06-18 19:55:26 | Epoch 2 - Batch 1026 - Loss 0.057787
2026-06-18 19:55:26 | Epoch 2 - Batch 1027 - Loss 0.058634
2026-06-18 19:55:26 | Epoch 2 - Batch 1028 - Loss 0.058845
2026-06-18 19:55:26 | Epoch 2 - Batch 1029 - Loss 0.060266
2026-06-18 19:55:26 | Epoch 2 - Batch 1030 - Loss 0.062328
2026-06-18 19:55:26 | Epoch 2 - Batch 1031 - Loss 0.060121
2026-06-18 19:55:26 | Epoch 2 - Batch 1032 - Loss 0.061281
2026-06-18 19:55:26 | Epoch 2 - Batch 1033 - Loss 0.059824
2026-06-18 19:55:26 | Epoch 2 - Batch 1034 - Loss 0.062384
2026-06-18 19:55:26 | Epoch 2 - Batch 1035 - Loss 0.056761
2026-06-18 19:55:26 | Epoch 2 - Batch 1036 - Loss 0.058920
2026-06-18 19:55:26 | Epoch 2 - Batch 1037 - Loss 0.062067
2026-06-18 19:55:26 | Epoch 2 - Batch 1038 - Loss 0.062665
2026-06-18 19:55:26 | Epoch 2 - Batch 1039 - Loss 0.057808
2026-06-18 19:55:26 | Epoch 2 - Batch 1040 - Loss 0.060085
2026-06-18 19:55:26 | Epoch 2 - Batch 1041 - Loss 0.059467
2026-06-18 19:55:26 | Epoch 2 - Batch 1042 - Loss 0.059573
2026-06-18 19:55:26 | Epoch 2 - Batch 1043 - Loss 0.061503
2026-06-18 19:55:26 | Epoch 2 - Batch 1044 - Loss 0.059514
2026-06-18 19:55:26 | Epoch 2 - Batch 1045 - Loss 0.059396
2026-06-18 19:55:26 | Epoch 2 - Batch 1046 - Loss 0.058405
2026-06-18 19:55:26 | Epoch 2 - Batch 1047 - Loss 0.058345
2026-06-18 19:55:26 | Epoch 2 - Batch 1048 - Loss 0.062433
2026-06-18 19:55:27 | Epoch 2 - Batch 1049 - Loss 0.059310
2026-06-18 19:55:27 | Epoch 2 - Batch 1050 - Loss 0.056587
2026-06-18 19:55:27 | Epoch 2 - Batch 1051 - Loss 0.059523
2026-06-18 19:55:27 | Epoch 2 - Batch 1052 - Loss 0.058606
2026-06-18 19:55:27 | Epoch 2 - Batch 1053 - Loss 0.059481
2026-06-18 19:55:27 | Epoch 2 - Batch 1054 - Loss 0.058863
2026-06-18 19:55:27 | Epoch 2 - Batch 1055 - Loss 0.059950
2026-06-18 19:55:27 | Epoch 2 - Batch 1056 - Loss 0.059158
2026-06-18 19:55:27 | Epoch 2 - Batch 1057 - Loss 0.060890
2026-06-18 19:55:27 | Epoch 2 - Batch 1058 - Loss 0.057471
2026-06-18 19:55:27 | Epoch 2 - Batch 1059 - Loss 0.060001
2026-06-18 19:55:27 | Epoch 2 - Batch 1060 - Loss 0.061893
2026-06-18 19:55:27 | Epoch 2 - Batch 1061 - Loss 0.059927
2026-06-18 19:55:27 | Epoch 2 - Batch 1062 - Loss 0.060750
2026-06-18 19:55:27 | Epoch 2 - Batch 1063 - Loss 0.059766
2026-06-18 19:55:27 | Epoch 2 - Batch 1064 - Loss 0.060804
2026-06-18 19:55:27 | Epoch 2 - Batch 1065 - Loss 0.061870
2026-06-18 19:55:27 | Epoch 2 - Batch 1066 - Loss 0.061254
2026-06-18 19:55:27 | Epoch 2 - Batch 1067 - Loss 0.060172
2026-06-18 19:55:27 | Epoch 2 - Batch 1068 - Loss 0.060109
2026-06-18 19:55:27 | Epoch 2 - Batch 1069 - Loss 0.058061
2026-06-18 19:55:27 | Epoch 2 - Batch 1070 - Loss 0.059723
2026-06-18 19:55:27 | Epoch 2 - Batch 1071 - Loss 0.060602
2026-06-18 19:55:27 | Epoch 2 - Batch 1072 - Loss 0.060164
2026-06-18 19:55:27 | Epoch 2 - Batch 1073 - Loss 0.059437
2026-06-18 19:55:27 | Epoch 2 - Batch 1074 - Loss 0.057203
2026-06-18 19:55:27 | Epoch 2 - Batch 1075 - Loss 0.058975
2026-06-18 19:55:27 | Epoch 2 - Batch 1076 - Loss 0.059237
2026-06-18 19:55:27 | Epoch 2 - Batch 1077 - Loss 0.060082
2026-06-18 19:55:27 | Epoch 2 - Batch 1078 - Loss 0.057335
2026-06-18 19:55:27 | Epoch 2 - Batch 1079 - Loss 0.060121
2026-06-18 19:55:28 | Epoch 2 - Batch 1080 - Loss 0.061661
2026-06-18 19:55:28 | Epoch 2 - Batch 1081 - Loss 0.059304
2026-06-18 19:55:28 | Epoch 2 - Batch 1082 - Loss 0.061409
2026-06-18 19:55:28 | Epoch 2 - Batch 1083 - Loss 0.058277
2026-06-18 19:55:28 | Epoch 2 - Batch 1084 - Loss 0.057815
2026-06-18 19:55:28 | Epoch 2 - Batch 1085 - Loss 0.062965
2026-06-18 19:55:28 | Epoch 2 - Batch 1086 - Loss 0.058766
2026-06-18 19:55:28 | Epoch 2 - Batch 1087 - Loss 0.058067
2026-06-18 19:55:28 | Epoch 2 - Batch 1088 - Loss 0.059967
2026-06-18 19:55:28 | Epoch 2 - Batch 1089 - Loss 0.057867
2026-06-18 19:55:28 | Epoch 2 - Batch 1090 - Loss 0.059373
2026-06-18 19:55:28 | Epoch 2 - Batch 1091 - Loss 0.060897
2026-06-18 19:55:28 | Epoch 2 - Batch 1092 - Loss 0.059158
2026-06-18 19:55:28 | Epoch 2 - Batch 1093 - Loss 0.059307
2026-06-18 19:55:28 | Epoch 2 - Batch 1094 - Loss 0.062804
2026-06-18 19:55:28 | Epoch 2 - Batch 1095 - Loss 0.062260
2026-06-18 19:55:28 | Epoch 2 - Batch 1096 - Loss 0.060283
2026-06-18 19:55:28 | Epoch 2 - Batch 1097 - Loss 0.061151
2026-06-18 19:55:28 | Epoch 2 - Batch 1098 - Loss 0.061169
2026-06-18 19:55:28 | Epoch 2 - Batch 1099 - Loss 0.060100
2026-06-18 19:55:28 | Epoch 2 - Batch 1100 - Loss 0.057011
2026-06-18 19:55:28 | Epoch 2 - Batch 1101 - Loss 0.058932
2026-06-18 19:55:28 | Epoch 2 - Batch 1102 - Loss 0.058691
2026-06-18 19:55:28 | Epoch 2 - Batch 1103 - Loss 0.059119
2026-06-18 19:55:28 | Epoch 2 - Batch 1104 - Loss 0.057870
2026-06-18 19:55:28 | Epoch 2 - Batch 1105 - Loss 0.056820
2026-06-18 19:55:28 | Epoch 2 - Batch 1106 - Loss 0.059494
2026-06-18 19:55:28 | Epoch 2 - Batch 1107 - Loss 0.058673
2026-06-18 19:55:28 | Epoch 2 - Batch 1108 - Loss 0.059658
2026-06-18 19:55:28 | Epoch 2 - Batch 1109 - Loss 0.059660
2026-06-18 19:55:29 | Epoch 2 - Batch 1110 - Loss 0.059377
2026-06-18 19:55:29 | Epoch 2 - Batch 1111 - Loss 0.056884
2026-06-18 19:55:29 | Epoch 2 - Batch 1112 - Loss 0.056716
2026-06-18 19:55:29 | Epoch 2 - Batch 1113 - Loss 0.059350
2026-06-18 19:55:29 | Epoch 2 - Batch 1114 - Loss 0.061719
2026-06-18 19:55:29 | Epoch 2 - Batch 1115 - Loss 0.060706
2026-06-18 19:55:29 | Epoch 2 - Batch 1116 - Loss 0.059858
2026-06-18 19:55:29 | Epoch 2 - Batch 1117 - Loss 0.060863
2026-06-18 19:55:29 | Epoch 2 - Batch 1118 - Loss 0.057553
2026-06-18 19:55:29 | Epoch 2 - Batch 1119 - Loss 0.059118
2026-06-18 19:55:29 | Epoch 2 - Batch 1120 - Loss 0.060873
2026-06-18 19:55:29 | Epoch 2 - Batch 1121 - Loss 0.059625
2026-06-18 19:55:29 | Epoch 2 - Batch 1122 - Loss 0.060069
2026-06-18 19:55:29 | Epoch 2 - Batch 1123 - Loss 0.060378
2026-06-18 19:55:29 | Epoch 2 - Batch 1124 - Loss 0.058565
2026-06-18 19:55:29 | Epoch 2 - Batch 1125 - Loss 0.058722
2026-06-18 19:55:29 | Epoch 2 - Batch 1126 - Loss 0.060700
2026-06-18 19:55:29 | Epoch 2 - Batch 1127 - Loss 0.061258
2026-06-18 19:55:29 | Epoch 2 - Batch 1128 - Loss 0.059449
2026-06-18 19:55:29 | Epoch 2 - Batch 1129 - Loss 0.059426
2026-06-18 19:55:29 | Epoch 2 - Batch 1130 - Loss 0.056513
2026-06-18 19:55:29 | Epoch 2 - Batch 1131 - Loss 0.061791
2026-06-18 19:55:29 | Epoch 2 - Batch 1132 - Loss 0.056710
2026-06-18 19:55:29 | Epoch 2 - Batch 1133 - Loss 0.059133
2026-06-18 19:55:29 | Epoch 2 - Batch 1134 - Loss 0.058659
2026-06-18 19:55:29 | Epoch 2 - Batch 1135 - Loss 0.061276
2026-06-18 19:55:29 | Epoch 2 - Batch 1136 - Loss 0.059328
2026-06-18 19:55:29 | Epoch 2 - Batch 1137 - Loss 0.060110
2026-06-18 19:55:29 | Epoch 2 - Batch 1138 - Loss 0.062436
2026-06-18 19:55:29 | Epoch 2 - Batch 1139 - Loss 0.061884
2026-06-18 19:55:30 | Epoch 2 - Batch 1140 - Loss 0.060527
2026-06-18 19:55:30 | Epoch 2 - Batch 1141 - Loss 0.059367
2026-06-18 19:55:30 | Epoch 2 - Batch 1142 - Loss 0.058581
2026-06-18 19:55:30 | Epoch 2 - Batch 1143 - Loss 0.062588
2026-06-18 19:55:30 | Epoch 2 - Batch 1144 - Loss 0.058856
2026-06-18 19:55:30 | Epoch 2 - Batch 1145 - Loss 0.059877
2026-06-18 19:55:30 | Epoch 2 - Batch 1146 - Loss 0.060188
2026-06-18 19:55:30 | Epoch 2 - Batch 1147 - Loss 0.059585
2026-06-18 19:55:30 | Epoch 2 - Batch 1148 - Loss 0.059865
2026-06-18 19:55:30 | Epoch 2 - Batch 1149 - Loss 0.058333
2026-06-18 19:55:30 | Epoch 2 - Batch 1150 - Loss 0.060786
2026-06-18 19:55:41 | Epoch 2 finished in 49.19 sec | train 0.060786 S=1 | valid 0.063533 S=1 | valid_S1 0.063533 valid_S10 0.324637 valid_S2 0.098167 valid_S4 0.162860 valid_S8 0.277300 | lr 1.00e-04
2026-06-18 19:55:41 | Epoch 3 - Batch 0 - Loss 0.059347
2026-06-18 19:55:41 | Epoch 3 - Batch 1 - Loss 0.058784
2026-06-18 19:55:41 | Epoch 3 - Batch 2 - Loss 0.059795
2026-06-18 19:55:41 | Epoch 3 - Batch 3 - Loss 0.061241
2026-06-18 19:55:41 | Epoch 3 - Batch 4 - Loss 0.059175
2026-06-18 19:55:41 | Epoch 3 - Batch 5 - Loss 0.061141
2026-06-18 19:55:41 | Epoch 3 - Batch 6 - Loss 0.060196
2026-06-18 19:55:41 | Epoch 3 - Batch 7 - Loss 0.058292
2026-06-18 19:55:41 | Epoch 3 - Batch 8 - Loss 0.060749
2026-06-18 19:55:41 | Epoch 3 - Batch 9 - Loss 0.058751
2026-06-18 19:55:41 | Epoch 3 - Batch 10 - Loss 0.058889
2026-06-18 19:55:41 | Epoch 3 - Batch 11 - Loss 0.058425
2026-06-18 19:55:41 | Epoch 3 - Batch 12 - Loss 0.058941
2026-06-18 19:55:41 | Epoch 3 - Batch 13 - Loss 0.061035
2026-06-18 19:55:41 | Epoch 3 - Batch 14 - Loss 0.059284
2026-06-18 19:55:41 | Epoch 3 - Batch 15 - Loss 0.059631
2026-06-18 19:55:41 | Epoch 3 - Batch 16 - Loss 0.058056
2026-06-18 19:55:41 | Epoch 3 - Batch 17 - Loss 0.058096
2026-06-18 19:55:41 | Epoch 3 - Batch 18 - Loss 0.059748
2026-06-18 19:55:42 | Epoch 3 - Batch 19 - Loss 0.061066
2026-06-18 19:55:42 | Epoch 3 - Batch 20 - Loss 0.057538
2026-06-18 19:55:42 | Epoch 3 - Batch 21 - Loss 0.056745
2026-06-18 19:55:42 | Epoch 3 - Batch 22 - Loss 0.058453
2026-06-18 19:55:42 | Epoch 3 - Batch 23 - Loss 0.057817
2026-06-18 19:55:42 | Epoch 3 - Batch 24 - Loss 0.060024
2026-06-18 19:55:42 | Epoch 3 - Batch 25 - Loss 0.059078
2026-06-18 19:55:42 | Epoch 3 - Batch 26 - Loss 0.057148
2026-06-18 19:55:42 | Epoch 3 - Batch 27 - Loss 0.059661
2026-06-18 19:55:42 | Epoch 3 - Batch 28 - Loss 0.058974
2026-06-18 19:55:42 | Epoch 3 - Batch 29 - Loss 0.058865
2026-06-18 19:55:42 | Epoch 3 - Batch 30 - Loss 0.056798
2026-06-18 19:55:42 | Epoch 3 - Batch 31 - Loss 0.059409
2026-06-18 19:55:42 | Epoch 3 - Batch 32 - Loss 0.057742
2026-06-18 19:55:42 | Epoch 3 - Batch 33 - Loss 0.057818
2026-06-18 19:55:42 | Epoch 3 - Batch 34 - Loss 0.060328
2026-06-18 19:55:42 | Epoch 3 - Batch 35 - Loss 0.059469
2026-06-18 19:55:42 | Epoch 3 - Batch 36 - Loss 0.057804
2026-06-18 19:55:42 | Epoch 3 - Batch 37 - Loss 0.056583
2026-06-18 19:55:42 | Epoch 3 - Batch 38 - Loss 0.059490
2026-06-18 19:55:42 | Epoch 3 - Batch 39 - Loss 0.057953
2026-06-18 19:55:42 | Epoch 3 - Batch 40 - Loss 0.057678
2026-06-18 19:55:42 | Epoch 3 - Batch 41 - Loss 0.056711
2026-06-18 19:55:42 | Epoch 3 - Batch 42 - Loss 0.057071
2026-06-18 19:55:42 | Epoch 3 - Batch 43 - Loss 0.058926
2026-06-18 19:55:42 | Epoch 3 - Batch 44 - Loss 0.059177
2026-06-18 19:55:42 | Epoch 3 - Batch 45 - Loss 0.060442
2026-06-18 19:55:42 | Epoch 3 - Batch 46 - Loss 0.059776
2026-06-18 19:55:42 | Epoch 3 - Batch 47 - Loss 0.058454
2026-06-18 19:55:42 | Epoch 3 - Batch 48 - Loss 0.059175
2026-06-18 19:55:43 | Epoch 3 - Batch 49 - Loss 0.060790
2026-06-18 19:55:43 | Epoch 3 - Batch 50 - Loss 0.059122
2026-06-18 19:55:43 | Epoch 3 - Batch 51 - Loss 0.058727
2026-06-18 19:55:43 | Epoch 3 - Batch 52 - Loss 0.059111
2026-06-18 19:55:43 | Epoch 3 - Batch 53 - Loss 0.056061
2026-06-18 19:55:43 | Epoch 3 - Batch 54 - Loss 0.059282
2026-06-18 19:55:43 | Epoch 3 - Batch 55 - Loss 0.058898
2026-06-18 19:55:43 | Epoch 3 - Batch 56 - Loss 0.058520
2026-06-18 19:55:43 | Epoch 3 - Batch 57 - Loss 0.058544
2026-06-18 19:55:43 | Epoch 3 - Batch 58 - Loss 0.058251
2026-06-18 19:55:43 | Epoch 3 - Batch 59 - Loss 0.058936
2026-06-18 19:55:43 | Epoch 3 - Batch 60 - Loss 0.059841
2026-06-18 19:55:43 | Epoch 3 - Batch 61 - Loss 0.056471
2026-06-18 19:55:43 | Epoch 3 - Batch 62 - Loss 0.059361
2026-06-18 19:55:43 | Epoch 3 - Batch 63 - Loss 0.059259
2026-06-18 19:55:43 | Epoch 3 - Batch 64 - Loss 0.058359
2026-06-18 19:55:43 | Epoch 3 - Batch 65 - Loss 0.057498
2026-06-18 19:55:43 | Epoch 3 - Batch 66 - Loss 0.056500
2026-06-18 19:55:43 | Epoch 3 - Batch 67 - Loss 0.059624
2026-06-18 19:55:43 | Epoch 3 - Batch 68 - Loss 0.056628
2026-06-18 19:55:43 | Epoch 3 - Batch 69 - Loss 0.058820
2026-06-18 19:55:43 | Epoch 3 - Batch 70 - Loss 0.057274
2026-06-18 19:55:43 | Epoch 3 - Batch 71 - Loss 0.059204
2026-06-18 19:55:43 | Epoch 3 - Batch 72 - Loss 0.060384
2026-06-18 19:55:43 | Epoch 3 - Batch 73 - Loss 0.059676
2026-06-18 19:55:43 | Epoch 3 - Batch 74 - Loss 0.058157
2026-06-18 19:55:43 | Epoch 3 - Batch 75 - Loss 0.062364
2026-06-18 19:55:43 | Epoch 3 - Batch 76 - Loss 0.059877
2026-06-18 19:55:43 | Epoch 3 - Batch 77 - Loss 0.058654
2026-06-18 19:55:43 | Epoch 3 - Batch 78 - Loss 0.056343
2026-06-18 19:55:44 | Epoch 3 - Batch 79 - Loss 0.058199
2026-06-18 19:55:44 | Epoch 3 - Batch 80 - Loss 0.057860
2026-06-18 19:55:44 | Epoch 3 - Batch 81 - Loss 0.059618
2026-06-18 19:55:44 | Epoch 3 - Batch 82 - Loss 0.059939
2026-06-18 19:55:44 | Epoch 3 - Batch 83 - Loss 0.055926
2026-06-18 19:55:44 | Epoch 3 - Batch 84 - Loss 0.058449
2026-06-18 19:55:44 | Epoch 3 - Batch 85 - Loss 0.059545
2026-06-18 19:55:44 | Epoch 3 - Batch 86 - Loss 0.060375
2026-06-18 19:55:44 | Epoch 3 - Batch 87 - Loss 0.059326
2026-06-18 19:55:44 | Epoch 3 - Batch 88 - Loss 0.057982
2026-06-18 19:55:44 | Epoch 3 - Batch 89 - Loss 0.057302
2026-06-18 19:55:44 | Epoch 3 - Batch 90 - Loss 0.058237
2026-06-18 19:55:44 | Epoch 3 - Batch 91 - Loss 0.058084
2026-06-18 19:55:44 | Epoch 3 - Batch 92 - Loss 0.060477
2026-06-18 19:55:44 | Epoch 3 - Batch 93 - Loss 0.057143
2026-06-18 19:55:44 | Epoch 3 - Batch 94 - Loss 0.059798
2026-06-18 19:55:44 | Epoch 3 - Batch 95 - Loss 0.057792
2026-06-18 19:55:44 | Epoch 3 - Batch 96 - Loss 0.059499
2026-06-18 19:55:44 | Epoch 3 - Batch 97 - Loss 0.058591
2026-06-18 19:55:44 | Epoch 3 - Batch 98 - Loss 0.056789
2026-06-18 19:55:44 | Epoch 3 - Batch 99 - Loss 0.060739
2026-06-18 19:55:44 | Epoch 3 - Batch 100 - Loss 0.058138
2026-06-18 19:55:44 | Epoch 3 - Batch 101 - Loss 0.059757
2026-06-18 19:55:44 | Epoch 3 - Batch 102 - Loss 0.059043
2026-06-18 19:55:44 | Epoch 3 - Batch 103 - Loss 0.058197
2026-06-18 19:55:44 | Epoch 3 - Batch 104 - Loss 0.058466
2026-06-18 19:55:44 | Epoch 3 - Batch 105 - Loss 0.060122
2026-06-18 19:55:44 | Epoch 3 - Batch 106 - Loss 0.056501
2026-06-18 19:55:44 | Epoch 3 - Batch 107 - Loss 0.057937
2026-06-18 19:55:44 | Epoch 3 - Batch 108 - Loss 0.057271
2026-06-18 19:55:45 | Epoch 3 - Batch 109 - Loss 0.059351
2026-06-18 19:55:45 | Epoch 3 - Batch 110 - Loss 0.057828
2026-06-18 19:55:45 | Epoch 3 - Batch 111 - Loss 0.055132
2026-06-18 19:55:45 | Epoch 3 - Batch 112 - Loss 0.055548
2026-06-18 19:55:45 | Epoch 3 - Batch 113 - Loss 0.061471
2026-06-18 19:55:45 | Epoch 3 - Batch 114 - Loss 0.058891
2026-06-18 19:55:45 | Epoch 3 - Batch 115 - Loss 0.057665
2026-06-18 19:55:45 | Epoch 3 - Batch 116 - Loss 0.056589
2026-06-18 19:55:45 | Epoch 3 - Batch 117 - Loss 0.056439
2026-06-18 19:55:45 | Epoch 3 - Batch 118 - Loss 0.057649
2026-06-18 19:55:45 | Epoch 3 - Batch 119 - Loss 0.056465
2026-06-18 19:55:45 | Epoch 3 - Batch 120 - Loss 0.059131
2026-06-18 19:55:45 | Epoch 3 - Batch 121 - Loss 0.060665
2026-06-18 19:55:45 | Epoch 3 - Batch 122 - Loss 0.059334
2026-06-18 19:55:45 | Epoch 3 - Batch 123 - Loss 0.056416
2026-06-18 19:55:45 | Epoch 3 - Batch 124 - Loss 0.059795
2026-06-18 19:55:45 | Epoch 3 - Batch 125 - Loss 0.058735
2026-06-18 19:55:45 | Epoch 3 - Batch 126 - Loss 0.058434
2026-06-18 19:55:45 | Epoch 3 - Batch 127 - Loss 0.057705
2026-06-18 19:55:45 | Epoch 3 - Batch 128 - Loss 0.059447
2026-06-18 19:55:45 | Epoch 3 - Batch 129 - Loss 0.059518
2026-06-18 19:55:45 | Epoch 3 - Batch 130 - Loss 0.059304
2026-06-18 19:55:45 | Epoch 3 - Batch 131 - Loss 0.059668
2026-06-18 19:55:45 | Epoch 3 - Batch 132 - Loss 0.059896
2026-06-18 19:55:45 | Epoch 3 - Batch 133 - Loss 0.057844
2026-06-18 19:55:45 | Epoch 3 - Batch 134 - Loss 0.057545
2026-06-18 19:55:45 | Epoch 3 - Batch 135 - Loss 0.056976
2026-06-18 19:55:45 | Epoch 3 - Batch 136 - Loss 0.059218
2026-06-18 19:55:45 | Epoch 3 - Batch 137 - Loss 0.060476
2026-06-18 19:55:45 | Epoch 3 - Batch 138 - Loss 0.058973
2026-06-18 19:55:46 | Epoch 3 - Batch 139 - Loss 0.056953
2026-06-18 19:55:46 | Epoch 3 - Batch 140 - Loss 0.057315
2026-06-18 19:55:46 | Epoch 3 - Batch 141 - Loss 0.060265
2026-06-18 19:55:46 | Epoch 3 - Batch 142 - Loss 0.059432
2026-06-18 19:55:46 | Epoch 3 - Batch 143 - Loss 0.058689
2026-06-18 19:55:46 | Epoch 3 - Batch 144 - Loss 0.059379
2026-06-18 19:55:46 | Epoch 3 - Batch 145 - Loss 0.059955
2026-06-18 19:55:46 | Epoch 3 - Batch 146 - Loss 0.058939
2026-06-18 19:55:46 | Epoch 3 - Batch 147 - Loss 0.056900
2026-06-18 19:55:46 | Epoch 3 - Batch 148 - Loss 0.059338
2026-06-18 19:55:46 | Epoch 3 - Batch 149 - Loss 0.059270
2026-06-18 19:55:46 | Epoch 3 - Batch 150 - Loss 0.057891
2026-06-18 19:55:46 | Epoch 3 - Batch 151 - Loss 0.055700
2026-06-18 19:55:46 | Epoch 3 - Batch 152 - Loss 0.056899
2026-06-18 19:55:46 | Epoch 3 - Batch 153 - Loss 0.059107
2026-06-18 19:55:46 | Epoch 3 - Batch 154 - Loss 0.060180
2026-06-18 19:55:46 | Epoch 3 - Batch 155 - Loss 0.056888
2026-06-18 19:55:46 | Epoch 3 - Batch 156 - Loss 0.058269
2026-06-18 19:55:46 | Epoch 3 - Batch 157 - Loss 0.060601
2026-06-18 19:55:46 | Epoch 3 - Batch 158 - Loss 0.058270
2026-06-18 19:55:46 | Epoch 3 - Batch 159 - Loss 0.057996
2026-06-18 19:55:46 | Epoch 3 - Batch 160 - Loss 0.057650
2026-06-18 19:55:46 | Epoch 3 - Batch 161 - Loss 0.056865
2026-06-18 19:55:46 | Epoch 3 - Batch 162 - Loss 0.058868
2026-06-18 19:55:46 | Epoch 3 - Batch 163 - Loss 0.057274
2026-06-18 19:55:46 | Epoch 3 - Batch 164 - Loss 0.056846
2026-06-18 19:55:46 | Epoch 3 - Batch 165 - Loss 0.055304
2026-06-18 19:55:46 | Epoch 3 - Batch 166 - Loss 0.058234
2026-06-18 19:55:46 | Epoch 3 - Batch 167 - Loss 0.056663
2026-06-18 19:55:46 | Epoch 3 - Batch 168 - Loss 0.059293
2026-06-18 19:55:46 | Epoch 3 - Batch 169 - Loss 0.058171
2026-06-18 19:55:47 | Epoch 3 - Batch 170 - Loss 0.057889
2026-06-18 19:55:47 | Epoch 3 - Batch 171 - Loss 0.053853
2026-06-18 19:55:47 | Epoch 3 - Batch 172 - Loss 0.059625
2026-06-18 19:55:47 | Epoch 3 - Batch 173 - Loss 0.058743
2026-06-18 19:55:47 | Epoch 3 - Batch 174 - Loss 0.055213
2026-06-18 19:55:47 | Epoch 3 - Batch 175 - Loss 0.059100
2026-06-18 19:55:47 | Epoch 3 - Batch 176 - Loss 0.057492
2026-06-18 19:55:47 | Epoch 3 - Batch 177 - Loss 0.058755
2026-06-18 19:55:47 | Epoch 3 - Batch 178 - Loss 0.057977
2026-06-18 19:55:47 | Epoch 3 - Batch 179 - Loss 0.061091
2026-06-18 19:55:47 | Epoch 3 - Batch 180 - Loss 0.058234
2026-06-18 19:55:47 | Epoch 3 - Batch 181 - Loss 0.056899
2026-06-18 19:55:47 | Epoch 3 - Batch 182 - Loss 0.057172
2026-06-18 19:55:47 | Epoch 3 - Batch 183 - Loss 0.057819
2026-06-18 19:55:47 | Epoch 3 - Batch 184 - Loss 0.055235
2026-06-18 19:55:47 | Epoch 3 - Batch 185 - Loss 0.056260
2026-06-18 19:55:47 | Epoch 3 - Batch 186 - Loss 0.055992
2026-06-18 19:55:47 | Epoch 3 - Batch 187 - Loss 0.058455
2026-06-18 19:55:47 | Epoch 3 - Batch 188 - Loss 0.057261
2026-06-18 19:55:47 | Epoch 3 - Batch 189 - Loss 0.059211
2026-06-18 19:55:47 | Epoch 3 - Batch 190 - Loss 0.057437
2026-06-18 19:55:47 | Epoch 3 - Batch 191 - Loss 0.055879
2026-06-18 19:55:47 | Epoch 3 - Batch 192 - Loss 0.057416
2026-06-18 19:55:47 | Epoch 3 - Batch 193 - Loss 0.058195
2026-06-18 19:55:47 | Epoch 3 - Batch 194 - Loss 0.057919
2026-06-18 19:55:47 | Epoch 3 - Batch 195 - Loss 0.058440
2026-06-18 19:55:47 | Epoch 3 - Batch 196 - Loss 0.059279
2026-06-18 19:55:47 | Epoch 3 - Batch 197 - Loss 0.057390
2026-06-18 19:55:47 | Epoch 3 - Batch 198 - Loss 0.059617
2026-06-18 19:55:47 | Epoch 3 - Batch 199 - Loss 0.057754
2026-06-18 19:55:48 | Epoch 3 - Batch 200 - Loss 0.060451
2026-06-18 19:55:48 | Epoch 3 - Batch 201 - Loss 0.059734
2026-06-18 19:55:48 | Epoch 3 - Batch 202 - Loss 0.056941
2026-06-18 19:55:48 | Epoch 3 - Batch 203 - Loss 0.060045
2026-06-18 19:55:48 | Epoch 3 - Batch 204 - Loss 0.057040
2026-06-18 19:55:48 | Epoch 3 - Batch 205 - Loss 0.059137
2026-06-18 19:55:48 | Epoch 3 - Batch 206 - Loss 0.058948
2026-06-18 19:55:48 | Epoch 3 - Batch 207 - Loss 0.059572
2026-06-18 19:55:48 | Epoch 3 - Batch 208 - Loss 0.056842
2026-06-18 19:55:48 | Epoch 3 - Batch 209 - Loss 0.057216
2026-06-18 19:55:48 | Epoch 3 - Batch 210 - Loss 0.058918
2026-06-18 19:55:48 | Epoch 3 - Batch 211 - Loss 0.060396
2026-06-18 19:55:48 | Epoch 3 - Batch 212 - Loss 0.055530
2026-06-18 19:55:48 | Epoch 3 - Batch 213 - Loss 0.056649
2026-06-18 19:55:48 | Epoch 3 - Batch 214 - Loss 0.057613
2026-06-18 19:55:48 | Epoch 3 - Batch 215 - Loss 0.056205
2026-06-18 19:55:48 | Epoch 3 - Batch 216 - Loss 0.056814
2026-06-18 19:55:48 | Epoch 3 - Batch 217 - Loss 0.058176
2026-06-18 19:55:48 | Epoch 3 - Batch 218 - Loss 0.058088
2026-06-18 19:55:48 | Epoch 3 - Batch 219 - Loss 0.056836
2026-06-18 19:55:48 | Epoch 3 - Batch 220 - Loss 0.058599
2026-06-18 19:55:48 | Epoch 3 - Batch 221 - Loss 0.056799
2026-06-18 19:55:48 | Epoch 3 - Batch 222 - Loss 0.058160
2026-06-18 19:55:48 | Epoch 3 - Batch 223 - Loss 0.057280
2026-06-18 19:55:48 | Epoch 3 - Batch 224 - Loss 0.059660
2026-06-18 19:55:48 | Epoch 3 - Batch 225 - Loss 0.057143
2026-06-18 19:55:48 | Epoch 3 - Batch 226 - Loss 0.057030
2026-06-18 19:55:48 | Epoch 3 - Batch 227 - Loss 0.059321
2026-06-18 19:55:48 | Epoch 3 - Batch 228 - Loss 0.056544
2026-06-18 19:55:48 | Epoch 3 - Batch 229 - Loss 0.057280
2026-06-18 19:55:49 | Epoch 3 - Batch 230 - Loss 0.056240
2026-06-18 19:55:49 | Epoch 3 - Batch 231 - Loss 0.058027
2026-06-18 19:55:49 | Epoch 3 - Batch 232 - Loss 0.058196
2026-06-18 19:55:49 | Epoch 3 - Batch 233 - Loss 0.059305
2026-06-18 19:55:49 | Epoch 3 - Batch 234 - Loss 0.056730
2026-06-18 19:55:49 | Epoch 3 - Batch 235 - Loss 0.058815
2026-06-18 19:55:49 | Epoch 3 - Batch 236 - Loss 0.057904
2026-06-18 19:55:49 | Epoch 3 - Batch 237 - Loss 0.058106
2026-06-18 19:55:49 | Epoch 3 - Batch 238 - Loss 0.058171
2026-06-18 19:55:49 | Epoch 3 - Batch 239 - Loss 0.057741
2026-06-18 19:55:49 | Epoch 3 - Batch 240 - Loss 0.056266
2026-06-18 19:55:49 | Epoch 3 - Batch 241 - Loss 0.057549
2026-06-18 19:55:49 | Epoch 3 - Batch 242 - Loss 0.056040
2026-06-18 19:55:49 | Epoch 3 - Batch 243 - Loss 0.057385
2026-06-18 19:55:49 | Epoch 3 - Batch 244 - Loss 0.059352
2026-06-18 19:55:49 | Epoch 3 - Batch 245 - Loss 0.056504
2026-06-18 19:55:49 | Epoch 3 - Batch 246 - Loss 0.056951
2026-06-18 19:55:49 | Epoch 3 - Batch 247 - Loss 0.056814
2026-06-18 19:55:49 | Epoch 3 - Batch 248 - Loss 0.055267
2026-06-18 19:55:49 | Epoch 3 - Batch 249 - Loss 0.054684
2026-06-18 19:55:49 | Epoch 3 - Batch 250 - Loss 0.055936
2026-06-18 19:55:49 | Epoch 3 - Batch 251 - Loss 0.055143
2026-06-18 19:55:49 | Epoch 3 - Batch 252 - Loss 0.059020
2026-06-18 19:55:49 | Epoch 3 - Batch 253 - Loss 0.057366
2026-06-18 19:55:49 | Epoch 3 - Batch 254 - Loss 0.059617
2026-06-18 19:55:49 | Epoch 3 - Batch 255 - Loss 0.054682
2026-06-18 19:55:49 | Epoch 3 - Batch 256 - Loss 0.056973
2026-06-18 19:55:49 | Epoch 3 - Batch 257 - Loss 0.056987
2026-06-18 19:55:49 | Epoch 3 - Batch 258 - Loss 0.057988
2026-06-18 19:55:49 | Epoch 3 - Batch 259 - Loss 0.056110
2026-06-18 19:55:50 | Epoch 3 - Batch 260 - Loss 0.057723
2026-06-18 19:55:50 | Epoch 3 - Batch 261 - Loss 0.060517
2026-06-18 19:55:50 | Epoch 3 - Batch 262 - Loss 0.056317
2026-06-18 19:55:50 | Epoch 3 - Batch 263 - Loss 0.057465
2026-06-18 19:55:50 | Epoch 3 - Batch 264 - Loss 0.057759
2026-06-18 19:55:50 | Epoch 3 - Batch 265 - Loss 0.058942
2026-06-18 19:55:50 | Epoch 3 - Batch 266 - Loss 0.056500
2026-06-18 19:55:50 | Epoch 3 - Batch 267 - Loss 0.058774
2026-06-18 19:55:50 | Epoch 3 - Batch 268 - Loss 0.057359
2026-06-18 19:55:50 | Epoch 3 - Batch 269 - Loss 0.057482
2026-06-18 19:55:50 | Epoch 3 - Batch 270 - Loss 0.057003
2026-06-18 19:55:50 | Epoch 3 - Batch 271 - Loss 0.057467
2026-06-18 19:55:50 | Epoch 3 - Batch 272 - Loss 0.056576
2026-06-18 19:55:50 | Epoch 3 - Batch 273 - Loss 0.056382
2026-06-18 19:55:50 | Epoch 3 - Batch 274 - Loss 0.058658
2026-06-18 19:55:50 | Epoch 3 - Batch 275 - Loss 0.059534
2026-06-18 19:55:50 | Epoch 3 - Batch 276 - Loss 0.056078
2026-06-18 19:55:50 | Epoch 3 - Batch 277 - Loss 0.059109
2026-06-18 19:55:50 | Epoch 3 - Batch 278 - Loss 0.056884
2026-06-18 19:55:50 | Epoch 3 - Batch 279 - Loss 0.060397
2026-06-18 19:55:50 | Epoch 3 - Batch 280 - Loss 0.055944
2026-06-18 19:55:50 | Epoch 3 - Batch 281 - Loss 0.057223
2026-06-18 19:55:50 | Epoch 3 - Batch 282 - Loss 0.057589
2026-06-18 19:55:50 | Epoch 3 - Batch 283 - Loss 0.059245
2026-06-18 19:55:50 | Epoch 3 - Batch 284 - Loss 0.058496
2026-06-18 19:55:50 | Epoch 3 - Batch 285 - Loss 0.056077
2026-06-18 19:55:50 | Epoch 3 - Batch 286 - Loss 0.055513
2026-06-18 19:55:50 | Epoch 3 - Batch 287 - Loss 0.056549
2026-06-18 19:55:50 | Epoch 3 - Batch 288 - Loss 0.056468
2026-06-18 19:55:50 | Epoch 3 - Batch 289 - Loss 0.056916
2026-06-18 19:55:51 | Epoch 3 - Batch 290 - Loss 0.057919
2026-06-18 19:55:51 | Epoch 3 - Batch 291 - Loss 0.056839
2026-06-18 19:55:51 | Epoch 3 - Batch 292 - Loss 0.056385
2026-06-18 19:55:51 | Epoch 3 - Batch 293 - Loss 0.054462
2026-06-18 19:55:51 | Epoch 3 - Batch 294 - Loss 0.055631
2026-06-18 19:55:51 | Epoch 3 - Batch 295 - Loss 0.058239
2026-06-18 19:55:51 | Epoch 3 - Batch 296 - Loss 0.057201
2026-06-18 19:55:51 | Epoch 3 - Batch 297 - Loss 0.060103
2026-06-18 19:55:51 | Epoch 3 - Batch 298 - Loss 0.057124
2026-06-18 19:55:51 | Epoch 3 - Batch 299 - Loss 0.055438
2026-06-18 19:55:51 | Epoch 3 - Batch 300 - Loss 0.058335
2026-06-18 19:55:51 | Epoch 3 - Batch 301 - Loss 0.055100
2026-06-18 19:55:51 | Epoch 3 - Batch 302 - Loss 0.058153
2026-06-18 19:55:51 | Epoch 3 - Batch 303 - Loss 0.059004
2026-06-18 19:55:51 | Epoch 3 - Batch 304 - Loss 0.055472
2026-06-18 19:55:51 | Epoch 3 - Batch 305 - Loss 0.057783
2026-06-18 19:55:51 | Epoch 3 - Batch 306 - Loss 0.055261
2026-06-18 19:55:51 | Epoch 3 - Batch 307 - Loss 0.056745
2026-06-18 19:55:51 | Epoch 3 - Batch 308 - Loss 0.055440
2026-06-18 19:55:51 | Epoch 3 - Batch 309 - Loss 0.056308
2026-06-18 19:55:51 | Epoch 3 - Batch 310 - Loss 0.056801
2026-06-18 19:55:51 | Epoch 3 - Batch 311 - Loss 0.058623
2026-06-18 19:55:51 | Epoch 3 - Batch 312 - Loss 0.056091
2026-06-18 19:55:51 | Epoch 3 - Batch 313 - Loss 0.057138
2026-06-18 19:55:51 | Epoch 3 - Batch 314 - Loss 0.055199
2026-06-18 19:55:51 | Epoch 3 - Batch 315 - Loss 0.055129
2026-06-18 19:55:51 | Epoch 3 - Batch 316 - Loss 0.057543
2026-06-18 19:55:51 | Epoch 3 - Batch 317 - Loss 0.056879
2026-06-18 19:55:51 | Epoch 3 - Batch 318 - Loss 0.054089
2026-06-18 19:55:51 | Epoch 3 - Batch 319 - Loss 0.058172
2026-06-18 19:55:52 | Epoch 3 - Batch 320 - Loss 0.056083
2026-06-18 19:55:52 | Epoch 3 - Batch 321 - Loss 0.057609
2026-06-18 19:55:52 | Epoch 3 - Batch 322 - Loss 0.054929
2026-06-18 19:55:52 | Epoch 3 - Batch 323 - Loss 0.058333
2026-06-18 19:55:52 | Epoch 3 - Batch 324 - Loss 0.057063
2026-06-18 19:55:52 | Epoch 3 - Batch 325 - Loss 0.053944
2026-06-18 19:55:52 | Epoch 3 - Batch 326 - Loss 0.056366
2026-06-18 19:55:52 | Epoch 3 - Batch 327 - Loss 0.058475
2026-06-18 19:55:52 | Epoch 3 - Batch 328 - Loss 0.057208
2026-06-18 19:55:52 | Epoch 3 - Batch 329 - Loss 0.058334
2026-06-18 19:55:52 | Epoch 3 - Batch 330 - Loss 0.056477
2026-06-18 19:55:52 | Epoch 3 - Batch 331 - Loss 0.056631
2026-06-18 19:55:52 | Epoch 3 - Batch 332 - Loss 0.058752
2026-06-18 19:55:52 | Epoch 3 - Batch 333 - Loss 0.054928
2026-06-18 19:55:52 | Epoch 3 - Batch 334 - Loss 0.056504
2026-06-18 19:55:52 | Epoch 3 - Batch 335 - Loss 0.056749
2026-06-18 19:55:52 | Epoch 3 - Batch 336 - Loss 0.059905
2026-06-18 19:55:52 | Epoch 3 - Batch 337 - Loss 0.055314
2026-06-18 19:55:52 | Epoch 3 - Batch 338 - Loss 0.055262
2026-06-18 19:55:52 | Epoch 3 - Batch 339 - Loss 0.054514
2026-06-18 19:55:52 | Epoch 3 - Batch 340 - Loss 0.057059
2026-06-18 19:55:52 | Epoch 3 - Batch 341 - Loss 0.060204
2026-06-18 19:55:52 | Epoch 3 - Batch 342 - Loss 0.057212
2026-06-18 19:55:52 | Epoch 3 - Batch 343 - Loss 0.057888
2026-06-18 19:55:52 | Epoch 3 - Batch 344 - Loss 0.055808
2026-06-18 19:55:52 | Epoch 3 - Batch 345 - Loss 0.059254
2026-06-18 19:55:52 | Epoch 3 - Batch 346 - Loss 0.058173
2026-06-18 19:55:52 | Epoch 3 - Batch 347 - Loss 0.056750
2026-06-18 19:55:52 | Epoch 3 - Batch 348 - Loss 0.057755
2026-06-18 19:55:52 | Epoch 3 - Batch 349 - Loss 0.055560
2026-06-18 19:55:53 | Epoch 3 - Batch 350 - Loss 0.056594
2026-06-18 19:55:53 | Epoch 3 - Batch 351 - Loss 0.056651
2026-06-18 19:55:53 | Epoch 3 - Batch 352 - Loss 0.057731
2026-06-18 19:55:53 | Epoch 3 - Batch 353 - Loss 0.056396
2026-06-18 19:55:53 | Epoch 3 - Batch 354 - Loss 0.055768
2026-06-18 19:55:53 | Epoch 3 - Batch 355 - Loss 0.055302
2026-06-18 19:55:53 | Epoch 3 - Batch 356 - Loss 0.057953
2026-06-18 19:55:53 | Epoch 3 - Batch 357 - Loss 0.056556
2026-06-18 19:55:53 | Epoch 3 - Batch 358 - Loss 0.057975
2026-06-18 19:55:53 | Epoch 3 - Batch 359 - Loss 0.058657
2026-06-18 19:55:53 | Epoch 3 - Batch 360 - Loss 0.059114
2026-06-18 19:55:53 | Epoch 3 - Batch 361 - Loss 0.056034
2026-06-18 19:55:53 | Epoch 3 - Batch 362 - Loss 0.057384
2026-06-18 19:55:53 | Epoch 3 - Batch 363 - Loss 0.056732
2026-06-18 19:55:53 | Epoch 3 - Batch 364 - Loss 0.057541
2026-06-18 19:55:53 | Epoch 3 - Batch 365 - Loss 0.057395
2026-06-18 19:55:53 | Epoch 3 - Batch 366 - Loss 0.058038
2026-06-18 19:55:53 | Epoch 3 - Batch 367 - Loss 0.057622
2026-06-18 19:55:53 | Epoch 3 - Batch 368 - Loss 0.055323
2026-06-18 19:55:53 | Epoch 3 - Batch 369 - Loss 0.058137
2026-06-18 19:55:53 | Epoch 3 - Batch 370 - Loss 0.053915
2026-06-18 19:55:53 | Epoch 3 - Batch 371 - Loss 0.054860
2026-06-18 19:55:53 | Epoch 3 - Batch 372 - Loss 0.058040
2026-06-18 19:55:53 | Epoch 3 - Batch 373 - Loss 0.055961
2026-06-18 19:55:53 | Epoch 3 - Batch 374 - Loss 0.059155
2026-06-18 19:55:53 | Epoch 3 - Batch 375 - Loss 0.058265
2026-06-18 19:55:53 | Epoch 3 - Batch 376 - Loss 0.057647
2026-06-18 19:55:53 | Epoch 3 - Batch 377 - Loss 0.055470
2026-06-18 19:55:53 | Epoch 3 - Batch 378 - Loss 0.055745
2026-06-18 19:55:53 | Epoch 3 - Batch 379 - Loss 0.057969
2026-06-18 19:55:54 | Epoch 3 - Batch 380 - Loss 0.057499
2026-06-18 19:55:54 | Epoch 3 - Batch 381 - Loss 0.057331
2026-06-18 19:55:54 | Epoch 3 - Batch 382 - Loss 0.057678
2026-06-18 19:55:54 | Epoch 3 - Batch 383 - Loss 0.059393
2026-06-18 19:55:54 | Epoch 3 - Batch 384 - Loss 0.056667
2026-06-18 19:55:54 | Epoch 3 - Batch 385 - Loss 0.057108
2026-06-18 19:55:54 | Epoch 3 - Batch 386 - Loss 0.056732
2026-06-18 19:55:54 | Epoch 3 - Batch 387 - Loss 0.055631
2026-06-18 19:55:54 | Epoch 3 - Batch 388 - Loss 0.054589
2026-06-18 19:55:54 | Epoch 3 - Batch 389 - Loss 0.054324
2026-06-18 19:55:54 | Epoch 3 - Batch 390 - Loss 0.056994
2026-06-18 19:55:54 | Epoch 3 - Batch 391 - Loss 0.055493
2026-06-18 19:55:54 | Epoch 3 - Batch 392 - Loss 0.055673
2026-06-18 19:55:54 | Epoch 3 - Batch 393 - Loss 0.056547
2026-06-18 19:55:54 | Epoch 3 - Batch 394 - Loss 0.057005
2026-06-18 19:55:54 | Epoch 3 - Batch 395 - Loss 0.055957
2026-06-18 19:55:54 | Epoch 3 - Batch 396 - Loss 0.055778
2026-06-18 19:55:54 | Epoch 3 - Batch 397 - Loss 0.056231
2026-06-18 19:55:54 | Epoch 3 - Batch 398 - Loss 0.055738
2026-06-18 19:55:54 | Epoch 3 - Batch 399 - Loss 0.055415
2026-06-18 19:55:54 | Epoch 3 - Batch 400 - Loss 0.056695
2026-06-18 19:55:54 | Epoch 3 - Batch 401 - Loss 0.054839
2026-06-18 19:55:54 | Epoch 3 - Batch 402 - Loss 0.057601
2026-06-18 19:55:54 | Epoch 3 - Batch 403 - Loss 0.057906
2026-06-18 19:55:54 | Epoch 3 - Batch 404 - Loss 0.056752
2026-06-18 19:55:54 | Epoch 3 - Batch 405 - Loss 0.057491
2026-06-18 19:55:54 | Epoch 3 - Batch 406 - Loss 0.058069
2026-06-18 19:55:54 | Epoch 3 - Batch 407 - Loss 0.056550
2026-06-18 19:55:54 | Epoch 3 - Batch 408 - Loss 0.056482
2026-06-18 19:55:54 | Epoch 3 - Batch 409 - Loss 0.055613
2026-06-18 19:55:54 | Epoch 3 - Batch 410 - Loss 0.056237
2026-06-18 19:55:55 | Epoch 3 - Batch 411 - Loss 0.058169
2026-06-18 19:55:55 | Epoch 3 - Batch 412 - Loss 0.055043
2026-06-18 19:55:55 | Epoch 3 - Batch 413 - Loss 0.056412
2026-06-18 19:55:55 | Epoch 3 - Batch 414 - Loss 0.055320
2026-06-18 19:55:55 | Epoch 3 - Batch 415 - Loss 0.056301
2026-06-18 19:55:55 | Epoch 3 - Batch 416 - Loss 0.056075
2026-06-18 19:55:55 | Epoch 3 - Batch 417 - Loss 0.057580
2026-06-18 19:55:55 | Epoch 3 - Batch 418 - Loss 0.056095
2026-06-18 19:55:55 | Epoch 3 - Batch 419 - Loss 0.056812
2026-06-18 19:55:55 | Epoch 3 - Batch 420 - Loss 0.054310
2026-06-18 19:55:55 | Epoch 3 - Batch 421 - Loss 0.058033
2026-06-18 19:55:55 | Epoch 3 - Batch 422 - Loss 0.056835
2026-06-18 19:55:55 | Epoch 3 - Batch 423 - Loss 0.059146
2026-06-18 19:55:55 | Epoch 3 - Batch 424 - Loss 0.056898
2026-06-18 19:55:55 | Epoch 3 - Batch 425 - Loss 0.059468
2026-06-18 19:55:55 | Epoch 3 - Batch 426 - Loss 0.054400
2026-06-18 19:55:55 | Epoch 3 - Batch 427 - Loss 0.057399
2026-06-18 19:55:55 | Epoch 3 - Batch 428 - Loss 0.057401
2026-06-18 19:55:55 | Epoch 3 - Batch 429 - Loss 0.054446
2026-06-18 19:55:55 | Epoch 3 - Batch 430 - Loss 0.058495
2026-06-18 19:55:55 | Epoch 3 - Batch 431 - Loss 0.057905
2026-06-18 19:55:55 | Epoch 3 - Batch 432 - Loss 0.056349
2026-06-18 19:55:55 | Epoch 3 - Batch 433 - Loss 0.056635
2026-06-18 19:55:55 | Epoch 3 - Batch 434 - Loss 0.056046
2026-06-18 19:55:55 | Epoch 3 - Batch 435 - Loss 0.056813
2026-06-18 19:55:55 | Epoch 3 - Batch 436 - Loss 0.055541
2026-06-18 19:55:55 | Epoch 3 - Batch 437 - Loss 0.056843
2026-06-18 19:55:55 | Epoch 3 - Batch 438 - Loss 0.056789
2026-06-18 19:55:55 | Epoch 3 - Batch 439 - Loss 0.056619
2026-06-18 19:55:55 | Epoch 3 - Batch 440 - Loss 0.057675
2026-06-18 19:55:56 | Epoch 3 - Batch 441 - Loss 0.054705
2026-06-18 19:55:56 | Epoch 3 - Batch 442 - Loss 0.057088
2026-06-18 19:55:56 | Epoch 3 - Batch 443 - Loss 0.058219
2026-06-18 19:55:56 | Epoch 3 - Batch 444 - Loss 0.057350
2026-06-18 19:55:56 | Epoch 3 - Batch 445 - Loss 0.055511
2026-06-18 19:55:56 | Epoch 3 - Batch 446 - Loss 0.052242
2026-06-18 19:55:56 | Epoch 3 - Batch 447 - Loss 0.055704
2026-06-18 19:55:56 | Epoch 3 - Batch 448 - Loss 0.054102
2026-06-18 19:55:56 | Epoch 3 - Batch 449 - Loss 0.055658
2026-06-18 19:55:56 | Epoch 3 - Batch 450 - Loss 0.053521
2026-06-18 19:55:56 | Epoch 3 - Batch 451 - Loss 0.056943
2026-06-18 19:55:56 | Epoch 3 - Batch 452 - Loss 0.056879
2026-06-18 19:55:56 | Epoch 3 - Batch 453 - Loss 0.054476
2026-06-18 19:55:56 | Epoch 3 - Batch 454 - Loss 0.056026
2026-06-18 19:55:56 | Epoch 3 - Batch 455 - Loss 0.056808
2026-06-18 19:55:56 | Epoch 3 - Batch 456 - Loss 0.058546
2026-06-18 19:55:56 | Epoch 3 - Batch 457 - Loss 0.056525
2026-06-18 19:55:56 | Epoch 3 - Batch 458 - Loss 0.057563
2026-06-18 19:55:56 | Epoch 3 - Batch 459 - Loss 0.055446
2026-06-18 19:55:56 | Epoch 3 - Batch 460 - Loss 0.056310
2026-06-18 19:55:56 | Epoch 3 - Batch 461 - Loss 0.056571
2026-06-18 19:55:56 | Epoch 3 - Batch 462 - Loss 0.058703
2026-06-18 19:55:56 | Epoch 3 - Batch 463 - Loss 0.058731
2026-06-18 19:55:56 | Epoch 3 - Batch 464 - Loss 0.054968
2026-06-18 19:55:56 | Epoch 3 - Batch 465 - Loss 0.055846
2026-06-18 19:55:56 | Epoch 3 - Batch 466 - Loss 0.054740
2026-06-18 19:55:56 | Epoch 3 - Batch 467 - Loss 0.057878
2026-06-18 19:55:56 | Epoch 3 - Batch 468 - Loss 0.059422
2026-06-18 19:55:56 | Epoch 3 - Batch 469 - Loss 0.056287
2026-06-18 19:55:56 | Epoch 3 - Batch 470 - Loss 0.055991
2026-06-18 19:55:57 | Epoch 3 - Batch 471 - Loss 0.055346
2026-06-18 19:55:57 | Epoch 3 - Batch 472 - Loss 0.056679
2026-06-18 19:55:57 | Epoch 3 - Batch 473 - Loss 0.054276
2026-06-18 19:55:57 | Epoch 3 - Batch 474 - Loss 0.055853
2026-06-18 19:55:57 | Epoch 3 - Batch 475 - Loss 0.055933
2026-06-18 19:55:57 | Epoch 3 - Batch 476 - Loss 0.057799
2026-06-18 19:55:57 | Epoch 3 - Batch 477 - Loss 0.059046
2026-06-18 19:55:57 | Epoch 3 - Batch 478 - Loss 0.053847
2026-06-18 19:55:57 | Epoch 3 - Batch 479 - Loss 0.056128
2026-06-18 19:55:57 | Epoch 3 - Batch 480 - Loss 0.056304
2026-06-18 19:55:57 | Epoch 3 - Batch 481 - Loss 0.056769
2026-06-18 19:55:57 | Epoch 3 - Batch 482 - Loss 0.055813
2026-06-18 19:55:57 | Epoch 3 - Batch 483 - Loss 0.059514
2026-06-18 19:55:57 | Epoch 3 - Batch 484 - Loss 0.055509
2026-06-18 19:55:57 | Epoch 3 - Batch 485 - Loss 0.055846
2026-06-18 19:55:57 | Epoch 3 - Batch 486 - Loss 0.058740
2026-06-18 19:55:57 | Epoch 3 - Batch 487 - Loss 0.057544
2026-06-18 19:55:57 | Epoch 3 - Batch 488 - Loss 0.054226
2026-06-18 19:55:57 | Epoch 3 - Batch 489 - Loss 0.054901
2026-06-18 19:55:57 | Epoch 3 - Batch 490 - Loss 0.055093
2026-06-18 19:55:57 | Epoch 3 - Batch 491 - Loss 0.057579
2026-06-18 19:55:57 | Epoch 3 - Batch 492 - Loss 0.055953
2026-06-18 19:55:57 | Epoch 3 - Batch 493 - Loss 0.057388
2026-06-18 19:55:57 | Epoch 3 - Batch 494 - Loss 0.056614
2026-06-18 19:55:57 | Epoch 3 - Batch 495 - Loss 0.057799
2026-06-18 19:55:57 | Epoch 3 - Batch 496 - Loss 0.056016
2026-06-18 19:55:57 | Epoch 3 - Batch 497 - Loss 0.055854
2026-06-18 19:55:57 | Epoch 3 - Batch 498 - Loss 0.058070
2026-06-18 19:55:57 | Epoch 3 - Batch 499 - Loss 0.056108
2026-06-18 19:55:57 | Epoch 3 - Batch 500 - Loss 0.055758
2026-06-18 19:55:58 | Epoch 3 - Batch 501 - Loss 0.055792
2026-06-18 19:55:58 | Epoch 3 - Batch 502 - Loss 0.057401
2026-06-18 19:55:58 | Epoch 3 - Batch 503 - Loss 0.057055
2026-06-18 19:55:58 | Epoch 3 - Batch 504 - Loss 0.057668
2026-06-18 19:55:58 | Epoch 3 - Batch 505 - Loss 0.054436
2026-06-18 19:55:58 | Epoch 3 - Batch 506 - Loss 0.056674
2026-06-18 19:55:58 | Epoch 3 - Batch 507 - Loss 0.054909
2026-06-18 19:55:58 | Epoch 3 - Batch 508 - Loss 0.056312
2026-06-18 19:55:58 | Epoch 3 - Batch 509 - Loss 0.055267
2026-06-18 19:55:58 | Epoch 3 - Batch 510 - Loss 0.057061
2026-06-18 19:55:58 | Epoch 3 - Batch 511 - Loss 0.055680
2026-06-18 19:55:58 | Epoch 3 - Batch 512 - Loss 0.052927
2026-06-18 19:55:58 | Epoch 3 - Batch 513 - Loss 0.056754
2026-06-18 19:55:58 | Epoch 3 - Batch 514 - Loss 0.058186
2026-06-18 19:55:58 | Epoch 3 - Batch 515 - Loss 0.056433
2026-06-18 19:55:58 | Epoch 3 - Batch 516 - Loss 0.056274
2026-06-18 19:55:58 | Epoch 3 - Batch 517 - Loss 0.056668
2026-06-18 19:55:58 | Epoch 3 - Batch 518 - Loss 0.057112
2026-06-18 19:55:58 | Epoch 3 - Batch 519 - Loss 0.057296
2026-06-18 19:55:58 | Epoch 3 - Batch 520 - Loss 0.055557
2026-06-18 19:55:58 | Epoch 3 - Batch 521 - Loss 0.057802
2026-06-18 19:55:58 | Epoch 3 - Batch 522 - Loss 0.053912
2026-06-18 19:55:58 | Epoch 3 - Batch 523 - Loss 0.056196
2026-06-18 19:55:58 | Epoch 3 - Batch 524 - Loss 0.056630
2026-06-18 19:55:58 | Epoch 3 - Batch 525 - Loss 0.054294
2026-06-18 19:55:58 | Epoch 3 - Batch 526 - Loss 0.052890
2026-06-18 19:55:58 | Epoch 3 - Batch 527 - Loss 0.055991
2026-06-18 19:55:58 | Epoch 3 - Batch 528 - Loss 0.056117
2026-06-18 19:55:58 | Epoch 3 - Batch 529 - Loss 0.057744
2026-06-18 19:55:58 | Epoch 3 - Batch 530 - Loss 0.055207
2026-06-18 19:55:59 | Epoch 3 - Batch 531 - Loss 0.056679
2026-06-18 19:55:59 | Epoch 3 - Batch 532 - Loss 0.057168
2026-06-18 19:55:59 | Epoch 3 - Batch 533 - Loss 0.055232
2026-06-18 19:55:59 | Epoch 3 - Batch 534 - Loss 0.056146
2026-06-18 19:55:59 | Epoch 3 - Batch 535 - Loss 0.056295
2026-06-18 19:55:59 | Epoch 3 - Batch 536 - Loss 0.056850
2026-06-18 19:55:59 | Epoch 3 - Batch 537 - Loss 0.056224
2026-06-18 19:55:59 | Epoch 3 - Batch 538 - Loss 0.054625
2026-06-18 19:55:59 | Epoch 3 - Batch 539 - Loss 0.055532
2026-06-18 19:55:59 | Epoch 3 - Batch 540 - Loss 0.053695
2026-06-18 19:55:59 | Epoch 3 - Batch 541 - Loss 0.055450
2026-06-18 19:55:59 | Epoch 3 - Batch 542 - Loss 0.055400
2026-06-18 19:55:59 | Epoch 3 - Batch 543 - Loss 0.057941
2026-06-18 19:55:59 | Epoch 3 - Batch 544 - Loss 0.055037
2026-06-18 19:55:59 | Epoch 3 - Batch 545 - Loss 0.054898
2026-06-18 19:55:59 | Epoch 3 - Batch 546 - Loss 0.057341
2026-06-18 19:55:59 | Epoch 3 - Batch 547 - Loss 0.054254
2026-06-18 19:55:59 | Epoch 3 - Batch 548 - Loss 0.056674
2026-06-18 19:55:59 | Epoch 3 - Batch 549 - Loss 0.056576
2026-06-18 19:55:59 | Epoch 3 - Batch 550 - Loss 0.057222
2026-06-18 19:55:59 | Epoch 3 - Batch 551 - Loss 0.057594
2026-06-18 19:55:59 | Epoch 3 - Batch 552 - Loss 0.056443
2026-06-18 19:55:59 | Epoch 3 - Batch 553 - Loss 0.054515
2026-06-18 19:55:59 | Epoch 3 - Batch 554 - Loss 0.056963
2026-06-18 19:55:59 | Epoch 3 - Batch 555 - Loss 0.053870
2026-06-18 19:55:59 | Epoch 3 - Batch 556 - Loss 0.058779
2026-06-18 19:55:59 | Epoch 3 - Batch 557 - Loss 0.056544
2026-06-18 19:55:59 | Epoch 3 - Batch 558 - Loss 0.055910
2026-06-18 19:55:59 | Epoch 3 - Batch 559 - Loss 0.058350
2026-06-18 19:55:59 | Epoch 3 - Batch 560 - Loss 0.053953
2026-06-18 19:56:00 | Epoch 3 - Batch 561 - Loss 0.055431
2026-06-18 19:56:00 | Epoch 3 - Batch 562 - Loss 0.055322
2026-06-18 19:56:00 | Epoch 3 - Batch 563 - Loss 0.056006
2026-06-18 19:56:00 | Epoch 3 - Batch 564 - Loss 0.054984
2026-06-18 19:56:00 | Epoch 3 - Batch 565 - Loss 0.053835
2026-06-18 19:56:00 | Epoch 3 - Batch 566 - Loss 0.055851
2026-06-18 19:56:00 | Epoch 3 - Batch 567 - Loss 0.055397
2026-06-18 19:56:00 | Epoch 3 - Batch 568 - Loss 0.055909
2026-06-18 19:56:00 | Epoch 3 - Batch 569 - Loss 0.057148
2026-06-18 19:56:00 | Epoch 3 - Batch 570 - Loss 0.055639
2026-06-18 19:56:00 | Epoch 3 - Batch 571 - Loss 0.056581
2026-06-18 19:56:00 | Epoch 3 - Batch 572 - Loss 0.053367
2026-06-18 19:56:00 | Epoch 3 - Batch 573 - Loss 0.056344
2026-06-18 19:56:00 | Epoch 3 - Batch 574 - Loss 0.055027
2026-06-18 19:56:00 | Epoch 3 - Batch 575 - Loss 0.056501
2026-06-18 19:56:00 | Epoch 3 - Batch 576 - Loss 0.057655
2026-06-18 19:56:00 | Epoch 3 - Batch 577 - Loss 0.056322
2026-06-18 19:56:00 | Epoch 3 - Batch 578 - Loss 0.055320
2026-06-18 19:56:00 | Epoch 3 - Batch 579 - Loss 0.056424
2026-06-18 19:56:00 | Epoch 3 - Batch 580 - Loss 0.056875
2026-06-18 19:56:00 | Epoch 3 - Batch 581 - Loss 0.054898
2026-06-18 19:56:00 | Epoch 3 - Batch 582 - Loss 0.053893
2026-06-18 19:56:00 | Epoch 3 - Batch 583 - Loss 0.055743
2026-06-18 19:56:00 | Epoch 3 - Batch 584 - Loss 0.056322
2026-06-18 19:56:00 | Epoch 3 - Batch 585 - Loss 0.054842
2026-06-18 19:56:00 | Epoch 3 - Batch 586 - Loss 0.056067
2026-06-18 19:56:00 | Epoch 3 - Batch 587 - Loss 0.055723
2026-06-18 19:56:00 | Epoch 3 - Batch 588 - Loss 0.058322
2026-06-18 19:56:00 | Epoch 3 - Batch 589 - Loss 0.057954
2026-06-18 19:56:00 | Epoch 3 - Batch 590 - Loss 0.056606
2026-06-18 19:56:01 | Epoch 3 - Batch 591 - Loss 0.057689
2026-06-18 19:56:01 | Epoch 3 - Batch 592 - Loss 0.056121
2026-06-18 19:56:01 | Epoch 3 - Batch 593 - Loss 0.055467
2026-06-18 19:56:01 | Epoch 3 - Batch 594 - Loss 0.057141
2026-06-18 19:56:01 | Epoch 3 - Batch 595 - Loss 0.056905
2026-06-18 19:56:01 | Epoch 3 - Batch 596 - Loss 0.054160
2026-06-18 19:56:01 | Epoch 3 - Batch 597 - Loss 0.054905
2026-06-18 19:56:01 | Epoch 3 - Batch 598 - Loss 0.053621
2026-06-18 19:56:01 | Epoch 3 - Batch 599 - Loss 0.055053
2026-06-18 19:56:01 | Epoch 3 - Batch 600 - Loss 0.055607
2026-06-18 19:56:01 | Epoch 3 - Batch 601 - Loss 0.057351
2026-06-18 19:56:01 | Epoch 3 - Batch 602 - Loss 0.057573
2026-06-18 19:56:01 | Epoch 3 - Batch 603 - Loss 0.056370
2026-06-18 19:56:01 | Epoch 3 - Batch 604 - Loss 0.055281
2026-06-18 19:56:01 | Epoch 3 - Batch 605 - Loss 0.053529
2026-06-18 19:56:01 | Epoch 3 - Batch 606 - Loss 0.054231
2026-06-18 19:56:01 | Epoch 3 - Batch 607 - Loss 0.054483
2026-06-18 19:56:01 | Epoch 3 - Batch 608 - Loss 0.055477
2026-06-18 19:56:01 | Epoch 3 - Batch 609 - Loss 0.057244
2026-06-18 19:56:01 | Epoch 3 - Batch 610 - Loss 0.054920
2026-06-18 19:56:01 | Epoch 3 - Batch 611 - Loss 0.054696
2026-06-18 19:56:01 | Epoch 3 - Batch 612 - Loss 0.056212
2026-06-18 19:56:01 | Epoch 3 - Batch 613 - Loss 0.054444
2026-06-18 19:56:01 | Epoch 3 - Batch 614 - Loss 0.056899
2026-06-18 19:56:01 | Epoch 3 - Batch 615 - Loss 0.059524
2026-06-18 19:56:01 | Epoch 3 - Batch 616 - Loss 0.054859
2026-06-18 19:56:01 | Epoch 3 - Batch 617 - Loss 0.058466
2026-06-18 19:56:01 | Epoch 3 - Batch 618 - Loss 0.055614
2026-06-18 19:56:01 | Epoch 3 - Batch 619 - Loss 0.057177
2026-06-18 19:56:01 | Epoch 3 - Batch 620 - Loss 0.056329
2026-06-18 19:56:02 | Epoch 3 - Batch 621 - Loss 0.053640
2026-06-18 19:56:02 | Epoch 3 - Batch 622 - Loss 0.056868
2026-06-18 19:56:02 | Epoch 3 - Batch 623 - Loss 0.055265
2026-06-18 19:56:02 | Epoch 3 - Batch 624 - Loss 0.056537
2026-06-18 19:56:02 | Epoch 3 - Batch 625 - Loss 0.055292
2026-06-18 19:56:02 | Epoch 3 - Batch 626 - Loss 0.055949
2026-06-18 19:56:02 | Epoch 3 - Batch 627 - Loss 0.057723
2026-06-18 19:56:02 | Epoch 3 - Batch 628 - Loss 0.055537
2026-06-18 19:56:02 | Epoch 3 - Batch 629 - Loss 0.054315
2026-06-18 19:56:02 | Epoch 3 - Batch 630 - Loss 0.056985
2026-06-18 19:56:02 | Epoch 3 - Batch 631 - Loss 0.054516
2026-06-18 19:56:02 | Epoch 3 - Batch 632 - Loss 0.055917
2026-06-18 19:56:02 | Epoch 3 - Batch 633 - Loss 0.056775
2026-06-18 19:56:02 | Epoch 3 - Batch 634 - Loss 0.053891
2026-06-18 19:56:02 | Epoch 3 - Batch 635 - Loss 0.056376
2026-06-18 19:56:02 | Epoch 3 - Batch 636 - Loss 0.057305
2026-06-18 19:56:02 | Epoch 3 - Batch 637 - Loss 0.053112
2026-06-18 19:56:02 | Epoch 3 - Batch 638 - Loss 0.055567
2026-06-18 19:56:02 | Epoch 3 - Batch 639 - Loss 0.055510
2026-06-18 19:56:02 | Epoch 3 - Batch 640 - Loss 0.052563
2026-06-18 19:56:02 | Epoch 3 - Batch 641 - Loss 0.054593
2026-06-18 19:56:02 | Epoch 3 - Batch 642 - Loss 0.054043
2026-06-18 19:56:02 | Epoch 3 - Batch 643 - Loss 0.054489
2026-06-18 19:56:02 | Epoch 3 - Batch 644 - Loss 0.055994
2026-06-18 19:56:02 | Epoch 3 - Batch 645 - Loss 0.056686
2026-06-18 19:56:02 | Epoch 3 - Batch 646 - Loss 0.056297
2026-06-18 19:56:02 | Epoch 3 - Batch 647 - Loss 0.055383
2026-06-18 19:56:02 | Epoch 3 - Batch 648 - Loss 0.055640
2026-06-18 19:56:02 | Epoch 3 - Batch 649 - Loss 0.056842
2026-06-18 19:56:02 | Epoch 3 - Batch 650 - Loss 0.053303
2026-06-18 19:56:03 | Epoch 3 - Batch 651 - Loss 0.053606
2026-06-18 19:56:03 | Epoch 3 - Batch 652 - Loss 0.055989
2026-06-18 19:56:03 | Epoch 3 - Batch 653 - Loss 0.054406
2026-06-18 19:56:03 | Epoch 3 - Batch 654 - Loss 0.056149
2026-06-18 19:56:03 | Epoch 3 - Batch 655 - Loss 0.055163
2026-06-18 19:56:03 | Epoch 3 - Batch 656 - Loss 0.053781
2026-06-18 19:56:03 | Epoch 3 - Batch 657 - Loss 0.054799
2026-06-18 19:56:03 | Epoch 3 - Batch 658 - Loss 0.054490
2026-06-18 19:56:03 | Epoch 3 - Batch 659 - Loss 0.056422
2026-06-18 19:56:03 | Epoch 3 - Batch 660 - Loss 0.054973
2026-06-18 19:56:03 | Epoch 3 - Batch 661 - Loss 0.053580
2026-06-18 19:56:03 | Epoch 3 - Batch 662 - Loss 0.052575
2026-06-18 19:56:03 | Epoch 3 - Batch 663 - Loss 0.053585
2026-06-18 19:56:03 | Epoch 3 - Batch 664 - Loss 0.055494
2026-06-18 19:56:03 | Epoch 3 - Batch 665 - Loss 0.054010
2026-06-18 19:56:03 | Epoch 3 - Batch 666 - Loss 0.056433
2026-06-18 19:56:03 | Epoch 3 - Batch 667 - Loss 0.055113
2026-06-18 19:56:03 | Epoch 3 - Batch 668 - Loss 0.053954
2026-06-18 19:56:03 | Epoch 3 - Batch 669 - Loss 0.054970
2026-06-18 19:56:03 | Epoch 3 - Batch 670 - Loss 0.053018
2026-06-18 19:56:03 | Epoch 3 - Batch 671 - Loss 0.056037
2026-06-18 19:56:03 | Epoch 3 - Batch 672 - Loss 0.058624
2026-06-18 19:56:03 | Epoch 3 - Batch 673 - Loss 0.054242
2026-06-18 19:56:03 | Epoch 3 - Batch 674 - Loss 0.054980
2026-06-18 19:56:03 | Epoch 3 - Batch 675 - Loss 0.055456
2026-06-18 19:56:03 | Epoch 3 - Batch 676 - Loss 0.054386
2026-06-18 19:56:03 | Epoch 3 - Batch 677 - Loss 0.055227
2026-06-18 19:56:03 | Epoch 3 - Batch 678 - Loss 0.054869
2026-06-18 19:56:03 | Epoch 3 - Batch 679 - Loss 0.054936
2026-06-18 19:56:03 | Epoch 3 - Batch 680 - Loss 0.056071
2026-06-18 19:56:03 | Epoch 3 - Batch 681 - Loss 0.052433
2026-06-18 19:56:04 | Epoch 3 - Batch 682 - Loss 0.055064
2026-06-18 19:56:04 | Epoch 3 - Batch 683 - Loss 0.054626
2026-06-18 19:56:04 | Epoch 3 - Batch 684 - Loss 0.053766
2026-06-18 19:56:04 | Epoch 3 - Batch 685 - Loss 0.055957
2026-06-18 19:56:04 | Epoch 3 - Batch 686 - Loss 0.055109
2026-06-18 19:56:04 | Epoch 3 - Batch 687 - Loss 0.055159
2026-06-18 19:56:04 | Epoch 3 - Batch 688 - Loss 0.055658
2026-06-18 19:56:04 | Epoch 3 - Batch 689 - Loss 0.057583
2026-06-18 19:56:04 | Epoch 3 - Batch 690 - Loss 0.056648
2026-06-18 19:56:04 | Epoch 3 - Batch 691 - Loss 0.056294
2026-06-18 19:56:04 | Epoch 3 - Batch 692 - Loss 0.054571
2026-06-18 19:56:04 | Epoch 3 - Batch 693 - Loss 0.052880
2026-06-18 19:56:04 | Epoch 3 - Batch 694 - Loss 0.054702
2026-06-18 19:56:04 | Epoch 3 - Batch 695 - Loss 0.053722
2026-06-18 19:56:04 | Epoch 3 - Batch 696 - Loss 0.056044
2026-06-18 19:56:04 | Epoch 3 - Batch 697 - Loss 0.053654
2026-06-18 19:56:04 | Epoch 3 - Batch 698 - Loss 0.057971
2026-06-18 19:56:04 | Epoch 3 - Batch 699 - Loss 0.054021
2026-06-18 19:56:04 | Epoch 3 - Batch 700 - Loss 0.055117
2026-06-18 19:56:04 | Epoch 3 - Batch 701 - Loss 0.054345
2026-06-18 19:56:04 | Epoch 3 - Batch 702 - Loss 0.055285
2026-06-18 19:56:04 | Epoch 3 - Batch 703 - Loss 0.055618
2026-06-18 19:56:04 | Epoch 3 - Batch 704 - Loss 0.055124
2026-06-18 19:56:04 | Epoch 3 - Batch 705 - Loss 0.054832
2026-06-18 19:56:04 | Epoch 3 - Batch 706 - Loss 0.054004
2026-06-18 19:56:04 | Epoch 3 - Batch 707 - Loss 0.056674
2026-06-18 19:56:04 | Epoch 3 - Batch 708 - Loss 0.056542
2026-06-18 19:56:04 | Epoch 3 - Batch 709 - Loss 0.055532
2026-06-18 19:56:04 | Epoch 3 - Batch 710 - Loss 0.057722
2026-06-18 19:56:04 | Epoch 3 - Batch 711 - Loss 0.054879
2026-06-18 19:56:05 | Epoch 3 - Batch 712 - Loss 0.054160
2026-06-18 19:56:05 | Epoch 3 - Batch 713 - Loss 0.053806
2026-06-18 19:56:05 | Epoch 3 - Batch 714 - Loss 0.054166
2026-06-18 19:56:05 | Epoch 3 - Batch 715 - Loss 0.053523
2026-06-18 19:56:05 | Epoch 3 - Batch 716 - Loss 0.054972
2026-06-18 19:56:05 | Epoch 3 - Batch 717 - Loss 0.054746
2026-06-18 19:56:05 | Epoch 3 - Batch 718 - Loss 0.053638
2026-06-18 19:56:05 | Epoch 3 - Batch 719 - Loss 0.055150
2026-06-18 19:56:05 | Epoch 3 - Batch 720 - Loss 0.052687
2026-06-18 19:56:05 | Epoch 3 - Batch 721 - Loss 0.054703
2026-06-18 19:56:05 | Epoch 3 - Batch 722 - Loss 0.055917
2026-06-18 19:56:05 | Epoch 3 - Batch 723 - Loss 0.055264
2026-06-18 19:56:05 | Epoch 3 - Batch 724 - Loss 0.055889
2026-06-18 19:56:05 | Epoch 3 - Batch 725 - Loss 0.056222
2026-06-18 19:56:05 | Epoch 3 - Batch 726 - Loss 0.052899
2026-06-18 19:56:05 | Epoch 3 - Batch 727 - Loss 0.058154
2026-06-18 19:56:05 | Epoch 3 - Batch 728 - Loss 0.057406
2026-06-18 19:56:05 | Epoch 3 - Batch 729 - Loss 0.055140
2026-06-18 19:56:05 | Epoch 3 - Batch 730 - Loss 0.054090
2026-06-18 19:56:05 | Epoch 3 - Batch 731 - Loss 0.054571
2026-06-18 19:56:05 | Epoch 3 - Batch 732 - Loss 0.054445
2026-06-18 19:56:05 | Epoch 3 - Batch 733 - Loss 0.054486
2026-06-18 19:56:05 | Epoch 3 - Batch 734 - Loss 0.053087
2026-06-18 19:56:05 | Epoch 3 - Batch 735 - Loss 0.055499
2026-06-18 19:56:05 | Epoch 3 - Batch 736 - Loss 0.054482
2026-06-18 19:56:05 | Epoch 3 - Batch 737 - Loss 0.057098
2026-06-18 19:56:05 | Epoch 3 - Batch 738 - Loss 0.055236
2026-06-18 19:56:05 | Epoch 3 - Batch 739 - Loss 0.054408
2026-06-18 19:56:05 | Epoch 3 - Batch 740 - Loss 0.055219
2026-06-18 19:56:05 | Epoch 3 - Batch 741 - Loss 0.054035
2026-06-18 19:56:06 | Epoch 3 - Batch 742 - Loss 0.055333
2026-06-18 19:56:06 | Epoch 3 - Batch 743 - Loss 0.055342
2026-06-18 19:56:06 | Epoch 3 - Batch 744 - Loss 0.053048
2026-06-18 19:56:06 | Epoch 3 - Batch 745 - Loss 0.056373
2026-06-18 19:56:06 | Epoch 3 - Batch 746 - Loss 0.055229
2026-06-18 19:56:06 | Epoch 3 - Batch 747 - Loss 0.054530
2026-06-18 19:56:06 | Epoch 3 - Batch 748 - Loss 0.054856
2026-06-18 19:56:06 | Epoch 3 - Batch 749 - Loss 0.055885
2026-06-18 19:56:06 | Epoch 3 - Batch 750 - Loss 0.055026
2026-06-18 19:56:06 | Epoch 3 - Batch 751 - Loss 0.055524
2026-06-18 19:56:06 | Epoch 3 - Batch 752 - Loss 0.053560
2026-06-18 19:56:06 | Epoch 3 - Batch 753 - Loss 0.053189
2026-06-18 19:56:06 | Epoch 3 - Batch 754 - Loss 0.052923
2026-06-18 19:56:06 | Epoch 3 - Batch 755 - Loss 0.056163
2026-06-18 19:56:06 | Epoch 3 - Batch 756 - Loss 0.054027
2026-06-18 19:56:06 | Epoch 3 - Batch 757 - Loss 0.054986
2026-06-18 19:56:06 | Epoch 3 - Batch 758 - Loss 0.057320
2026-06-18 19:56:06 | Epoch 3 - Batch 759 - Loss 0.055311
2026-06-18 19:56:06 | Epoch 3 - Batch 760 - Loss 0.057348
2026-06-18 19:56:06 | Epoch 3 - Batch 761 - Loss 0.055005
2026-06-18 19:56:06 | Epoch 3 - Batch 762 - Loss 0.055793
2026-06-18 19:56:06 | Epoch 3 - Batch 763 - Loss 0.055020
2026-06-18 19:56:06 | Epoch 3 - Batch 764 - Loss 0.053535
2026-06-18 19:56:06 | Epoch 3 - Batch 765 - Loss 0.055280
2026-06-18 19:56:06 | Epoch 3 - Batch 766 - Loss 0.053506
2026-06-18 19:56:06 | Epoch 3 - Batch 767 - Loss 0.056604
2026-06-18 19:56:06 | Epoch 3 - Batch 768 - Loss 0.052827
2026-06-18 19:56:06 | Epoch 3 - Batch 769 - Loss 0.054978
2026-06-18 19:56:06 | Epoch 3 - Batch 770 - Loss 0.052902
2026-06-18 19:56:06 | Epoch 3 - Batch 771 - Loss 0.055426
2026-06-18 19:56:07 | Epoch 3 - Batch 772 - Loss 0.054453
2026-06-18 19:56:07 | Epoch 3 - Batch 773 - Loss 0.053913
2026-06-18 19:56:07 | Epoch 3 - Batch 774 - Loss 0.055077
2026-06-18 19:56:07 | Epoch 3 - Batch 775 - Loss 0.054462
2026-06-18 19:56:07 | Epoch 3 - Batch 776 - Loss 0.055815
2026-06-18 19:56:07 | Epoch 3 - Batch 777 - Loss 0.055285
2026-06-18 19:56:07 | Epoch 3 - Batch 778 - Loss 0.054442
2026-06-18 19:56:07 | Epoch 3 - Batch 779 - Loss 0.056537
2026-06-18 19:56:07 | Epoch 3 - Batch 780 - Loss 0.055898
2026-06-18 19:56:07 | Epoch 3 - Batch 781 - Loss 0.053498
2026-06-18 19:56:07 | Epoch 3 - Batch 782 - Loss 0.053349
2026-06-18 19:56:07 | Epoch 3 - Batch 783 - Loss 0.051835
2026-06-18 19:56:07 | Epoch 3 - Batch 784 - Loss 0.056107
2026-06-18 19:56:07 | Epoch 3 - Batch 785 - Loss 0.054775
2026-06-18 19:56:07 | Epoch 3 - Batch 786 - Loss 0.055353
2026-06-18 19:56:07 | Epoch 3 - Batch 787 - Loss 0.055157
2026-06-18 19:56:07 | Epoch 3 - Batch 788 - Loss 0.058038
2026-06-18 19:56:07 | Epoch 3 - Batch 789 - Loss 0.053921
2026-06-18 19:56:07 | Epoch 3 - Batch 790 - Loss 0.051969
2026-06-18 19:56:07 | Epoch 3 - Batch 791 - Loss 0.053676
2026-06-18 19:56:07 | Epoch 3 - Batch 792 - Loss 0.055206
2026-06-18 19:56:07 | Epoch 3 - Batch 793 - Loss 0.055671
2026-06-18 19:56:07 | Epoch 3 - Batch 794 - Loss 0.053783
2026-06-18 19:56:07 | Epoch 3 - Batch 795 - Loss 0.053722
2026-06-18 19:56:07 | Epoch 3 - Batch 796 - Loss 0.053160
2026-06-18 19:56:07 | Epoch 3 - Batch 797 - Loss 0.055631
2026-06-18 19:56:07 | Epoch 3 - Batch 798 - Loss 0.053334
2026-06-18 19:56:07 | Epoch 3 - Batch 799 - Loss 0.054287
2026-06-18 19:56:07 | Epoch 3 - Batch 800 - Loss 0.054226
2026-06-18 19:56:07 | Epoch 3 - Batch 801 - Loss 0.054885
2026-06-18 19:56:08 | Epoch 3 - Batch 802 - Loss 0.053591
2026-06-18 19:56:08 | Epoch 3 - Batch 803 - Loss 0.056574
2026-06-18 19:56:08 | Epoch 3 - Batch 804 - Loss 0.054225
2026-06-18 19:56:08 | Epoch 3 - Batch 805 - Loss 0.052269
2026-06-18 19:56:08 | Epoch 3 - Batch 806 - Loss 0.054859
2026-06-18 19:56:08 | Epoch 3 - Batch 807 - Loss 0.055122
2026-06-18 19:56:08 | Epoch 3 - Batch 808 - Loss 0.056390
2026-06-18 19:56:08 | Epoch 3 - Batch 809 - Loss 0.054339
2026-06-18 19:56:08 | Epoch 3 - Batch 810 - Loss 0.055245
2026-06-18 19:56:08 | Epoch 3 - Batch 811 - Loss 0.055484
2026-06-18 19:56:08 | Epoch 3 - Batch 812 - Loss 0.053561
2026-06-18 19:56:08 | Epoch 3 - Batch 813 - Loss 0.054293
2026-06-18 19:56:08 | Epoch 3 - Batch 814 - Loss 0.053071
2026-06-18 19:56:08 | Epoch 3 - Batch 815 - Loss 0.053980
2026-06-18 19:56:08 | Epoch 3 - Batch 816 - Loss 0.054185
2026-06-18 19:56:08 | Epoch 3 - Batch 817 - Loss 0.053148
2026-06-18 19:56:08 | Epoch 3 - Batch 818 - Loss 0.055510
2026-06-18 19:56:08 | Epoch 3 - Batch 819 - Loss 0.052400
2026-06-18 19:56:08 | Epoch 3 - Batch 820 - Loss 0.053776
2026-06-18 19:56:08 | Epoch 3 - Batch 821 - Loss 0.052746
2026-06-18 19:56:08 | Epoch 3 - Batch 822 - Loss 0.055087
2026-06-18 19:56:08 | Epoch 3 - Batch 823 - Loss 0.053889
2026-06-18 19:56:08 | Epoch 3 - Batch 824 - Loss 0.054405
2026-06-18 19:56:08 | Epoch 3 - Batch 825 - Loss 0.054363
2026-06-18 19:56:08 | Epoch 3 - Batch 826 - Loss 0.053409
2026-06-18 19:56:08 | Epoch 3 - Batch 827 - Loss 0.056495
2026-06-18 19:56:08 | Epoch 3 - Batch 828 - Loss 0.056244
2026-06-18 19:56:08 | Epoch 3 - Batch 829 - Loss 0.053420
2026-06-18 19:56:08 | Epoch 3 - Batch 830 - Loss 0.056246
2026-06-18 19:56:08 | Epoch 3 - Batch 831 - Loss 0.054380
2026-06-18 19:56:09 | Epoch 3 - Batch 832 - Loss 0.053943
2026-06-18 19:56:09 | Epoch 3 - Batch 833 - Loss 0.054366
2026-06-18 19:56:09 | Epoch 3 - Batch 834 - Loss 0.055234
2026-06-18 19:56:09 | Epoch 3 - Batch 835 - Loss 0.056289
2026-06-18 19:56:09 | Epoch 3 - Batch 836 - Loss 0.053705
2026-06-18 19:56:09 | Epoch 3 - Batch 837 - Loss 0.052585
2026-06-18 19:56:09 | Epoch 3 - Batch 838 - Loss 0.052427
2026-06-18 19:56:09 | Epoch 3 - Batch 839 - Loss 0.054286
2026-06-18 19:56:09 | Epoch 3 - Batch 840 - Loss 0.054694
2026-06-18 19:56:09 | Epoch 3 - Batch 841 - Loss 0.053407
2026-06-18 19:56:09 | Epoch 3 - Batch 842 - Loss 0.054833
2026-06-18 19:56:09 | Epoch 3 - Batch 843 - Loss 0.055505
2026-06-18 19:56:09 | Epoch 3 - Batch 844 - Loss 0.053909
2026-06-18 19:56:09 | Epoch 3 - Batch 845 - Loss 0.052106
2026-06-18 19:56:09 | Epoch 3 - Batch 846 - Loss 0.052254
2026-06-18 19:56:09 | Epoch 3 - Batch 847 - Loss 0.052675
2026-06-18 19:56:09 | Epoch 3 - Batch 848 - Loss 0.054186
2026-06-18 19:56:09 | Epoch 3 - Batch 849 - Loss 0.054996
2026-06-18 19:56:09 | Epoch 3 - Batch 850 - Loss 0.054291
2026-06-18 19:56:09 | Epoch 3 - Batch 851 - Loss 0.055192
2026-06-18 19:56:09 | Epoch 3 - Batch 852 - Loss 0.054530
2026-06-18 19:56:09 | Epoch 3 - Batch 853 - Loss 0.056367
2026-06-18 19:56:09 | Epoch 3 - Batch 854 - Loss 0.053063
2026-06-18 19:56:09 | Epoch 3 - Batch 855 - Loss 0.054384
2026-06-18 19:56:09 | Epoch 3 - Batch 856 - Loss 0.057968
2026-06-18 19:56:09 | Epoch 3 - Batch 857 - Loss 0.052801
2026-06-18 19:56:09 | Epoch 3 - Batch 858 - Loss 0.052701
2026-06-18 19:56:09 | Epoch 3 - Batch 859 - Loss 0.054578
2026-06-18 19:56:09 | Epoch 3 - Batch 860 - Loss 0.055930
2026-06-18 19:56:09 | Epoch 3 - Batch 861 - Loss 0.054426
2026-06-18 19:56:10 | Epoch 3 - Batch 862 - Loss 0.056790
2026-06-18 19:56:10 | Epoch 3 - Batch 863 - Loss 0.053906
2026-06-18 19:56:10 | Epoch 3 - Batch 864 - Loss 0.055589
2026-06-18 19:56:10 | Epoch 3 - Batch 865 - Loss 0.055005
2026-06-18 19:56:10 | Epoch 3 - Batch 866 - Loss 0.054890
2026-06-18 19:56:10 | Epoch 3 - Batch 867 - Loss 0.051149
2026-06-18 19:56:10 | Epoch 3 - Batch 868 - Loss 0.054718
2026-06-18 19:56:10 | Epoch 3 - Batch 869 - Loss 0.056097
2026-06-18 19:56:10 | Epoch 3 - Batch 870 - Loss 0.054774
2026-06-18 19:56:10 | Epoch 3 - Batch 871 - Loss 0.054027
2026-06-18 19:56:10 | Epoch 3 - Batch 872 - Loss 0.052060
2026-06-18 19:56:10 | Epoch 3 - Batch 873 - Loss 0.052627
2026-06-18 19:56:10 | Epoch 3 - Batch 874 - Loss 0.054678
2026-06-18 19:56:10 | Epoch 3 - Batch 875 - Loss 0.053907
2026-06-18 19:56:10 | Epoch 3 - Batch 876 - Loss 0.053748
2026-06-18 19:56:10 | Epoch 3 - Batch 877 - Loss 0.056408
2026-06-18 19:56:10 | Epoch 3 - Batch 878 - Loss 0.054673
2026-06-18 19:56:10 | Epoch 3 - Batch 879 - Loss 0.054893
2026-06-18 19:56:10 | Epoch 3 - Batch 880 - Loss 0.056072
2026-06-18 19:56:10 | Epoch 3 - Batch 881 - Loss 0.053861
2026-06-18 19:56:10 | Epoch 3 - Batch 882 - Loss 0.054032
2026-06-18 19:56:10 | Epoch 3 - Batch 883 - Loss 0.054067
2026-06-18 19:56:10 | Epoch 3 - Batch 884 - Loss 0.053313
2026-06-18 19:56:10 | Epoch 3 - Batch 885 - Loss 0.054046
2026-06-18 19:56:10 | Epoch 3 - Batch 886 - Loss 0.054691
2026-06-18 19:56:10 | Epoch 3 - Batch 887 - Loss 0.055442
2026-06-18 19:56:10 | Epoch 3 - Batch 888 - Loss 0.052749
2026-06-18 19:56:10 | Epoch 3 - Batch 889 - Loss 0.053920
2026-06-18 19:56:10 | Epoch 3 - Batch 890 - Loss 0.053997
2026-06-18 19:56:10 | Epoch 3 - Batch 891 - Loss 0.052650
2026-06-18 19:56:11 | Epoch 3 - Batch 892 - Loss 0.052275
2026-06-18 19:56:11 | Epoch 3 - Batch 893 - Loss 0.053812
2026-06-18 19:56:11 | Epoch 3 - Batch 894 - Loss 0.054896
2026-06-18 19:56:11 | Epoch 3 - Batch 895 - Loss 0.053310
2026-06-18 19:56:11 | Epoch 3 - Batch 896 - Loss 0.057216
2026-06-18 19:56:11 | Epoch 3 - Batch 897 - Loss 0.054004
2026-06-18 19:56:11 | Epoch 3 - Batch 898 - Loss 0.056847
2026-06-18 19:56:11 | Epoch 3 - Batch 899 - Loss 0.053196
2026-06-18 19:56:11 | Epoch 3 - Batch 900 - Loss 0.053517
2026-06-18 19:56:11 | Epoch 3 - Batch 901 - Loss 0.054684
2026-06-18 19:56:11 | Epoch 3 - Batch 902 - Loss 0.051724
2026-06-18 19:56:11 | Epoch 3 - Batch 903 - Loss 0.052180
2026-06-18 19:56:11 | Epoch 3 - Batch 904 - Loss 0.053568
2026-06-18 19:56:11 | Epoch 3 - Batch 905 - Loss 0.053639
2026-06-18 19:56:11 | Epoch 3 - Batch 906 - Loss 0.054293
2026-06-18 19:56:11 | Epoch 3 - Batch 907 - Loss 0.054720
2026-06-18 19:56:11 | Epoch 3 - Batch 908 - Loss 0.052377
2026-06-18 19:56:11 | Epoch 3 - Batch 909 - Loss 0.057031
2026-06-18 19:56:11 | Epoch 3 - Batch 910 - Loss 0.055843
2026-06-18 19:56:11 | Epoch 3 - Batch 911 - Loss 0.052991
2026-06-18 19:56:11 | Epoch 3 - Batch 912 - Loss 0.054962
2026-06-18 19:56:11 | Epoch 3 - Batch 913 - Loss 0.055483
2026-06-18 19:56:11 | Epoch 3 - Batch 914 - Loss 0.054211
2026-06-18 19:56:11 | Epoch 3 - Batch 915 - Loss 0.055005
2026-06-18 19:56:11 | Epoch 3 - Batch 916 - Loss 0.055179
2026-06-18 19:56:11 | Epoch 3 - Batch 917 - Loss 0.052365
2026-06-18 19:56:11 | Epoch 3 - Batch 918 - Loss 0.053634
2026-06-18 19:56:11 | Epoch 3 - Batch 919 - Loss 0.053490
2026-06-18 19:56:11 | Epoch 3 - Batch 920 - Loss 0.053582
2026-06-18 19:56:11 | Epoch 3 - Batch 921 - Loss 0.053104
2026-06-18 19:56:12 | Epoch 3 - Batch 922 - Loss 0.055139
2026-06-18 19:56:12 | Epoch 3 - Batch 923 - Loss 0.051078
2026-06-18 19:56:12 | Epoch 3 - Batch 924 - Loss 0.053847
2026-06-18 19:56:12 | Epoch 3 - Batch 925 - Loss 0.052044
2026-06-18 19:56:12 | Epoch 3 - Batch 926 - Loss 0.055436
2026-06-18 19:56:12 | Epoch 3 - Batch 927 - Loss 0.052777
2026-06-18 19:56:12 | Epoch 3 - Batch 928 - Loss 0.051854
2026-06-18 19:56:12 | Epoch 3 - Batch 929 - Loss 0.053077
2026-06-18 19:56:12 | Epoch 3 - Batch 930 - Loss 0.051507
2026-06-18 19:56:12 | Epoch 3 - Batch 931 - Loss 0.054916
2026-06-18 19:56:12 | Epoch 3 - Batch 932 - Loss 0.054675
2026-06-18 19:56:12 | Epoch 3 - Batch 933 - Loss 0.052721
2026-06-18 19:56:12 | Epoch 3 - Batch 934 - Loss 0.053769
2026-06-18 19:56:12 | Epoch 3 - Batch 935 - Loss 0.055877
2026-06-18 19:56:12 | Epoch 3 - Batch 936 - Loss 0.054853
2026-06-18 19:56:12 | Epoch 3 - Batch 937 - Loss 0.053492
2026-06-18 19:56:12 | Epoch 3 - Batch 938 - Loss 0.054056
2026-06-18 19:56:12 | Epoch 3 - Batch 939 - Loss 0.053157
2026-06-18 19:56:12 | Epoch 3 - Batch 940 - Loss 0.053420
2026-06-18 19:56:12 | Epoch 3 - Batch 941 - Loss 0.057206
2026-06-18 19:56:12 | Epoch 3 - Batch 942 - Loss 0.053351
2026-06-18 19:56:12 | Epoch 3 - Batch 943 - Loss 0.053906
2026-06-18 19:56:12 | Epoch 3 - Batch 944 - Loss 0.053385
2026-06-18 19:56:12 | Epoch 3 - Batch 945 - Loss 0.053484
2026-06-18 19:56:12 | Epoch 3 - Batch 946 - Loss 0.054659
2026-06-18 19:56:12 | Epoch 3 - Batch 947 - Loss 0.054332
2026-06-18 19:56:12 | Epoch 3 - Batch 948 - Loss 0.053783
2026-06-18 19:56:12 | Epoch 3 - Batch 949 - Loss 0.054278
2026-06-18 19:56:12 | Epoch 3 - Batch 950 - Loss 0.054382
2026-06-18 19:56:12 | Epoch 3 - Batch 951 - Loss 0.051902
2026-06-18 19:56:12 | Epoch 3 - Batch 952 - Loss 0.054912
2026-06-18 19:56:13 | Epoch 3 - Batch 953 - Loss 0.054722
2026-06-18 19:56:13 | Epoch 3 - Batch 954 - Loss 0.051614
2026-06-18 19:56:13 | Epoch 3 - Batch 955 - Loss 0.053491
2026-06-18 19:56:13 | Epoch 3 - Batch 956 - Loss 0.053347
2026-06-18 19:56:13 | Epoch 3 - Batch 957 - Loss 0.051888
2026-06-18 19:56:13 | Epoch 3 - Batch 958 - Loss 0.050776
2026-06-18 19:56:13 | Epoch 3 - Batch 959 - Loss 0.052657
2026-06-18 19:56:13 | Epoch 3 - Batch 960 - Loss 0.056637
2026-06-18 19:56:13 | Epoch 3 - Batch 961 - Loss 0.051992
2026-06-18 19:56:13 | Epoch 3 - Batch 962 - Loss 0.054435
2026-06-18 19:56:13 | Epoch 3 - Batch 963 - Loss 0.055244
2026-06-18 19:56:13 | Epoch 3 - Batch 964 - Loss 0.054838
2026-06-18 19:56:13 | Epoch 3 - Batch 965 - Loss 0.051662
2026-06-18 19:56:13 | Epoch 3 - Batch 966 - Loss 0.053631
2026-06-18 19:56:13 | Epoch 3 - Batch 967 - Loss 0.054283
2026-06-18 19:56:13 | Epoch 3 - Batch 968 - Loss 0.054049
2026-06-18 19:56:13 | Epoch 3 - Batch 969 - Loss 0.053893
2026-06-18 19:56:13 | Epoch 3 - Batch 970 - Loss 0.052186
2026-06-18 19:56:13 | Epoch 3 - Batch 971 - Loss 0.053803
2026-06-18 19:56:13 | Epoch 3 - Batch 972 - Loss 0.052071
2026-06-18 19:56:13 | Epoch 3 - Batch 973 - Loss 0.051955
2026-06-18 19:56:13 | Epoch 3 - Batch 974 - Loss 0.052201
2026-06-18 19:56:13 | Epoch 3 - Batch 975 - Loss 0.051493
2026-06-18 19:56:13 | Epoch 3 - Batch 976 - Loss 0.056421
2026-06-18 19:56:13 | Epoch 3 - Batch 977 - Loss 0.055778
2026-06-18 19:56:13 | Epoch 3 - Batch 978 - Loss 0.051929
2026-06-18 19:56:13 | Epoch 3 - Batch 979 - Loss 0.052358
2026-06-18 19:56:13 | Epoch 3 - Batch 980 - Loss 0.053015
2026-06-18 19:56:13 | Epoch 3 - Batch 981 - Loss 0.052520
2026-06-18 19:56:13 | Epoch 3 - Batch 982 - Loss 0.053137
2026-06-18 19:56:14 | Epoch 3 - Batch 983 - Loss 0.052249
2026-06-18 19:56:14 | Epoch 3 - Batch 984 - Loss 0.052671
2026-06-18 19:56:14 | Epoch 3 - Batch 985 - Loss 0.056158
2026-06-18 19:56:14 | Epoch 3 - Batch 986 - Loss 0.054119
2026-06-18 19:56:14 | Epoch 3 - Batch 987 - Loss 0.054808
2026-06-18 19:56:14 | Epoch 3 - Batch 988 - Loss 0.052493
2026-06-18 19:56:14 | Epoch 3 - Batch 989 - Loss 0.052842
2026-06-18 19:56:14 | Epoch 3 - Batch 990 - Loss 0.052313
2026-06-18 19:56:14 | Epoch 3 - Batch 991 - Loss 0.051684
2026-06-18 19:56:14 | Epoch 3 - Batch 992 - Loss 0.054613
2026-06-18 19:56:14 | Epoch 3 - Batch 993 - Loss 0.052557
2026-06-18 19:56:14 | Epoch 3 - Batch 994 - Loss 0.051894
2026-06-18 19:56:14 | Epoch 3 - Batch 995 - Loss 0.053336
2026-06-18 19:56:14 | Epoch 3 - Batch 996 - Loss 0.052878
2026-06-18 19:56:14 | Epoch 3 - Batch 997 - Loss 0.053702
2026-06-18 19:56:14 | Epoch 3 - Batch 998 - Loss 0.053553
2026-06-18 19:56:14 | Epoch 3 - Batch 999 - Loss 0.053704
2026-06-18 19:56:14 | Epoch 3 - Batch 1000 - Loss 0.053360
2026-06-18 19:56:14 | Epoch 3 - Batch 1001 - Loss 0.052665
2026-06-18 19:56:14 | Epoch 3 - Batch 1002 - Loss 0.051209
2026-06-18 19:56:14 | Epoch 3 - Batch 1003 - Loss 0.051612
2026-06-18 19:56:14 | Epoch 3 - Batch 1004 - Loss 0.054214
2026-06-18 19:56:14 | Epoch 3 - Batch 1005 - Loss 0.054122
2026-06-18 19:56:14 | Epoch 3 - Batch 1006 - Loss 0.051244
2026-06-18 19:56:14 | Epoch 3 - Batch 1007 - Loss 0.051600
2026-06-18 19:56:14 | Epoch 3 - Batch 1008 - Loss 0.052713
2026-06-18 19:56:14 | Epoch 3 - Batch 1009 - Loss 0.054504
2026-06-18 19:56:14 | Epoch 3 - Batch 1010 - Loss 0.054951
2026-06-18 19:56:14 | Epoch 3 - Batch 1011 - Loss 0.053100
2026-06-18 19:56:14 | Epoch 3 - Batch 1012 - Loss 0.054362
2026-06-18 19:56:15 | Epoch 3 - Batch 1013 - Loss 0.054348
2026-06-18 19:56:15 | Epoch 3 - Batch 1014 - Loss 0.054360
2026-06-18 19:56:15 | Epoch 3 - Batch 1015 - Loss 0.055457
2026-06-18 19:56:15 | Epoch 3 - Batch 1016 - Loss 0.053046
2026-06-18 19:56:15 | Epoch 3 - Batch 1017 - Loss 0.053151
2026-06-18 19:56:15 | Epoch 3 - Batch 1018 - Loss 0.054729
2026-06-18 19:56:15 | Epoch 3 - Batch 1019 - Loss 0.052403
2026-06-18 19:56:15 | Epoch 3 - Batch 1020 - Loss 0.053017
2026-06-18 19:56:15 | Epoch 3 - Batch 1021 - Loss 0.054838
2026-06-18 19:56:15 | Epoch 3 - Batch 1022 - Loss 0.054379
2026-06-18 19:56:15 | Epoch 3 - Batch 1023 - Loss 0.053912
2026-06-18 19:56:15 | Epoch 3 - Batch 1024 - Loss 0.052313
2026-06-18 19:56:15 | Epoch 3 - Batch 1025 - Loss 0.055304
2026-06-18 19:56:15 | Epoch 3 - Batch 1026 - Loss 0.051787
2026-06-18 19:56:15 | Epoch 3 - Batch 1027 - Loss 0.054873
2026-06-18 19:56:15 | Epoch 3 - Batch 1028 - Loss 0.052712
2026-06-18 19:56:15 | Epoch 3 - Batch 1029 - Loss 0.052736
2026-06-18 19:56:15 | Epoch 3 - Batch 1030 - Loss 0.053519
2026-06-18 19:56:15 | Epoch 3 - Batch 1031 - Loss 0.053368
2026-06-18 19:56:15 | Epoch 3 - Batch 1032 - Loss 0.051002
2026-06-18 19:56:15 | Epoch 3 - Batch 1033 - Loss 0.055358
2026-06-18 19:56:15 | Epoch 3 - Batch 1034 - Loss 0.055176
2026-06-18 19:56:15 | Epoch 3 - Batch 1035 - Loss 0.052809
2026-06-18 19:56:15 | Epoch 3 - Batch 1036 - Loss 0.053144
2026-06-18 19:56:15 | Epoch 3 - Batch 1037 - Loss 0.053171
2026-06-18 19:56:15 | Epoch 3 - Batch 1038 - Loss 0.054570
2026-06-18 19:56:15 | Epoch 3 - Batch 1039 - Loss 0.052641
2026-06-18 19:56:15 | Epoch 3 - Batch 1040 - Loss 0.053652
2026-06-18 19:56:15 | Epoch 3 - Batch 1041 - Loss 0.055579
2026-06-18 19:56:15 | Epoch 3 - Batch 1042 - Loss 0.052993
2026-06-18 19:56:16 | Epoch 3 - Batch 1043 - Loss 0.054356
2026-06-18 19:56:16 | Epoch 3 - Batch 1044 - Loss 0.053651
2026-06-18 19:56:16 | Epoch 3 - Batch 1045 - Loss 0.055077
2026-06-18 19:56:16 | Epoch 3 - Batch 1046 - Loss 0.053005
2026-06-18 19:56:16 | Epoch 3 - Batch 1047 - Loss 0.054972
2026-06-18 19:56:16 | Epoch 3 - Batch 1048 - Loss 0.053469
2026-06-18 19:56:16 | Epoch 3 - Batch 1049 - Loss 0.054223
2026-06-18 19:56:16 | Epoch 3 - Batch 1050 - Loss 0.052657
2026-06-18 19:56:16 | Epoch 3 - Batch 1051 - Loss 0.053080
2026-06-18 19:56:16 | Epoch 3 - Batch 1052 - Loss 0.052103
2026-06-18 19:56:16 | Epoch 3 - Batch 1053 - Loss 0.052443
2026-06-18 19:56:16 | Epoch 3 - Batch 1054 - Loss 0.053286
2026-06-18 19:56:16 | Epoch 3 - Batch 1055 - Loss 0.053229
2026-06-18 19:56:16 | Epoch 3 - Batch 1056 - Loss 0.054600
2026-06-18 19:56:16 | Epoch 3 - Batch 1057 - Loss 0.054055
2026-06-18 19:56:16 | Epoch 3 - Batch 1058 - Loss 0.052181
2026-06-18 19:56:16 | Epoch 3 - Batch 1059 - Loss 0.052157
2026-06-18 19:56:16 | Epoch 3 - Batch 1060 - Loss 0.052288
2026-06-18 19:56:16 | Epoch 3 - Batch 1061 - Loss 0.053579
2026-06-18 19:56:16 | Epoch 3 - Batch 1062 - Loss 0.053735
2026-06-18 19:56:16 | Epoch 3 - Batch 1063 - Loss 0.052552
2026-06-18 19:56:16 | Epoch 3 - Batch 1064 - Loss 0.054373
2026-06-18 19:56:16 | Epoch 3 - Batch 1065 - Loss 0.055198
2026-06-18 19:56:16 | Epoch 3 - Batch 1066 - Loss 0.052778
2026-06-18 19:56:16 | Epoch 3 - Batch 1067 - Loss 0.053189
2026-06-18 19:56:16 | Epoch 3 - Batch 1068 - Loss 0.053857
2026-06-18 19:56:16 | Epoch 3 - Batch 1069 - Loss 0.052908
2026-06-18 19:56:16 | Epoch 3 - Batch 1070 - Loss 0.054235
2026-06-18 19:56:16 | Epoch 3 - Batch 1071 - Loss 0.052781
2026-06-18 19:56:16 | Epoch 3 - Batch 1072 - Loss 0.053401
2026-06-18 19:56:17 | Epoch 3 - Batch 1073 - Loss 0.053398
2026-06-18 19:56:17 | Epoch 3 - Batch 1074 - Loss 0.051900
2026-06-18 19:56:17 | Epoch 3 - Batch 1075 - Loss 0.053202
2026-06-18 19:56:17 | Epoch 3 - Batch 1076 - Loss 0.052627
2026-06-18 19:56:17 | Epoch 3 - Batch 1077 - Loss 0.052736
2026-06-18 19:56:17 | Epoch 3 - Batch 1078 - Loss 0.053940
2026-06-18 19:56:17 | Epoch 3 - Batch 1079 - Loss 0.051214
2026-06-18 19:56:17 | Epoch 3 - Batch 1080 - Loss 0.051741
2026-06-18 19:56:17 | Epoch 3 - Batch 1081 - Loss 0.052089
2026-06-18 19:56:17 | Epoch 3 - Batch 1082 - Loss 0.053127
2026-06-18 19:56:17 | Epoch 3 - Batch 1083 - Loss 0.053623
2026-06-18 19:56:17 | Epoch 3 - Batch 1084 - Loss 0.052252
2026-06-18 19:56:17 | Epoch 3 - Batch 1085 - Loss 0.053120
2026-06-18 19:56:17 | Epoch 3 - Batch 1086 - Loss 0.052359
2026-06-18 19:56:17 | Epoch 3 - Batch 1087 - Loss 0.051863
2026-06-18 19:56:17 | Epoch 3 - Batch 1088 - Loss 0.051595
2026-06-18 19:56:17 | Epoch 3 - Batch 1089 - Loss 0.054967
2026-06-18 19:56:17 | Epoch 3 - Batch 1090 - Loss 0.052811
2026-06-18 19:56:17 | Epoch 3 - Batch 1091 - Loss 0.053198
2026-06-18 19:56:17 | Epoch 3 - Batch 1092 - Loss 0.055952
2026-06-18 19:56:17 | Epoch 3 - Batch 1093 - Loss 0.054006
2026-06-18 19:56:17 | Epoch 3 - Batch 1094 - Loss 0.053780
2026-06-18 19:56:17 | Epoch 3 - Batch 1095 - Loss 0.054422
2026-06-18 19:56:17 | Epoch 3 - Batch 1096 - Loss 0.051619
2026-06-18 19:56:17 | Epoch 3 - Batch 1097 - Loss 0.052296
2026-06-18 19:56:17 | Epoch 3 - Batch 1098 - Loss 0.052060
2026-06-18 19:56:17 | Epoch 3 - Batch 1099 - Loss 0.051590
2026-06-18 19:56:17 | Epoch 3 - Batch 1100 - Loss 0.051263
2026-06-18 19:56:17 | Epoch 3 - Batch 1101 - Loss 0.056050
2026-06-18 19:56:17 | Epoch 3 - Batch 1102 - Loss 0.052245
2026-06-18 19:56:18 | Epoch 3 - Batch 1103 - Loss 0.051892
2026-06-18 19:56:18 | Epoch 3 - Batch 1104 - Loss 0.052398
2026-06-18 19:56:18 | Epoch 3 - Batch 1105 - Loss 0.051798
2026-06-18 19:56:18 | Epoch 3 - Batch 1106 - Loss 0.051774
2026-06-18 19:56:18 | Epoch 3 - Batch 1107 - Loss 0.052856
2026-06-18 19:56:18 | Epoch 3 - Batch 1108 - Loss 0.053673
2026-06-18 19:56:18 | Epoch 3 - Batch 1109 - Loss 0.054724
2026-06-18 19:56:18 | Epoch 3 - Batch 1110 - Loss 0.051815
2026-06-18 19:56:18 | Epoch 3 - Batch 1111 - Loss 0.053407
2026-06-18 19:56:18 | Epoch 3 - Batch 1112 - Loss 0.053037
2026-06-18 19:56:18 | Epoch 3 - Batch 1113 - Loss 0.051894
2026-06-18 19:56:18 | Epoch 3 - Batch 1114 - Loss 0.051287
2026-06-18 19:56:18 | Epoch 3 - Batch 1115 - Loss 0.051225
2026-06-18 19:56:18 | Epoch 3 - Batch 1116 - Loss 0.050969
2026-06-18 19:56:18 | Epoch 3 - Batch 1117 - Loss 0.053784
2026-06-18 19:56:18 | Epoch 3 - Batch 1118 - Loss 0.054030
2026-06-18 19:56:18 | Epoch 3 - Batch 1119 - Loss 0.052745
2026-06-18 19:56:18 | Epoch 3 - Batch 1120 - Loss 0.052157
2026-06-18 19:56:18 | Epoch 3 - Batch 1121 - Loss 0.054009
2026-06-18 19:56:18 | Epoch 3 - Batch 1122 - Loss 0.051518
2026-06-18 19:56:18 | Epoch 3 - Batch 1123 - Loss 0.055932
2026-06-18 19:56:18 | Epoch 3 - Batch 1124 - Loss 0.051873
2026-06-18 19:56:18 | Epoch 3 - Batch 1125 - Loss 0.053538
2026-06-18 19:56:18 | Epoch 3 - Batch 1126 - Loss 0.053659
2026-06-18 19:56:18 | Epoch 3 - Batch 1127 - Loss 0.052893
2026-06-18 19:56:18 | Epoch 3 - Batch 1128 - Loss 0.055459
2026-06-18 19:56:18 | Epoch 3 - Batch 1129 - Loss 0.050793
2026-06-18 19:56:18 | Epoch 3 - Batch 1130 - Loss 0.050809
2026-06-18 19:56:18 | Epoch 3 - Batch 1131 - Loss 0.051912
2026-06-18 19:56:18 | Epoch 3 - Batch 1132 - Loss 0.054680
2026-06-18 19:56:19 | Epoch 3 - Batch 1133 - Loss 0.053791
2026-06-18 19:56:19 | Epoch 3 - Batch 1134 - Loss 0.053851
2026-06-18 19:56:19 | Epoch 3 - Batch 1135 - Loss 0.051570
2026-06-18 19:56:19 | Epoch 3 - Batch 1136 - Loss 0.053122
2026-06-18 19:56:19 | Epoch 3 - Batch 1137 - Loss 0.053818
2026-06-18 19:56:19 | Epoch 3 - Batch 1138 - Loss 0.054344
2026-06-18 19:56:19 | Epoch 3 - Batch 1139 - Loss 0.052682
2026-06-18 19:56:19 | Epoch 3 - Batch 1140 - Loss 0.056753
2026-06-18 19:56:19 | Epoch 3 - Batch 1141 - Loss 0.051594
2026-06-18 19:56:19 | Epoch 3 - Batch 1142 - Loss 0.053811
2026-06-18 19:56:19 | Epoch 3 - Batch 1143 - Loss 0.053706
2026-06-18 19:56:19 | Epoch 3 - Batch 1144 - Loss 0.053220
2026-06-18 19:56:19 | Epoch 3 - Batch 1145 - Loss 0.054103
2026-06-18 19:56:19 | Epoch 3 - Batch 1146 - Loss 0.053759
2026-06-18 19:56:19 | Epoch 3 - Batch 1147 - Loss 0.052920
2026-06-18 19:56:19 | Epoch 3 - Batch 1148 - Loss 0.054686
2026-06-18 19:56:19 | Epoch 3 - Batch 1149 - Loss 0.052506
2026-06-18 19:56:19 | Epoch 3 - Batch 1150 - Loss 0.053220
2026-06-18 19:56:30 | Epoch 3 finished in 49.30 sec | train 0.053220 S=1 | valid 0.056531 S=1 | valid_S1 0.056531 valid_S10 0.287130 valid_S2 0.086795 valid_S4 0.143758 valid_S8 0.244694 | lr 1.00e-04
2026-06-18 19:56:30 | Epoch 4 - Batch 0 - Loss 0.051274
2026-06-18 19:56:30 | Epoch 4 - Batch 1 - Loss 0.054137
2026-06-18 19:56:30 | Epoch 4 - Batch 2 - Loss 0.053384
2026-06-18 19:56:30 | Epoch 4 - Batch 3 - Loss 0.053529
2026-06-18 19:56:30 | Epoch 4 - Batch 4 - Loss 0.052496
2026-06-18 19:56:30 | Epoch 4 - Batch 5 - Loss 0.054637
2026-06-18 19:56:30 | Epoch 4 - Batch 6 - Loss 0.051157
2026-06-18 19:56:30 | Epoch 4 - Batch 7 - Loss 0.053209
2026-06-18 19:56:30 | Epoch 4 - Batch 8 - Loss 0.053360
2026-06-18 19:56:31 | Epoch 4 - Batch 9 - Loss 0.051630
2026-06-18 19:56:31 | Epoch 4 - Batch 10 - Loss 0.053499
2026-06-18 19:56:31 | Epoch 4 - Batch 11 - Loss 0.053278
2026-06-18 19:56:31 | Epoch 4 - Batch 12 - Loss 0.053856
2026-06-18 19:56:31 | Epoch 4 - Batch 13 - Loss 0.051585
2026-06-18 19:56:31 | Epoch 4 - Batch 14 - Loss 0.054667
2026-06-18 19:56:31 | Epoch 4 - Batch 15 - Loss 0.055948
2026-06-18 19:56:31 | Epoch 4 - Batch 16 - Loss 0.053047
2026-06-18 19:56:31 | Epoch 4 - Batch 17 - Loss 0.053120
2026-06-18 19:56:31 | Epoch 4 - Batch 18 - Loss 0.053466
2026-06-18 19:56:31 | Epoch 4 - Batch 19 - Loss 0.051867
2026-06-18 19:56:31 | Epoch 4 - Batch 20 - Loss 0.053098
2026-06-18 19:56:31 | Epoch 4 - Batch 21 - Loss 0.051036
2026-06-18 19:56:31 | Epoch 4 - Batch 22 - Loss 0.052364
2026-06-18 19:56:31 | Epoch 4 - Batch 23 - Loss 0.051349
2026-06-18 19:56:31 | Epoch 4 - Batch 24 - Loss 0.054729
2026-06-18 19:56:31 | Epoch 4 - Batch 25 - Loss 0.049105
2026-06-18 19:56:31 | Epoch 4 - Batch 26 - Loss 0.053172
2026-06-18 19:56:31 | Epoch 4 - Batch 27 - Loss 0.051897
2026-06-18 19:56:31 | Epoch 4 - Batch 28 - Loss 0.052615
2026-06-18 19:56:31 | Epoch 4 - Batch 29 - Loss 0.050059
2026-06-18 19:56:31 | Epoch 4 - Batch 30 - Loss 0.051597
2026-06-18 19:56:31 | Epoch 4 - Batch 31 - Loss 0.053507
2026-06-18 19:56:31 | Epoch 4 - Batch 32 - Loss 0.051843
2026-06-18 19:56:31 | Epoch 4 - Batch 33 - Loss 0.053690
2026-06-18 19:56:31 | Epoch 4 - Batch 34 - Loss 0.053912
2026-06-18 19:56:31 | Epoch 4 - Batch 35 - Loss 0.050303
2026-06-18 19:56:31 | Epoch 4 - Batch 36 - Loss 0.055696
2026-06-18 19:56:31 | Epoch 4 - Batch 37 - Loss 0.050503
2026-06-18 19:56:31 | Epoch 4 - Batch 38 - Loss 0.051512
2026-06-18 19:56:32 | Epoch 4 - Batch 39 - Loss 0.051658
2026-06-18 19:56:32 | Epoch 4 - Batch 40 - Loss 0.049379
2026-06-18 19:56:32 | Epoch 4 - Batch 41 - Loss 0.051252
2026-06-18 19:56:32 | Epoch 4 - Batch 42 - Loss 0.054062
2026-06-18 19:56:32 | Epoch 4 - Batch 43 - Loss 0.055651
2026-06-18 19:56:32 | Epoch 4 - Batch 44 - Loss 0.052528
2026-06-18 19:56:32 | Epoch 4 - Batch 45 - Loss 0.054099
2026-06-18 19:56:32 | Epoch 4 - Batch 46 - Loss 0.053434
2026-06-18 19:56:32 | Epoch 4 - Batch 47 - Loss 0.051116
2026-06-18 19:56:32 | Epoch 4 - Batch 48 - Loss 0.052019
2026-06-18 19:56:32 | Epoch 4 - Batch 49 - Loss 0.053628
2026-06-18 19:56:32 | Epoch 4 - Batch 50 - Loss 0.052300
2026-06-18 19:56:32 | Epoch 4 - Batch 51 - Loss 0.052139
2026-06-18 19:56:32 | Epoch 4 - Batch 52 - Loss 0.052517
2026-06-18 19:56:32 | Epoch 4 - Batch 53 - Loss 0.052114
2026-06-18 19:56:32 | Epoch 4 - Batch 54 - Loss 0.052155
2026-06-18 19:56:32 | Epoch 4 - Batch 55 - Loss 0.053952
2026-06-18 19:56:32 | Epoch 4 - Batch 56 - Loss 0.053605
2026-06-18 19:56:32 | Epoch 4 - Batch 57 - Loss 0.053405
2026-06-18 19:56:32 | Epoch 4 - Batch 58 - Loss 0.054274
2026-06-18 19:56:32 | Epoch 4 - Batch 59 - Loss 0.052605
2026-06-18 19:56:32 | Epoch 4 - Batch 60 - Loss 0.052939
2026-06-18 19:56:32 | Epoch 4 - Batch 61 - Loss 0.052544
2026-06-18 19:56:32 | Epoch 4 - Batch 62 - Loss 0.052316
2026-06-18 19:56:32 | Epoch 4 - Batch 63 - Loss 0.052934
2026-06-18 19:56:32 | Epoch 4 - Batch 64 - Loss 0.051178
2026-06-18 19:56:32 | Epoch 4 - Batch 65 - Loss 0.052925
2026-06-18 19:56:32 | Epoch 4 - Batch 66 - Loss 0.053496
2026-06-18 19:56:32 | Epoch 4 - Batch 67 - Loss 0.054735
2026-06-18 19:56:32 | Epoch 4 - Batch 68 - Loss 0.052707
2026-06-18 19:56:33 | Epoch 4 - Batch 69 - Loss 0.052891
2026-06-18 19:56:33 | Epoch 4 - Batch 70 - Loss 0.054768
2026-06-18 19:56:33 | Epoch 4 - Batch 71 - Loss 0.053797
2026-06-18 19:56:33 | Epoch 4 - Batch 72 - Loss 0.051720
2026-06-18 19:56:33 | Epoch 4 - Batch 73 - Loss 0.052471
2026-06-18 19:56:33 | Epoch 4 - Batch 74 - Loss 0.053610
2026-06-18 19:56:33 | Epoch 4 - Batch 75 - Loss 0.051945
2026-06-18 19:56:33 | Epoch 4 - Batch 76 - Loss 0.053145
2026-06-18 19:56:33 | Epoch 4 - Batch 77 - Loss 0.052556
2026-06-18 19:56:33 | Epoch 4 - Batch 78 - Loss 0.050857
2026-06-18 19:56:33 | Epoch 4 - Batch 79 - Loss 0.052215
2026-06-18 19:56:33 | Epoch 4 - Batch 80 - Loss 0.054614
2026-06-18 19:56:33 | Epoch 4 - Batch 81 - Loss 0.054051
2026-06-18 19:56:33 | Epoch 4 - Batch 82 - Loss 0.052184
2026-06-18 19:56:33 | Epoch 4 - Batch 83 - Loss 0.051917
2026-06-18 19:56:33 | Epoch 4 - Batch 84 - Loss 0.052495
2026-06-18 19:56:33 | Epoch 4 - Batch 85 - Loss 0.050233
2026-06-18 19:56:33 | Epoch 4 - Batch 86 - Loss 0.051108
2026-06-18 19:56:33 | Epoch 4 - Batch 87 - Loss 0.052333
2026-06-18 19:56:33 | Epoch 4 - Batch 88 - Loss 0.056877
2026-06-18 19:56:33 | Epoch 4 - Batch 89 - Loss 0.054827
2026-06-18 19:56:33 | Epoch 4 - Batch 90 - Loss 0.055112
2026-06-18 19:56:33 | Epoch 4 - Batch 91 - Loss 0.052715
2026-06-18 19:56:33 | Epoch 4 - Batch 92 - Loss 0.055217
2026-06-18 19:56:33 | Epoch 4 - Batch 93 - Loss 0.052389
2026-06-18 19:56:33 | Epoch 4 - Batch 94 - Loss 0.054243
2026-06-18 19:56:33 | Epoch 4 - Batch 95 - Loss 0.050581
2026-06-18 19:56:33 | Epoch 4 - Batch 96 - Loss 0.052154
2026-06-18 19:56:33 | Epoch 4 - Batch 97 - Loss 0.053009
2026-06-18 19:56:33 | Epoch 4 - Batch 98 - Loss 0.053652
2026-06-18 19:56:34 | Epoch 4 - Batch 99 - Loss 0.053228
2026-06-18 19:56:34 | Epoch 4 - Batch 100 - Loss 0.055544
2026-06-18 19:56:34 | Epoch 4 - Batch 101 - Loss 0.052864
2026-06-18 19:56:34 | Epoch 4 - Batch 102 - Loss 0.050696
2026-06-18 19:56:34 | Epoch 4 - Batch 103 - Loss 0.051435
2026-06-18 19:56:34 | Epoch 4 - Batch 104 - Loss 0.051814
2026-06-18 19:56:34 | Epoch 4 - Batch 105 - Loss 0.052167
2026-06-18 19:56:34 | Epoch 4 - Batch 106 - Loss 0.052559
2026-06-18 19:56:34 | Epoch 4 - Batch 107 - Loss 0.050806
2026-06-18 19:56:34 | Epoch 4 - Batch 108 - Loss 0.051967
2026-06-18 19:56:34 | Epoch 4 - Batch 109 - Loss 0.051824
2026-06-18 19:56:34 | Epoch 4 - Batch 110 - Loss 0.052654
2026-06-18 19:56:34 | Epoch 4 - Batch 111 - Loss 0.049519
2026-06-18 19:56:34 | Epoch 4 - Batch 112 - Loss 0.055627
2026-06-18 19:56:34 | Epoch 4 - Batch 113 - Loss 0.050786
2026-06-18 19:56:34 | Epoch 4 - Batch 114 - Loss 0.054079
2026-06-18 19:56:34 | Epoch 4 - Batch 115 - Loss 0.051069
2026-06-18 19:56:34 | Epoch 4 - Batch 116 - Loss 0.053945
2026-06-18 19:56:34 | Epoch 4 - Batch 117 - Loss 0.054315
2026-06-18 19:56:34 | Epoch 4 - Batch 118 - Loss 0.053025
2026-06-18 19:56:34 | Epoch 4 - Batch 119 - Loss 0.052815
2026-06-18 19:56:34 | Epoch 4 - Batch 120 - Loss 0.052749
2026-06-18 19:56:34 | Epoch 4 - Batch 121 - Loss 0.051740
2026-06-18 19:56:34 | Epoch 4 - Batch 122 - Loss 0.052111
2026-06-18 19:56:34 | Epoch 4 - Batch 123 - Loss 0.051451
2026-06-18 19:56:34 | Epoch 4 - Batch 124 - Loss 0.051021
2026-06-18 19:56:34 | Epoch 4 - Batch 125 - Loss 0.053313
2026-06-18 19:56:34 | Epoch 4 - Batch 126 - Loss 0.053605
2026-06-18 19:56:34 | Epoch 4 - Batch 127 - Loss 0.052891
2026-06-18 19:56:34 | Epoch 4 - Batch 128 - Loss 0.051104
2026-06-18 19:56:35 | Epoch 4 - Batch 129 - Loss 0.050470
2026-06-18 19:56:35 | Epoch 4 - Batch 130 - Loss 0.050174
2026-06-18 19:56:35 | Epoch 4 - Batch 131 - Loss 0.055009
2026-06-18 19:56:35 | Epoch 4 - Batch 132 - Loss 0.052286
2026-06-18 19:56:35 | Epoch 4 - Batch 133 - Loss 0.052538
2026-06-18 19:56:35 | Epoch 4 - Batch 134 - Loss 0.053113
2026-06-18 19:56:35 | Epoch 4 - Batch 135 - Loss 0.052590
2026-06-18 19:56:35 | Epoch 4 - Batch 136 - Loss 0.054408
2026-06-18 19:56:35 | Epoch 4 - Batch 137 - Loss 0.052614
2026-06-18 19:56:35 | Epoch 4 - Batch 138 - Loss 0.050106
2026-06-18 19:56:35 | Epoch 4 - Batch 139 - Loss 0.051355
2026-06-18 19:56:35 | Epoch 4 - Batch 140 - Loss 0.052408
2026-06-18 19:56:35 | Epoch 4 - Batch 141 - Loss 0.054211
2026-06-18 19:56:35 | Epoch 4 - Batch 142 - Loss 0.050478
2026-06-18 19:56:35 | Epoch 4 - Batch 143 - Loss 0.052856
2026-06-18 19:56:35 | Epoch 4 - Batch 144 - Loss 0.053106
2026-06-18 19:56:35 | Epoch 4 - Batch 145 - Loss 0.055150
2026-06-18 19:56:35 | Epoch 4 - Batch 146 - Loss 0.053388
2026-06-18 19:56:35 | Epoch 4 - Batch 147 - Loss 0.051803
2026-06-18 19:56:35 | Epoch 4 - Batch 148 - Loss 0.052292
2026-06-18 19:56:35 | Epoch 4 - Batch 149 - Loss 0.053767
2026-06-18 19:56:35 | Epoch 4 - Batch 150 - Loss 0.054469
2026-06-18 19:56:35 | Epoch 4 - Batch 151 - Loss 0.051670
2026-06-18 19:56:35 | Epoch 4 - Batch 152 - Loss 0.052471
2026-06-18 19:56:35 | Epoch 4 - Batch 153 - Loss 0.052906
2026-06-18 19:56:35 | Epoch 4 - Batch 154 - Loss 0.051430
2026-06-18 19:56:35 | Epoch 4 - Batch 155 - Loss 0.052591
2026-06-18 19:56:35 | Epoch 4 - Batch 156 - Loss 0.052380
2026-06-18 19:56:35 | Epoch 4 - Batch 157 - Loss 0.051472
2026-06-18 19:56:35 | Epoch 4 - Batch 158 - Loss 0.052995
2026-06-18 19:56:36 | Epoch 4 - Batch 159 - Loss 0.051789
2026-06-18 19:56:36 | Epoch 4 - Batch 160 - Loss 0.050632
2026-06-18 19:56:36 | Epoch 4 - Batch 161 - Loss 0.052237
2026-06-18 19:56:36 | Epoch 4 - Batch 162 - Loss 0.051254
2026-06-18 19:56:36 | Epoch 4 - Batch 163 - Loss 0.052557
2026-06-18 19:56:36 | Epoch 4 - Batch 164 - Loss 0.052112
2026-06-18 19:56:36 | Epoch 4 - Batch 165 - Loss 0.052815
2026-06-18 19:56:36 | Epoch 4 - Batch 166 - Loss 0.053977
2026-06-18 19:56:36 | Epoch 4 - Batch 167 - Loss 0.050508
2026-06-18 19:56:36 | Epoch 4 - Batch 168 - Loss 0.050536
2026-06-18 19:56:36 | Epoch 4 - Batch 169 - Loss 0.051046
2026-06-18 19:56:36 | Epoch 4 - Batch 170 - Loss 0.052556
2026-06-18 19:56:36 | Epoch 4 - Batch 171 - Loss 0.052818
2026-06-18 19:56:36 | Epoch 4 - Batch 172 - Loss 0.053273
2026-06-18 19:56:36 | Epoch 4 - Batch 173 - Loss 0.054397
2026-06-18 19:56:36 | Epoch 4 - Batch 174 - Loss 0.052693
2026-06-18 19:56:36 | Epoch 4 - Batch 175 - Loss 0.052142
2026-06-18 19:56:36 | Epoch 4 - Batch 176 - Loss 0.053060
2026-06-18 19:56:36 | Epoch 4 - Batch 177 - Loss 0.053001
2026-06-18 19:56:36 | Epoch 4 - Batch 178 - Loss 0.053450
2026-06-18 19:56:36 | Epoch 4 - Batch 179 - Loss 0.050964
2026-06-18 19:56:36 | Epoch 4 - Batch 180 - Loss 0.053494
2026-06-18 19:56:36 | Epoch 4 - Batch 181 - Loss 0.052860
2026-06-18 19:56:36 | Epoch 4 - Batch 182 - Loss 0.052547
2026-06-18 19:56:36 | Epoch 4 - Batch 183 - Loss 0.052702
2026-06-18 19:56:36 | Epoch 4 - Batch 184 - Loss 0.053095
2026-06-18 19:56:36 | Epoch 4 - Batch 185 - Loss 0.050246
2026-06-18 19:56:36 | Epoch 4 - Batch 186 - Loss 0.053759
2026-06-18 19:56:36 | Epoch 4 - Batch 187 - Loss 0.050483
2026-06-18 19:56:36 | Epoch 4 - Batch 188 - Loss 0.050826
2026-06-18 19:56:37 | Epoch 4 - Batch 189 - Loss 0.053327
2026-06-18 19:56:37 | Epoch 4 - Batch 190 - Loss 0.052796
2026-06-18 19:56:37 | Epoch 4 - Batch 191 - Loss 0.056048
2026-06-18 19:56:37 | Epoch 4 - Batch 192 - Loss 0.050937
2026-06-18 19:56:37 | Epoch 4 - Batch 193 - Loss 0.052098
2026-06-18 19:56:37 | Epoch 4 - Batch 194 - Loss 0.052232
2026-06-18 19:56:37 | Epoch 4 - Batch 195 - Loss 0.052244
2026-06-18 19:56:37 | Epoch 4 - Batch 196 - Loss 0.050955
2026-06-18 19:56:37 | Epoch 4 - Batch 197 - Loss 0.051913
2026-06-18 19:56:37 | Epoch 4 - Batch 198 - Loss 0.052994
2026-06-18 19:56:37 | Epoch 4 - Batch 199 - Loss 0.054200
2026-06-18 19:56:37 | Epoch 4 - Batch 200 - Loss 0.052143
2026-06-18 19:56:37 | Epoch 4 - Batch 201 - Loss 0.052581
2026-06-18 19:56:37 | Epoch 4 - Batch 202 - Loss 0.049779
2026-06-18 19:56:37 | Epoch 4 - Batch 203 - Loss 0.052049
2026-06-18 19:56:37 | Epoch 4 - Batch 204 - Loss 0.050694
2026-06-18 19:56:37 | Epoch 4 - Batch 205 - Loss 0.053505
2026-06-18 19:56:37 | Epoch 4 - Batch 206 - Loss 0.052370
2026-06-18 19:56:37 | Epoch 4 - Batch 207 - Loss 0.050852
2026-06-18 19:56:37 | Epoch 4 - Batch 208 - Loss 0.051611
2026-06-18 19:56:37 | Epoch 4 - Batch 209 - Loss 0.052967
2026-06-18 19:56:37 | Epoch 4 - Batch 210 - Loss 0.054310
2026-06-18 19:56:37 | Epoch 4 - Batch 211 - Loss 0.051957
2026-06-18 19:56:37 | Epoch 4 - Batch 212 - Loss 0.054471
2026-06-18 19:56:37 | Epoch 4 - Batch 213 - Loss 0.053442
2026-06-18 19:56:37 | Epoch 4 - Batch 214 - Loss 0.054268
2026-06-18 19:56:37 | Epoch 4 - Batch 215 - Loss 0.050871
2026-06-18 19:56:37 | Epoch 4 - Batch 216 - Loss 0.052687
2026-06-18 19:56:37 | Epoch 4 - Batch 217 - Loss 0.051953
2026-06-18 19:56:37 | Epoch 4 - Batch 218 - Loss 0.051293
2026-06-18 19:56:38 | Epoch 4 - Batch 219 - Loss 0.051589
2026-06-18 19:56:38 | Epoch 4 - Batch 220 - Loss 0.052009
2026-06-18 19:56:38 | Epoch 4 - Batch 221 - Loss 0.053375
2026-06-18 19:56:38 | Epoch 4 - Batch 222 - Loss 0.053052
2026-06-18 19:56:38 | Epoch 4 - Batch 223 - Loss 0.053013
2026-06-18 19:56:38 | Epoch 4 - Batch 224 - Loss 0.053301
2026-06-18 19:56:38 | Epoch 4 - Batch 225 - Loss 0.049695
2026-06-18 19:56:38 | Epoch 4 - Batch 226 - Loss 0.053727
2026-06-18 19:56:38 | Epoch 4 - Batch 227 - Loss 0.054152
2026-06-18 19:56:38 | Epoch 4 - Batch 228 - Loss 0.054596
2026-06-18 19:56:38 | Epoch 4 - Batch 229 - Loss 0.051716
2026-06-18 19:56:38 | Epoch 4 - Batch 230 - Loss 0.050777
2026-06-18 19:56:38 | Epoch 4 - Batch 231 - Loss 0.052179
2026-06-18 19:56:38 | Epoch 4 - Batch 232 - Loss 0.050886
2026-06-18 19:56:38 | Epoch 4 - Batch 233 - Loss 0.054040
2026-06-18 19:56:38 | Epoch 4 - Batch 234 - Loss 0.051590
2026-06-18 19:56:38 | Epoch 4 - Batch 235 - Loss 0.051435
2026-06-18 19:56:38 | Epoch 4 - Batch 236 - Loss 0.051804
2026-06-18 19:56:38 | Epoch 4 - Batch 237 - Loss 0.053281
2026-06-18 19:56:38 | Epoch 4 - Batch 238 - Loss 0.052169
2026-06-18 19:56:38 | Epoch 4 - Batch 239 - Loss 0.051054
2026-06-18 19:56:38 | Epoch 4 - Batch 240 - Loss 0.053128
2026-06-18 19:56:38 | Epoch 4 - Batch 241 - Loss 0.050311
2026-06-18 19:56:38 | Epoch 4 - Batch 242 - Loss 0.052361
2026-06-18 19:56:38 | Epoch 4 - Batch 243 - Loss 0.050417
2026-06-18 19:56:38 | Epoch 4 - Batch 244 - Loss 0.052002
2026-06-18 19:56:38 | Epoch 4 - Batch 245 - Loss 0.051060
2026-06-18 19:56:38 | Epoch 4 - Batch 246 - Loss 0.049943
2026-06-18 19:56:38 | Epoch 4 - Batch 247 - Loss 0.053001
2026-06-18 19:56:38 | Epoch 4 - Batch 248 - Loss 0.052057
2026-06-18 19:56:39 | Epoch 4 - Batch 249 - Loss 0.050738
2026-06-18 19:56:39 | Epoch 4 - Batch 250 - Loss 0.050464
2026-06-18 19:56:39 | Epoch 4 - Batch 251 - Loss 0.050626
2026-06-18 19:56:39 | Epoch 4 - Batch 252 - Loss 0.054150
2026-06-18 19:56:39 | Epoch 4 - Batch 253 - Loss 0.052837
2026-06-18 19:56:39 | Epoch 4 - Batch 254 - Loss 0.052011
2026-06-18 19:56:39 | Epoch 4 - Batch 255 - Loss 0.051434
2026-06-18 19:56:39 | Epoch 4 - Batch 256 - Loss 0.051852
2026-06-18 19:56:39 | Epoch 4 - Batch 257 - Loss 0.051553
2026-06-18 19:56:39 | Epoch 4 - Batch 258 - Loss 0.052755
2026-06-18 19:56:39 | Epoch 4 - Batch 259 - Loss 0.055326
2026-06-18 19:56:39 | Epoch 4 - Batch 260 - Loss 0.051794
2026-06-18 19:56:39 | Epoch 4 - Batch 261 - Loss 0.053951
2026-06-18 19:56:39 | Epoch 4 - Batch 262 - Loss 0.049910
2026-06-18 19:56:39 | Epoch 4 - Batch 263 - Loss 0.053228
2026-06-18 19:56:39 | Epoch 4 - Batch 264 - Loss 0.052451
2026-06-18 19:56:39 | Epoch 4 - Batch 265 - Loss 0.052342
2026-06-18 19:56:39 | Epoch 4 - Batch 266 - Loss 0.054581
2026-06-18 19:56:39 | Epoch 4 - Batch 267 - Loss 0.050699
2026-06-18 19:56:39 | Epoch 4 - Batch 268 - Loss 0.052749
2026-06-18 19:56:39 | Epoch 4 - Batch 269 - Loss 0.051281
2026-06-18 19:56:39 | Epoch 4 - Batch 270 - Loss 0.051948
2026-06-18 19:56:39 | Epoch 4 - Batch 271 - Loss 0.053043
2026-06-18 19:56:39 | Epoch 4 - Batch 272 - Loss 0.051539
2026-06-18 19:56:39 | Epoch 4 - Batch 273 - Loss 0.053273
2026-06-18 19:56:39 | Epoch 4 - Batch 274 - Loss 0.049809
2026-06-18 19:56:39 | Epoch 4 - Batch 275 - Loss 0.051380
2026-06-18 19:56:39 | Epoch 4 - Batch 276 - Loss 0.049631
2026-06-18 19:56:39 | Epoch 4 - Batch 277 - Loss 0.052712
2026-06-18 19:56:39 | Epoch 4 - Batch 278 - Loss 0.052709
2026-06-18 19:56:40 | Epoch 4 - Batch 279 - Loss 0.050363
2026-06-18 19:56:40 | Epoch 4 - Batch 280 - Loss 0.051097
2026-06-18 19:56:40 | Epoch 4 - Batch 281 - Loss 0.054068
2026-06-18 19:56:40 | Epoch 4 - Batch 282 - Loss 0.052703
2026-06-18 19:56:40 | Epoch 4 - Batch 283 - Loss 0.053951
2026-06-18 19:56:40 | Epoch 4 - Batch 284 - Loss 0.051408
2026-06-18 19:56:40 | Epoch 4 - Batch 285 - Loss 0.050539
2026-06-18 19:56:40 | Epoch 4 - Batch 286 - Loss 0.050010
2026-06-18 19:56:40 | Epoch 4 - Batch 287 - Loss 0.052960
2026-06-18 19:56:40 | Epoch 4 - Batch 288 - Loss 0.051971
2026-06-18 19:56:40 | Epoch 4 - Batch 289 - Loss 0.052009
2026-06-18 19:56:40 | Epoch 4 - Batch 290 - Loss 0.052338
2026-06-18 19:56:40 | Epoch 4 - Batch 291 - Loss 0.052626
2026-06-18 19:56:40 | Epoch 4 - Batch 292 - Loss 0.051500
2026-06-18 19:56:40 | Epoch 4 - Batch 293 - Loss 0.051264
2026-06-18 19:56:40 | Epoch 4 - Batch 294 - Loss 0.051178
2026-06-18 19:56:40 | Epoch 4 - Batch 295 - Loss 0.052245
2026-06-18 19:56:40 | Epoch 4 - Batch 296 - Loss 0.051452
2026-06-18 19:56:40 | Epoch 4 - Batch 297 - Loss 0.050911
2026-06-18 19:56:40 | Epoch 4 - Batch 298 - Loss 0.051653
2026-06-18 19:56:40 | Epoch 4 - Batch 299 - Loss 0.051637
2026-06-18 19:56:40 | Epoch 4 - Batch 300 - Loss 0.049591
2026-06-18 19:56:40 | Epoch 4 - Batch 301 - Loss 0.052439
2026-06-18 19:56:40 | Epoch 4 - Batch 302 - Loss 0.052805
2026-06-18 19:56:40 | Epoch 4 - Batch 303 - Loss 0.051655
2026-06-18 19:56:40 | Epoch 4 - Batch 304 - Loss 0.053429
2026-06-18 19:56:40 | Epoch 4 - Batch 305 - Loss 0.051676
2026-06-18 19:56:40 | Epoch 4 - Batch 306 - Loss 0.049430
2026-06-18 19:56:40 | Epoch 4 - Batch 307 - Loss 0.052352
2026-06-18 19:56:40 | Epoch 4 - Batch 308 - Loss 0.052239
2026-06-18 19:56:41 | Epoch 4 - Batch 309 - Loss 0.050525
2026-06-18 19:56:41 | Epoch 4 - Batch 310 - Loss 0.053660
2026-06-18 19:56:41 | Epoch 4 - Batch 311 - Loss 0.049804
2026-06-18 19:56:41 | Epoch 4 - Batch 312 - Loss 0.052241
2026-06-18 19:56:41 | Epoch 4 - Batch 313 - Loss 0.052720
2026-06-18 19:56:41 | Epoch 4 - Batch 314 - Loss 0.051640
2026-06-18 19:56:41 | Epoch 4 - Batch 315 - Loss 0.051286
2026-06-18 19:56:41 | Epoch 4 - Batch 316 - Loss 0.050642
2026-06-18 19:56:41 | Epoch 4 - Batch 317 - Loss 0.052682
2026-06-18 19:56:41 | Epoch 4 - Batch 318 - Loss 0.049440
2026-06-18 19:56:41 | Epoch 4 - Batch 319 - Loss 0.051855
2026-06-18 19:56:41 | Epoch 4 - Batch 320 - Loss 0.052058
2026-06-18 19:56:41 | Epoch 4 - Batch 321 - Loss 0.051169
2026-06-18 19:56:41 | Epoch 4 - Batch 322 - Loss 0.051081
2026-06-18 19:56:41 | Epoch 4 - Batch 323 - Loss 0.051919
2026-06-18 19:56:41 | Epoch 4 - Batch 324 - Loss 0.051833
2026-06-18 19:56:41 | Epoch 4 - Batch 325 - Loss 0.053022
2026-06-18 19:56:41 | Epoch 4 - Batch 326 - Loss 0.049000
2026-06-18 19:56:41 | Epoch 4 - Batch 327 - Loss 0.050595
2026-06-18 19:56:41 | Epoch 4 - Batch 328 - Loss 0.053719
2026-06-18 19:56:41 | Epoch 4 - Batch 329 - Loss 0.051634
2026-06-18 19:56:41 | Epoch 4 - Batch 330 - Loss 0.051269
2026-06-18 19:56:41 | Epoch 4 - Batch 331 - Loss 0.050788
2026-06-18 19:56:41 | Epoch 4 - Batch 332 - Loss 0.049840
2026-06-18 19:56:41 | Epoch 4 - Batch 333 - Loss 0.052843
2026-06-18 19:56:41 | Epoch 4 - Batch 334 - Loss 0.053274
2026-06-18 19:56:41 | Epoch 4 - Batch 335 - Loss 0.051282
2026-06-18 19:56:41 | Epoch 4 - Batch 336 - Loss 0.051710
2026-06-18 19:56:41 | Epoch 4 - Batch 337 - Loss 0.051294
2026-06-18 19:56:41 | Epoch 4 - Batch 338 - Loss 0.051075
2026-06-18 19:56:42 | Epoch 4 - Batch 339 - Loss 0.049751
2026-06-18 19:56:42 | Epoch 4 - Batch 340 - Loss 0.049675
2026-06-18 19:56:42 | Epoch 4 - Batch 341 - Loss 0.051238
2026-06-18 19:56:42 | Epoch 4 - Batch 342 - Loss 0.050982
2026-06-18 19:56:42 | Epoch 4 - Batch 343 - Loss 0.051583
2026-06-18 19:56:42 | Epoch 4 - Batch 344 - Loss 0.049565
2026-06-18 19:56:42 | Epoch 4 - Batch 345 - Loss 0.050934
2026-06-18 19:56:42 | Epoch 4 - Batch 346 - Loss 0.050343
2026-06-18 19:56:42 | Epoch 4 - Batch 347 - Loss 0.051985
2026-06-18 19:56:42 | Epoch 4 - Batch 348 - Loss 0.052200
2026-06-18 19:56:42 | Epoch 4 - Batch 349 - Loss 0.050324
2026-06-18 19:56:42 | Epoch 4 - Batch 350 - Loss 0.051196
2026-06-18 19:56:42 | Epoch 4 - Batch 351 - Loss 0.049963
2026-06-18 19:56:42 | Epoch 4 - Batch 352 - Loss 0.050965
2026-06-18 19:56:42 | Epoch 4 - Batch 353 - Loss 0.053399
2026-06-18 19:56:42 | Epoch 4 - Batch 354 - Loss 0.052181
2026-06-18 19:56:42 | Epoch 4 - Batch 355 - Loss 0.052949
2026-06-18 19:56:42 | Epoch 4 - Batch 356 - Loss 0.051018
2026-06-18 19:56:42 | Epoch 4 - Batch 357 - Loss 0.050861
2026-06-18 19:56:42 | Epoch 4 - Batch 358 - Loss 0.050054
2026-06-18 19:56:42 | Epoch 4 - Batch 359 - Loss 0.052730
2026-06-18 19:56:42 | Epoch 4 - Batch 360 - Loss 0.051690
2026-06-18 19:56:42 | Epoch 4 - Batch 361 - Loss 0.052773
2026-06-18 19:56:42 | Epoch 4 - Batch 362 - Loss 0.052784
2026-06-18 19:56:42 | Epoch 4 - Batch 363 - Loss 0.052748
2026-06-18 19:56:42 | Epoch 4 - Batch 364 - Loss 0.050423
2026-06-18 19:56:42 | Epoch 4 - Batch 365 - Loss 0.050951
2026-06-18 19:56:42 | Epoch 4 - Batch 366 - Loss 0.053430
2026-06-18 19:56:42 | Epoch 4 - Batch 367 - Loss 0.053011
2026-06-18 19:56:42 | Epoch 4 - Batch 368 - Loss 0.049854
2026-06-18 19:56:43 | Epoch 4 - Batch 369 - Loss 0.051117
2026-06-18 19:56:43 | Epoch 4 - Batch 370 - Loss 0.052718
2026-06-18 19:56:43 | Epoch 4 - Batch 371 - Loss 0.051679
2026-06-18 19:56:43 | Epoch 4 - Batch 372 - Loss 0.050980
2026-06-18 19:56:43 | Epoch 4 - Batch 373 - Loss 0.050670
2026-06-18 19:56:43 | Epoch 4 - Batch 374 - Loss 0.051087
2026-06-18 19:56:43 | Epoch 4 - Batch 375 - Loss 0.049763
2026-06-18 19:56:43 | Epoch 4 - Batch 376 - Loss 0.053435
2026-06-18 19:56:43 | Epoch 4 - Batch 377 - Loss 0.052325
2026-06-18 19:56:43 | Epoch 4 - Batch 378 - Loss 0.049638
2026-06-18 19:56:43 | Epoch 4 - Batch 379 - Loss 0.050368
2026-06-18 19:56:43 | Epoch 4 - Batch 380 - Loss 0.050370
2026-06-18 19:56:43 | Epoch 4 - Batch 381 - Loss 0.054970
2026-06-18 19:56:43 | Epoch 4 - Batch 382 - Loss 0.050605
2026-06-18 19:56:43 | Epoch 4 - Batch 383 - Loss 0.049793
2026-06-18 19:56:43 | Epoch 4 - Batch 384 - Loss 0.051862
2026-06-18 19:56:43 | Epoch 4 - Batch 385 - Loss 0.051848
2026-06-18 19:56:43 | Epoch 4 - Batch 386 - Loss 0.051884
2026-06-18 19:56:43 | Epoch 4 - Batch 387 - Loss 0.050832
2026-06-18 19:56:43 | Epoch 4 - Batch 388 - Loss 0.052621
2026-06-18 19:56:43 | Epoch 4 - Batch 389 - Loss 0.051259
2026-06-18 19:56:43 | Epoch 4 - Batch 390 - Loss 0.050074
2026-06-18 19:56:43 | Epoch 4 - Batch 391 - Loss 0.051007
2026-06-18 19:56:43 | Epoch 4 - Batch 392 - Loss 0.053385
2026-06-18 19:56:43 | Epoch 4 - Batch 393 - Loss 0.051796
2026-06-18 19:56:43 | Epoch 4 - Batch 394 - Loss 0.050473
2026-06-18 19:56:43 | Epoch 4 - Batch 395 - Loss 0.052321
2026-06-18 19:56:43 | Epoch 4 - Batch 396 - Loss 0.050851
2026-06-18 19:56:43 | Epoch 4 - Batch 397 - Loss 0.050952
2026-06-18 19:56:43 | Epoch 4 - Batch 398 - Loss 0.051533
2026-06-18 19:56:43 | Epoch 4 - Batch 399 - Loss 0.051016
2026-06-18 19:56:44 | Epoch 4 - Batch 400 - Loss 0.048907
2026-06-18 19:56:44 | Epoch 4 - Batch 401 - Loss 0.051226
2026-06-18 19:56:44 | Epoch 4 - Batch 402 - Loss 0.052272
2026-06-18 19:56:44 | Epoch 4 - Batch 403 - Loss 0.051165
2026-06-18 19:56:44 | Epoch 4 - Batch 404 - Loss 0.051127
2026-06-18 19:56:44 | Epoch 4 - Batch 405 - Loss 0.052993
2026-06-18 19:56:44 | Epoch 4 - Batch 406 - Loss 0.050910
2026-06-18 19:56:44 | Epoch 4 - Batch 407 - Loss 0.052192
2026-06-18 19:56:44 | Epoch 4 - Batch 408 - Loss 0.050101
2026-06-18 19:56:44 | Epoch 4 - Batch 409 - Loss 0.050629
2026-06-18 19:56:44 | Epoch 4 - Batch 410 - Loss 0.052986
2026-06-18 19:56:44 | Epoch 4 - Batch 411 - Loss 0.049889
2026-06-18 19:56:44 | Epoch 4 - Batch 412 - Loss 0.050531
2026-06-18 19:56:44 | Epoch 4 - Batch 413 - Loss 0.051325
2026-06-18 19:56:44 | Epoch 4 - Batch 414 - Loss 0.051894
2026-06-18 19:56:44 | Epoch 4 - Batch 415 - Loss 0.051305
2026-06-18 19:56:44 | Epoch 4 - Batch 416 - Loss 0.048641
2026-06-18 19:56:44 | Epoch 4 - Batch 417 - Loss 0.053162
2026-06-18 19:56:44 | Epoch 4 - Batch 418 - Loss 0.052569
2026-06-18 19:56:44 | Epoch 4 - Batch 419 - Loss 0.050147
2026-06-18 19:56:44 | Epoch 4 - Batch 420 - Loss 0.051768
2026-06-18 19:56:44 | Epoch 4 - Batch 421 - Loss 0.051154
2026-06-18 19:56:44 | Epoch 4 - Batch 422 - Loss 0.050267
2026-06-18 19:56:44 | Epoch 4 - Batch 423 - Loss 0.052331
2026-06-18 19:56:44 | Epoch 4 - Batch 424 - Loss 0.048897
2026-06-18 19:56:44 | Epoch 4 - Batch 425 - Loss 0.051972
2026-06-18 19:56:44 | Epoch 4 - Batch 426 - Loss 0.050545
2026-06-18 19:56:44 | Epoch 4 - Batch 427 - Loss 0.050530
2026-06-18 19:56:44 | Epoch 4 - Batch 428 - Loss 0.053881
2026-06-18 19:56:44 | Epoch 4 - Batch 429 - Loss 0.050357
2026-06-18 19:56:45 | Epoch 4 - Batch 430 - Loss 0.049808
2026-06-18 19:56:45 | Epoch 4 - Batch 431 - Loss 0.051635
2026-06-18 19:56:45 | Epoch 4 - Batch 432 - Loss 0.051708
2026-06-18 19:56:45 | Epoch 4 - Batch 433 - Loss 0.049689
2026-06-18 19:56:45 | Epoch 4 - Batch 434 - Loss 0.051830
2026-06-18 19:56:45 | Epoch 4 - Batch 435 - Loss 0.052777
2026-06-18 19:56:45 | Epoch 4 - Batch 436 - Loss 0.053212
2026-06-18 19:56:45 | Epoch 4 - Batch 437 - Loss 0.052061
2026-06-18 19:56:45 | Epoch 4 - Batch 438 - Loss 0.052204
2026-06-18 19:56:45 | Epoch 4 - Batch 439 - Loss 0.052914
2026-06-18 19:56:45 | Epoch 4 - Batch 440 - Loss 0.051116
2026-06-18 19:56:45 | Epoch 4 - Batch 441 - Loss 0.052511
2026-06-18 19:56:45 | Epoch 4 - Batch 442 - Loss 0.052548
2026-06-18 19:56:45 | Epoch 4 - Batch 443 - Loss 0.050854
2026-06-18 19:56:45 | Epoch 4 - Batch 444 - Loss 0.049010
2026-06-18 19:56:45 | Epoch 4 - Batch 445 - Loss 0.054695
2026-06-18 19:56:45 | Epoch 4 - Batch 446 - Loss 0.051138
2026-06-18 19:56:45 | Epoch 4 - Batch 447 - Loss 0.050246
2026-06-18 19:56:45 | Epoch 4 - Batch 448 - Loss 0.050875
2026-06-18 19:56:45 | Epoch 4 - Batch 449 - Loss 0.051246
2026-06-18 19:56:45 | Epoch 4 - Batch 450 - Loss 0.051349
2026-06-18 19:56:45 | Epoch 4 - Batch 451 - Loss 0.051313
2026-06-18 19:56:45 | Epoch 4 - Batch 452 - Loss 0.051366
2026-06-18 19:56:45 | Epoch 4 - Batch 453 - Loss 0.051579
2026-06-18 19:56:45 | Epoch 4 - Batch 454 - Loss 0.052502
2026-06-18 19:56:45 | Epoch 4 - Batch 455 - Loss 0.050376
2026-06-18 19:56:45 | Epoch 4 - Batch 456 - Loss 0.050437
2026-06-18 19:56:45 | Epoch 4 - Batch 457 - Loss 0.053828
2026-06-18 19:56:45 | Epoch 4 - Batch 458 - Loss 0.052214
2026-06-18 19:56:45 | Epoch 4 - Batch 459 - Loss 0.050520
2026-06-18 19:56:46 | Epoch 4 - Batch 460 - Loss 0.049089
2026-06-18 19:56:46 | Epoch 4 - Batch 461 - Loss 0.052525
2026-06-18 19:56:46 | Epoch 4 - Batch 462 - Loss 0.049747
2026-06-18 19:56:46 | Epoch 4 - Batch 463 - Loss 0.049947
2026-06-18 19:56:46 | Epoch 4 - Batch 464 - Loss 0.051005
2026-06-18 19:56:46 | Epoch 4 - Batch 465 - Loss 0.053129
2026-06-18 19:56:46 | Epoch 4 - Batch 466 - Loss 0.050963
2026-06-18 19:56:46 | Epoch 4 - Batch 467 - Loss 0.049909
2026-06-18 19:56:46 | Epoch 4 - Batch 468 - Loss 0.052627
2026-06-18 19:56:46 | Epoch 4 - Batch 469 - Loss 0.051169
2026-06-18 19:56:46 | Epoch 4 - Batch 470 - Loss 0.053440
2026-06-18 19:56:46 | Epoch 4 - Batch 471 - Loss 0.050830
2026-06-18 19:56:46 | Epoch 4 - Batch 472 - Loss 0.051019
2026-06-18 19:56:46 | Epoch 4 - Batch 473 - Loss 0.052883
2026-06-18 19:56:46 | Epoch 4 - Batch 474 - Loss 0.048273
2026-06-18 19:56:46 | Epoch 4 - Batch 475 - Loss 0.054128
2026-06-18 19:56:46 | Epoch 4 - Batch 476 - Loss 0.050169
2026-06-18 19:56:46 | Epoch 4 - Batch 477 - Loss 0.052699
2026-06-18 19:56:46 | Epoch 4 - Batch 478 - Loss 0.054000
2026-06-18 19:56:46 | Epoch 4 - Batch 479 - Loss 0.049379
2026-06-18 19:56:46 | Epoch 4 - Batch 480 - Loss 0.049728
2026-06-18 19:56:46 | Epoch 4 - Batch 481 - Loss 0.052624
2026-06-18 19:56:46 | Epoch 4 - Batch 482 - Loss 0.047986
2026-06-18 19:56:46 | Epoch 4 - Batch 483 - Loss 0.049932
2026-06-18 19:56:46 | Epoch 4 - Batch 484 - Loss 0.051879
2026-06-18 19:56:46 | Epoch 4 - Batch 485 - Loss 0.052225
2026-06-18 19:56:46 | Epoch 4 - Batch 486 - Loss 0.051225
2026-06-18 19:56:46 | Epoch 4 - Batch 487 - Loss 0.050173
2026-06-18 19:56:46 | Epoch 4 - Batch 488 - Loss 0.050385
2026-06-18 19:56:46 | Epoch 4 - Batch 489 - Loss 0.052205
2026-06-18 19:56:47 | Epoch 4 - Batch 490 - Loss 0.051517
2026-06-18 19:56:47 | Epoch 4 - Batch 491 - Loss 0.050329
2026-06-18 19:56:47 | Epoch 4 - Batch 492 - Loss 0.050016
2026-06-18 19:56:47 | Epoch 4 - Batch 493 - Loss 0.053110
2026-06-18 19:56:47 | Epoch 4 - Batch 494 - Loss 0.050453
2026-06-18 19:56:47 | Epoch 4 - Batch 495 - Loss 0.050802
2026-06-18 19:56:47 | Epoch 4 - Batch 496 - Loss 0.053367
2026-06-18 19:56:47 | Epoch 4 - Batch 497 - Loss 0.049864
2026-06-18 19:56:47 | Epoch 4 - Batch 498 - Loss 0.051258
2026-06-18 19:56:47 | Epoch 4 - Batch 499 - Loss 0.052576
2026-06-18 19:56:47 | Epoch 4 - Batch 500 - Loss 0.051204
2026-06-18 19:56:47 | Epoch 4 - Batch 501 - Loss 0.051307
2026-06-18 19:56:47 | Epoch 4 - Batch 502 - Loss 0.049752
2026-06-18 19:56:47 | Epoch 4 - Batch 503 - Loss 0.050985
2026-06-18 19:56:47 | Epoch 4 - Batch 504 - Loss 0.051575
2026-06-18 19:56:47 | Epoch 4 - Batch 505 - Loss 0.051224
2026-06-18 19:56:47 | Epoch 4 - Batch 506 - Loss 0.052507
2026-06-18 19:56:47 | Epoch 4 - Batch 507 - Loss 0.051797
2026-06-18 19:56:47 | Epoch 4 - Batch 508 - Loss 0.050676
2026-06-18 19:56:47 | Epoch 4 - Batch 509 - Loss 0.048793
2026-06-18 19:56:47 | Epoch 4 - Batch 510 - Loss 0.052431
2026-06-18 19:56:47 | Epoch 4 - Batch 511 - Loss 0.050387
2026-06-18 19:56:47 | Epoch 4 - Batch 512 - Loss 0.049739
2026-06-18 19:56:47 | Epoch 4 - Batch 513 - Loss 0.049550
2026-06-18 19:56:47 | Epoch 4 - Batch 514 - Loss 0.050847
2026-06-18 19:56:47 | Epoch 4 - Batch 515 - Loss 0.051160
2026-06-18 19:56:47 | Epoch 4 - Batch 516 - Loss 0.051516
2026-06-18 19:56:47 | Epoch 4 - Batch 517 - Loss 0.051990
2026-06-18 19:56:47 | Epoch 4 - Batch 518 - Loss 0.049835
2026-06-18 19:56:47 | Epoch 4 - Batch 519 - Loss 0.050400
2026-06-18 19:56:48 | Epoch 4 - Batch 520 - Loss 0.049737
2026-06-18 19:56:48 | Epoch 4 - Batch 521 - Loss 0.050897
2026-06-18 19:56:48 | Epoch 4 - Batch 522 - Loss 0.050370
2026-06-18 19:56:48 | Epoch 4 - Batch 523 - Loss 0.051918
2026-06-18 19:56:48 | Epoch 4 - Batch 524 - Loss 0.051388
2026-06-18 19:56:48 | Epoch 4 - Batch 525 - Loss 0.049903
2026-06-18 19:56:48 | Epoch 4 - Batch 526 - Loss 0.052299
2026-06-18 19:56:48 | Epoch 4 - Batch 527 - Loss 0.053902
2026-06-18 19:56:48 | Epoch 4 - Batch 528 - Loss 0.052234
2026-06-18 19:56:48 | Epoch 4 - Batch 529 - Loss 0.052581
2026-06-18 19:56:48 | Epoch 4 - Batch 530 - Loss 0.052329
2026-06-18 19:56:48 | Epoch 4 - Batch 531 - Loss 0.049045
2026-06-18 19:56:48 | Epoch 4 - Batch 532 - Loss 0.050228
2026-06-18 19:56:48 | Epoch 4 - Batch 533 - Loss 0.052565
2026-06-18 19:56:48 | Epoch 4 - Batch 534 - Loss 0.050426
2026-06-18 19:56:48 | Epoch 4 - Batch 535 - Loss 0.049766
2026-06-18 19:56:48 | Epoch 4 - Batch 536 - Loss 0.050143
2026-06-18 19:56:48 | Epoch 4 - Batch 537 - Loss 0.050190
2026-06-18 19:56:48 | Epoch 4 - Batch 538 - Loss 0.049741
2026-06-18 19:56:48 | Epoch 4 - Batch 539 - Loss 0.051647
2026-06-18 19:56:48 | Epoch 4 - Batch 540 - Loss 0.053112
2026-06-18 19:56:48 | Epoch 4 - Batch 541 - Loss 0.050162
2026-06-18 19:56:48 | Epoch 4 - Batch 542 - Loss 0.053201
2026-06-18 19:56:48 | Epoch 4 - Batch 543 - Loss 0.047954
2026-06-18 19:56:48 | Epoch 4 - Batch 544 - Loss 0.052060
2026-06-18 19:56:48 | Epoch 4 - Batch 545 - Loss 0.050928
2026-06-18 19:56:48 | Epoch 4 - Batch 546 - Loss 0.051341
2026-06-18 19:56:48 | Epoch 4 - Batch 547 - Loss 0.048632
2026-06-18 19:56:48 | Epoch 4 - Batch 548 - Loss 0.050113
2026-06-18 19:56:48 | Epoch 4 - Batch 549 - Loss 0.050466
2026-06-18 19:56:49 | Epoch 4 - Batch 550 - Loss 0.050316
2026-06-18 19:56:49 | Epoch 4 - Batch 551 - Loss 0.052412
2026-06-18 19:56:49 | Epoch 4 - Batch 552 - Loss 0.048426
2026-06-18 19:56:49 | Epoch 4 - Batch 553 - Loss 0.052805
2026-06-18 19:56:49 | Epoch 4 - Batch 554 - Loss 0.051112
2026-06-18 19:56:49 | Epoch 4 - Batch 555 - Loss 0.051239
2026-06-18 19:56:49 | Epoch 4 - Batch 556 - Loss 0.051249
2026-06-18 19:56:49 | Epoch 4 - Batch 557 - Loss 0.048050
2026-06-18 19:56:49 | Epoch 4 - Batch 558 - Loss 0.051316
2026-06-18 19:56:49 | Epoch 4 - Batch 559 - Loss 0.048024
2026-06-18 19:56:49 | Epoch 4 - Batch 560 - Loss 0.048221
2026-06-18 19:56:49 | Epoch 4 - Batch 561 - Loss 0.052839
2026-06-18 19:56:49 | Epoch 4 - Batch 562 - Loss 0.049991
2026-06-18 19:56:49 | Epoch 4 - Batch 563 - Loss 0.048907
2026-06-18 19:56:49 | Epoch 4 - Batch 564 - Loss 0.050252
2026-06-18 19:56:49 | Epoch 4 - Batch 565 - Loss 0.048832
2026-06-18 19:56:49 | Epoch 4 - Batch 566 - Loss 0.049351
2026-06-18 19:56:49 | Epoch 4 - Batch 567 - Loss 0.049772
2026-06-18 19:56:49 | Epoch 4 - Batch 568 - Loss 0.048884
2026-06-18 19:56:49 | Epoch 4 - Batch 569 - Loss 0.053171
2026-06-18 19:56:49 | Epoch 4 - Batch 570 - Loss 0.050398
2026-06-18 19:56:49 | Epoch 4 - Batch 571 - Loss 0.050804
2026-06-18 19:56:49 | Epoch 4 - Batch 572 - Loss 0.052448
2026-06-18 19:56:49 | Epoch 4 - Batch 573 - Loss 0.051942
2026-06-18 19:56:49 | Epoch 4 - Batch 574 - Loss 0.050768
2026-06-18 19:56:49 | Epoch 4 - Batch 575 - Loss 0.049338
2026-06-18 19:56:49 | Epoch 4 - Batch 576 - Loss 0.050442
2026-06-18 19:56:49 | Epoch 4 - Batch 577 - Loss 0.053442
2026-06-18 19:56:49 | Epoch 4 - Batch 578 - Loss 0.050973
2026-06-18 19:56:49 | Epoch 4 - Batch 579 - Loss 0.051681
2026-06-18 19:56:50 | Epoch 4 - Batch 580 - Loss 0.049822
2026-06-18 19:56:50 | Epoch 4 - Batch 581 - Loss 0.050918
2026-06-18 19:56:50 | Epoch 4 - Batch 582 - Loss 0.050988
2026-06-18 19:56:50 | Epoch 4 - Batch 583 - Loss 0.049603
2026-06-18 19:56:50 | Epoch 4 - Batch 584 - Loss 0.050710
2026-06-18 19:56:50 | Epoch 4 - Batch 585 - Loss 0.050180
2026-06-18 19:56:50 | Epoch 4 - Batch 586 - Loss 0.051684
2026-06-18 19:56:50 | Epoch 4 - Batch 587 - Loss 0.050511
2026-06-18 19:56:50 | Epoch 4 - Batch 588 - Loss 0.051941
2026-06-18 19:56:50 | Epoch 4 - Batch 589 - Loss 0.050268
2026-06-18 19:56:50 | Epoch 4 - Batch 590 - Loss 0.049985
2026-06-18 19:56:50 | Epoch 4 - Batch 591 - Loss 0.052145
2026-06-18 19:56:50 | Epoch 4 - Batch 592 - Loss 0.051194
2026-06-18 19:56:50 | Epoch 4 - Batch 593 - Loss 0.052199
2026-06-18 19:56:50 | Epoch 4 - Batch 594 - Loss 0.050198
2026-06-18 19:56:50 | Epoch 4 - Batch 595 - Loss 0.048003
2026-06-18 19:56:50 | Epoch 4 - Batch 596 - Loss 0.051655
2026-06-18 19:56:50 | Epoch 4 - Batch 597 - Loss 0.048621
2026-06-18 19:56:50 | Epoch 4 - Batch 598 - Loss 0.049399
2026-06-18 19:56:50 | Epoch 4 - Batch 599 - Loss 0.050346
2026-06-18 19:56:50 | Epoch 4 - Batch 600 - Loss 0.049326
2026-06-18 19:56:50 | Epoch 4 - Batch 601 - Loss 0.049260
2026-06-18 19:56:50 | Epoch 4 - Batch 602 - Loss 0.053581
2026-06-18 19:56:50 | Epoch 4 - Batch 603 - Loss 0.051011
2026-06-18 19:56:50 | Epoch 4 - Batch 604 - Loss 0.048229
2026-06-18 19:56:50 | Epoch 4 - Batch 605 - Loss 0.049737
2026-06-18 19:56:50 | Epoch 4 - Batch 606 - Loss 0.052106
2026-06-18 19:56:50 | Epoch 4 - Batch 607 - Loss 0.050401
2026-06-18 19:56:50 | Epoch 4 - Batch 608 - Loss 0.051865
2026-06-18 19:56:50 | Epoch 4 - Batch 609 - Loss 0.051946
2026-06-18 19:56:51 | Epoch 4 - Batch 610 - Loss 0.051633
2026-06-18 19:56:51 | Epoch 4 - Batch 611 - Loss 0.050875
2026-06-18 19:56:51 | Epoch 4 - Batch 612 - Loss 0.052981
2026-06-18 19:56:51 | Epoch 4 - Batch 613 - Loss 0.049318
2026-06-18 19:56:51 | Epoch 4 - Batch 614 - Loss 0.048774
2026-06-18 19:56:51 | Epoch 4 - Batch 615 - Loss 0.050793
2026-06-18 19:56:51 | Epoch 4 - Batch 616 - Loss 0.052955
2026-06-18 19:56:51 | Epoch 4 - Batch 617 - Loss 0.049710
2026-06-18 19:56:51 | Epoch 4 - Batch 618 - Loss 0.051522
2026-06-18 19:56:51 | Epoch 4 - Batch 619 - Loss 0.052367
2026-06-18 19:56:51 | Epoch 4 - Batch 620 - Loss 0.049944
2026-06-18 19:56:51 | Epoch 4 - Batch 621 - Loss 0.051262
2026-06-18 19:56:51 | Epoch 4 - Batch 622 - Loss 0.048822
2026-06-18 19:56:51 | Epoch 4 - Batch 623 - Loss 0.047982
2026-06-18 19:56:51 | Epoch 4 - Batch 624 - Loss 0.050715
2026-06-18 19:56:51 | Epoch 4 - Batch 625 - Loss 0.047740
2026-06-18 19:56:51 | Epoch 4 - Batch 626 - Loss 0.050247
2026-06-18 19:56:51 | Epoch 4 - Batch 627 - Loss 0.051060
2026-06-18 19:56:51 | Epoch 4 - Batch 628 - Loss 0.051311
2026-06-18 19:56:51 | Epoch 4 - Batch 629 - Loss 0.048962
2026-06-18 19:56:51 | Epoch 4 - Batch 630 - Loss 0.048740
2026-06-18 19:56:51 | Epoch 4 - Batch 631 - Loss 0.051652
2026-06-18 19:56:51 | Epoch 4 - Batch 632 - Loss 0.052490
2026-06-18 19:56:51 | Epoch 4 - Batch 633 - Loss 0.049177
2026-06-18 19:56:51 | Epoch 4 - Batch 634 - Loss 0.050683
2026-06-18 19:56:51 | Epoch 4 - Batch 635 - Loss 0.050306
2026-06-18 19:56:51 | Epoch 4 - Batch 636 - Loss 0.051597
2026-06-18 19:56:51 | Epoch 4 - Batch 637 - Loss 0.050658
2026-06-18 19:56:51 | Epoch 4 - Batch 638 - Loss 0.050842
2026-06-18 19:56:51 | Epoch 4 - Batch 639 - Loss 0.050810
2026-06-18 19:56:52 | Epoch 4 - Batch 640 - Loss 0.051596
2026-06-18 19:56:52 | Epoch 4 - Batch 641 - Loss 0.051760
2026-06-18 19:56:52 | Epoch 4 - Batch 642 - Loss 0.048718
2026-06-18 19:56:52 | Epoch 4 - Batch 643 - Loss 0.050941
2026-06-18 19:56:52 | Epoch 4 - Batch 644 - Loss 0.050260
2026-06-18 19:56:52 | Epoch 4 - Batch 645 - Loss 0.049633
2026-06-18 19:56:52 | Epoch 4 - Batch 646 - Loss 0.050727
2026-06-18 19:56:52 | Epoch 4 - Batch 647 - Loss 0.051863
2026-06-18 19:56:52 | Epoch 4 - Batch 648 - Loss 0.049169
2026-06-18 19:56:52 | Epoch 4 - Batch 649 - Loss 0.051213
2026-06-18 19:56:52 | Epoch 4 - Batch 650 - Loss 0.050117
2026-06-18 19:56:52 | Epoch 4 - Batch 651 - Loss 0.051425
2026-06-18 19:56:52 | Epoch 4 - Batch 652 - Loss 0.052473
2026-06-18 19:56:52 | Epoch 4 - Batch 653 - Loss 0.051921
2026-06-18 19:56:52 | Epoch 4 - Batch 654 - Loss 0.052972
2026-06-18 19:56:52 | Epoch 4 - Batch 655 - Loss 0.050026
2026-06-18 19:56:52 | Epoch 4 - Batch 656 - Loss 0.049712
2026-06-18 19:56:52 | Epoch 4 - Batch 657 - Loss 0.049696
2026-06-18 19:56:52 | Epoch 4 - Batch 658 - Loss 0.052863
2026-06-18 19:56:52 | Epoch 4 - Batch 659 - Loss 0.047577
2026-06-18 19:56:52 | Epoch 4 - Batch 660 - Loss 0.050421
2026-06-18 19:56:52 | Epoch 4 - Batch 661 - Loss 0.049782
2026-06-18 19:56:52 | Epoch 4 - Batch 662 - Loss 0.050786
2026-06-18 19:56:52 | Epoch 4 - Batch 663 - Loss 0.049812
2026-06-18 19:56:52 | Epoch 4 - Batch 664 - Loss 0.052843
2026-06-18 19:56:52 | Epoch 4 - Batch 665 - Loss 0.050936
2026-06-18 19:56:52 | Epoch 4 - Batch 666 - Loss 0.051358
2026-06-18 19:56:52 | Epoch 4 - Batch 667 - Loss 0.049268
2026-06-18 19:56:52 | Epoch 4 - Batch 668 - Loss 0.049974
2026-06-18 19:56:52 | Epoch 4 - Batch 669 - Loss 0.050654
2026-06-18 19:56:53 | Epoch 4 - Batch 670 - Loss 0.050066
2026-06-18 19:56:53 | Epoch 4 - Batch 671 - Loss 0.051998
2026-06-18 19:56:53 | Epoch 4 - Batch 672 - Loss 0.051734
2026-06-18 19:56:53 | Epoch 4 - Batch 673 - Loss 0.052689
2026-06-18 19:56:53 | Epoch 4 - Batch 674 - Loss 0.052621
2026-06-18 19:56:53 | Epoch 4 - Batch 675 - Loss 0.048801
2026-06-18 19:56:53 | Epoch 4 - Batch 676 - Loss 0.049544
2026-06-18 19:56:53 | Epoch 4 - Batch 677 - Loss 0.050127
2026-06-18 19:56:53 | Epoch 4 - Batch 678 - Loss 0.051377
2026-06-18 19:56:53 | Epoch 4 - Batch 679 - Loss 0.051162
2026-06-18 19:56:53 | Epoch 4 - Batch 680 - Loss 0.050477
2026-06-18 19:56:53 | Epoch 4 - Batch 681 - Loss 0.051495
2026-06-18 19:56:53 | Epoch 4 - Batch 682 - Loss 0.049147
2026-06-18 19:56:53 | Epoch 4 - Batch 683 - Loss 0.049501
2026-06-18 19:56:53 | Epoch 4 - Batch 684 - Loss 0.052728
2026-06-18 19:56:53 | Epoch 4 - Batch 685 - Loss 0.051682
2026-06-18 19:56:53 | Epoch 4 - Batch 686 - Loss 0.049064
2026-06-18 19:56:53 | Epoch 4 - Batch 687 - Loss 0.049099
2026-06-18 19:56:53 | Epoch 4 - Batch 688 - Loss 0.052430
2026-06-18 19:56:53 | Epoch 4 - Batch 689 - Loss 0.050510
2026-06-18 19:56:53 | Epoch 4 - Batch 690 - Loss 0.049243
2026-06-18 19:56:53 | Epoch 4 - Batch 691 - Loss 0.048218
2026-06-18 19:56:53 | Epoch 4 - Batch 692 - Loss 0.049066
2026-06-18 19:56:53 | Epoch 4 - Batch 693 - Loss 0.050587
2026-06-18 19:56:53 | Epoch 4 - Batch 694 - Loss 0.049893
2026-06-18 19:56:53 | Epoch 4 - Batch 695 - Loss 0.050885
2026-06-18 19:56:53 | Epoch 4 - Batch 696 - Loss 0.051772
2026-06-18 19:56:53 | Epoch 4 - Batch 697 - Loss 0.051316
2026-06-18 19:56:53 | Epoch 4 - Batch 698 - Loss 0.050956
2026-06-18 19:56:53 | Epoch 4 - Batch 699 - Loss 0.049836
2026-06-18 19:56:54 | Epoch 4 - Batch 700 - Loss 0.050674
2026-06-18 19:56:54 | Epoch 4 - Batch 701 - Loss 0.049104
2026-06-18 19:56:54 | Epoch 4 - Batch 702 - Loss 0.049962
2026-06-18 19:56:54 | Epoch 4 - Batch 703 - Loss 0.049678
2026-06-18 19:56:54 | Epoch 4 - Batch 704 - Loss 0.049338
2026-06-18 19:56:54 | Epoch 4 - Batch 705 - Loss 0.051371
2026-06-18 19:56:54 | Epoch 4 - Batch 706 - Loss 0.051685
2026-06-18 19:56:54 | Epoch 4 - Batch 707 - Loss 0.049985
2026-06-18 19:56:54 | Epoch 4 - Batch 708 - Loss 0.050906
2026-06-18 19:56:54 | Epoch 4 - Batch 709 - Loss 0.047769
2026-06-18 19:56:54 | Epoch 4 - Batch 710 - Loss 0.050792
2026-06-18 19:56:54 | Epoch 4 - Batch 711 - Loss 0.050099
2026-06-18 19:56:54 | Epoch 4 - Batch 712 - Loss 0.050921
2026-06-18 19:56:54 | Epoch 4 - Batch 713 - Loss 0.050071
2026-06-18 19:56:54 | Epoch 4 - Batch 714 - Loss 0.049682
2026-06-18 19:56:54 | Epoch 4 - Batch 715 - Loss 0.049037
2026-06-18 19:56:54 | Epoch 4 - Batch 716 - Loss 0.052797
2026-06-18 19:56:54 | Epoch 4 - Batch 717 - Loss 0.052194
2026-06-18 19:56:54 | Epoch 4 - Batch 718 - Loss 0.050636
2026-06-18 19:56:54 | Epoch 4 - Batch 719 - Loss 0.050070
2026-06-18 19:56:54 | Epoch 4 - Batch 720 - Loss 0.049981
2026-06-18 19:56:54 | Epoch 4 - Batch 721 - Loss 0.049830
2026-06-18 19:56:54 | Epoch 4 - Batch 722 - Loss 0.050879
2026-06-18 19:56:54 | Epoch 4 - Batch 723 - Loss 0.048899
2026-06-18 19:56:54 | Epoch 4 - Batch 724 - Loss 0.052367
2026-06-18 19:56:54 | Epoch 4 - Batch 725 - Loss 0.051789
2026-06-18 19:56:54 | Epoch 4 - Batch 726 - Loss 0.051861
2026-06-18 19:56:54 | Epoch 4 - Batch 727 - Loss 0.052126
2026-06-18 19:56:54 | Epoch 4 - Batch 728 - Loss 0.049278
2026-06-18 19:56:54 | Epoch 4 - Batch 729 - Loss 0.050031
2026-06-18 19:56:55 | Epoch 4 - Batch 730 - Loss 0.048784
2026-06-18 19:56:55 | Epoch 4 - Batch 731 - Loss 0.051338
2026-06-18 19:56:55 | Epoch 4 - Batch 732 - Loss 0.053391
2026-06-18 19:56:55 | Epoch 4 - Batch 733 - Loss 0.049406
2026-06-18 19:56:55 | Epoch 4 - Batch 734 - Loss 0.050666
2026-06-18 19:56:55 | Epoch 4 - Batch 735 - Loss 0.050135
2026-06-18 19:56:55 | Epoch 4 - Batch 736 - Loss 0.049169
2026-06-18 19:56:55 | Epoch 4 - Batch 737 - Loss 0.049168
2026-06-18 19:56:55 | Epoch 4 - Batch 738 - Loss 0.051317
2026-06-18 19:56:55 | Epoch 4 - Batch 739 - Loss 0.050898
2026-06-18 19:56:55 | Epoch 4 - Batch 740 - Loss 0.049078
2026-06-18 19:56:55 | Epoch 4 - Batch 741 - Loss 0.047848
2026-06-18 19:56:55 | Epoch 4 - Batch 742 - Loss 0.050388
2026-06-18 19:56:55 | Epoch 4 - Batch 743 - Loss 0.051750
2026-06-18 19:56:55 | Epoch 4 - Batch 744 - Loss 0.050344
2026-06-18 19:56:55 | Epoch 4 - Batch 745 - Loss 0.050430
2026-06-18 19:56:55 | Epoch 4 - Batch 746 - Loss 0.050865
2026-06-18 19:56:55 | Epoch 4 - Batch 747 - Loss 0.049847
2026-06-18 19:56:55 | Epoch 4 - Batch 748 - Loss 0.050690
2026-06-18 19:56:55 | Epoch 4 - Batch 749 - Loss 0.051190
2026-06-18 19:56:55 | Epoch 4 - Batch 750 - Loss 0.051388
2026-06-18 19:56:55 | Epoch 4 - Batch 751 - Loss 0.049627
2026-06-18 19:56:55 | Epoch 4 - Batch 752 - Loss 0.049814
2026-06-18 19:56:55 | Epoch 4 - Batch 753 - Loss 0.049545
2026-06-18 19:56:55 | Epoch 4 - Batch 754 - Loss 0.049073
2026-06-18 19:56:55 | Epoch 4 - Batch 755 - Loss 0.050049
2026-06-18 19:56:55 | Epoch 4 - Batch 756 - Loss 0.050468
2026-06-18 19:56:55 | Epoch 4 - Batch 757 - Loss 0.047870
2026-06-18 19:56:55 | Epoch 4 - Batch 758 - Loss 0.049977
2026-06-18 19:56:55 | Epoch 4 - Batch 759 - Loss 0.048877
2026-06-18 19:56:56 | Epoch 4 - Batch 760 - Loss 0.051824
2026-06-18 19:56:56 | Epoch 4 - Batch 761 - Loss 0.050204
2026-06-18 19:56:56 | Epoch 4 - Batch 762 - Loss 0.050919
2026-06-18 19:56:56 | Epoch 4 - Batch 763 - Loss 0.049484
2026-06-18 19:56:56 | Epoch 4 - Batch 764 - Loss 0.051534
2026-06-18 19:56:56 | Epoch 4 - Batch 765 - Loss 0.049823
2026-06-18 19:56:56 | Epoch 4 - Batch 766 - Loss 0.049277
2026-06-18 19:56:56 | Epoch 4 - Batch 767 - Loss 0.050959
2026-06-18 19:56:56 | Epoch 4 - Batch 768 - Loss 0.049506
2026-06-18 19:56:56 | Epoch 4 - Batch 769 - Loss 0.049446
2026-06-18 19:56:56 | Epoch 4 - Batch 770 - Loss 0.048307
2026-06-18 19:56:56 | Epoch 4 - Batch 771 - Loss 0.050869
2026-06-18 19:56:56 | Epoch 4 - Batch 772 - Loss 0.049429
2026-06-18 19:56:56 | Epoch 4 - Batch 773 - Loss 0.050168
2026-06-18 19:56:56 | Epoch 4 - Batch 774 - Loss 0.051072
2026-06-18 19:56:56 | Epoch 4 - Batch 775 - Loss 0.052375
2026-06-18 19:56:56 | Epoch 4 - Batch 776 - Loss 0.049748
2026-06-18 19:56:56 | Epoch 4 - Batch 777 - Loss 0.049915
2026-06-18 19:56:56 | Epoch 4 - Batch 778 - Loss 0.051054
2026-06-18 19:56:56 | Epoch 4 - Batch 779 - Loss 0.048452
2026-06-18 19:56:56 | Epoch 4 - Batch 780 - Loss 0.048577
2026-06-18 19:56:56 | Epoch 4 - Batch 781 - Loss 0.050471
2026-06-18 19:56:56 | Epoch 4 - Batch 782 - Loss 0.052302
2026-06-18 19:56:56 | Epoch 4 - Batch 783 - Loss 0.050813
2026-06-18 19:56:56 | Epoch 4 - Batch 784 - Loss 0.050561
2026-06-18 19:56:56 | Epoch 4 - Batch 785 - Loss 0.049559
2026-06-18 19:56:56 | Epoch 4 - Batch 786 - Loss 0.051116
2026-06-18 19:56:56 | Epoch 4 - Batch 787 - Loss 0.050222
2026-06-18 19:56:56 | Epoch 4 - Batch 788 - Loss 0.050186
2026-06-18 19:56:56 | Epoch 4 - Batch 789 - Loss 0.051293
2026-06-18 19:56:57 | Epoch 4 - Batch 790 - Loss 0.050969
2026-06-18 19:56:57 | Epoch 4 - Batch 791 - Loss 0.051284
2026-06-18 19:56:57 | Epoch 4 - Batch 792 - Loss 0.051570
2026-06-18 19:56:57 | Epoch 4 - Batch 793 - Loss 0.049829
2026-06-18 19:56:57 | Epoch 4 - Batch 794 - Loss 0.048970
2026-06-18 19:56:57 | Epoch 4 - Batch 795 - Loss 0.051673
2026-06-18 19:56:57 | Epoch 4 - Batch 796 - Loss 0.048271
2026-06-18 19:56:57 | Epoch 4 - Batch 797 - Loss 0.054021
2026-06-18 19:56:57 | Epoch 4 - Batch 798 - Loss 0.051293
2026-06-18 19:56:57 | Epoch 4 - Batch 799 - Loss 0.049764
2026-06-18 19:56:57 | Epoch 4 - Batch 800 - Loss 0.050490
2026-06-18 19:56:57 | Epoch 4 - Batch 801 - Loss 0.050085
2026-06-18 19:56:57 | Epoch 4 - Batch 802 - Loss 0.050179
2026-06-18 19:56:57 | Epoch 4 - Batch 803 - Loss 0.049178
2026-06-18 19:56:57 | Epoch 4 - Batch 804 - Loss 0.048723
2026-06-18 19:56:57 | Epoch 4 - Batch 805 - Loss 0.050771
2026-06-18 19:56:57 | Epoch 4 - Batch 806 - Loss 0.049605
2026-06-18 19:56:57 | Epoch 4 - Batch 807 - Loss 0.050446
2026-06-18 19:56:57 | Epoch 4 - Batch 808 - Loss 0.050712
2026-06-18 19:56:57 | Epoch 4 - Batch 809 - Loss 0.047845
2026-06-18 19:56:57 | Epoch 4 - Batch 810 - Loss 0.051466
2026-06-18 19:56:57 | Epoch 4 - Batch 811 - Loss 0.049448
2026-06-18 19:56:57 | Epoch 4 - Batch 812 - Loss 0.051060
2026-06-18 19:56:57 | Epoch 4 - Batch 813 - Loss 0.052085
2026-06-18 19:56:57 | Epoch 4 - Batch 814 - Loss 0.051998
2026-06-18 19:56:57 | Epoch 4 - Batch 815 - Loss 0.051201
2026-06-18 19:56:57 | Epoch 4 - Batch 816 - Loss 0.049136
2026-06-18 19:56:57 | Epoch 4 - Batch 817 - Loss 0.049188
2026-06-18 19:56:57 | Epoch 4 - Batch 818 - Loss 0.049213
2026-06-18 19:56:57 | Epoch 4 - Batch 819 - Loss 0.048551
2026-06-18 19:56:58 | Epoch 4 - Batch 820 - Loss 0.048872
2026-06-18 19:56:58 | Epoch 4 - Batch 821 - Loss 0.050322
2026-06-18 19:56:58 | Epoch 4 - Batch 822 - Loss 0.049891
2026-06-18 19:56:58 | Epoch 4 - Batch 823 - Loss 0.051915
2026-06-18 19:56:58 | Epoch 4 - Batch 824 - Loss 0.049694
2026-06-18 19:56:58 | Epoch 4 - Batch 825 - Loss 0.046539
2026-06-18 19:56:58 | Epoch 4 - Batch 826 - Loss 0.052317
2026-06-18 19:56:58 | Epoch 4 - Batch 827 - Loss 0.049813
2026-06-18 19:56:58 | Epoch 4 - Batch 828 - Loss 0.050913
2026-06-18 19:56:58 | Epoch 4 - Batch 829 - Loss 0.051770
2026-06-18 19:56:58 | Epoch 4 - Batch 830 - Loss 0.050829
2026-06-18 19:56:58 | Epoch 4 - Batch 831 - Loss 0.050058
2026-06-18 19:56:58 | Epoch 4 - Batch 832 - Loss 0.050909
2026-06-18 19:56:58 | Epoch 4 - Batch 833 - Loss 0.048987
2026-06-18 19:56:58 | Epoch 4 - Batch 834 - Loss 0.050522
2026-06-18 19:56:58 | Epoch 4 - Batch 835 - Loss 0.048887
2026-06-18 19:56:58 | Epoch 4 - Batch 836 - Loss 0.046962
2026-06-18 19:56:58 | Epoch 4 - Batch 837 - Loss 0.050529
2026-06-18 19:56:58 | Epoch 4 - Batch 838 - Loss 0.049112
2026-06-18 19:56:58 | Epoch 4 - Batch 839 - Loss 0.049915
2026-06-18 19:56:58 | Epoch 4 - Batch 840 - Loss 0.050035
2026-06-18 19:56:58 | Epoch 4 - Batch 841 - Loss 0.051532
2026-06-18 19:56:58 | Epoch 4 - Batch 842 - Loss 0.050119
2026-06-18 19:56:58 | Epoch 4 - Batch 843 - Loss 0.049833
2026-06-18 19:56:58 | Epoch 4 - Batch 844 - Loss 0.048877
2026-06-18 19:56:58 | Epoch 4 - Batch 845 - Loss 0.050565
2026-06-18 19:56:58 | Epoch 4 - Batch 846 - Loss 0.048444
2026-06-18 19:56:58 | Epoch 4 - Batch 847 - Loss 0.049647
2026-06-18 19:56:58 | Epoch 4 - Batch 848 - Loss 0.049727
2026-06-18 19:56:58 | Epoch 4 - Batch 849 - Loss 0.049136
2026-06-18 19:56:58 | Epoch 4 - Batch 850 - Loss 0.049011
2026-06-18 19:56:59 | Epoch 4 - Batch 851 - Loss 0.052266
2026-06-18 19:56:59 | Epoch 4 - Batch 852 - Loss 0.051752
2026-06-18 19:56:59 | Epoch 4 - Batch 853 - Loss 0.052370
2026-06-18 19:56:59 | Epoch 4 - Batch 854 - Loss 0.051539
2026-06-18 19:56:59 | Epoch 4 - Batch 855 - Loss 0.051047
2026-06-18 19:56:59 | Epoch 4 - Batch 856 - Loss 0.050545
2026-06-18 19:56:59 | Epoch 4 - Batch 857 - Loss 0.049869
2026-06-18 19:56:59 | Epoch 4 - Batch 858 - Loss 0.049261
2026-06-18 19:56:59 | Epoch 4 - Batch 859 - Loss 0.048093
2026-06-18 19:56:59 | Epoch 4 - Batch 860 - Loss 0.050764
2026-06-18 19:56:59 | Epoch 4 - Batch 861 - Loss 0.050536
2026-06-18 19:56:59 | Epoch 4 - Batch 862 - Loss 0.050704
2026-06-18 19:56:59 | Epoch 4 - Batch 863 - Loss 0.048478
2026-06-18 19:56:59 | Epoch 4 - Batch 864 - Loss 0.050413
2026-06-18 19:56:59 | Epoch 4 - Batch 865 - Loss 0.050405
2026-06-18 19:56:59 | Epoch 4 - Batch 866 - Loss 0.049681
2026-06-18 19:56:59 | Epoch 4 - Batch 867 - Loss 0.049245
2026-06-18 19:56:59 | Epoch 4 - Batch 868 - Loss 0.049128
2026-06-18 19:56:59 | Epoch 4 - Batch 869 - Loss 0.052073
2026-06-18 19:56:59 | Epoch 4 - Batch 870 - Loss 0.049978
2026-06-18 19:56:59 | Epoch 4 - Batch 871 - Loss 0.050980
2026-06-18 19:56:59 | Epoch 4 - Batch 872 - Loss 0.049576
2026-06-18 19:56:59 | Epoch 4 - Batch 873 - Loss 0.047795
2026-06-18 19:56:59 | Epoch 4 - Batch 874 - Loss 0.049468
2026-06-18 19:56:59 | Epoch 4 - Batch 875 - Loss 0.049506
2026-06-18 19:56:59 | Epoch 4 - Batch 876 - Loss 0.049166
2026-06-18 19:56:59 | Epoch 4 - Batch 877 - Loss 0.050695
2026-06-18 19:56:59 | Epoch 4 - Batch 878 - Loss 0.050633
2026-06-18 19:56:59 | Epoch 4 - Batch 879 - Loss 0.048332
2026-06-18 19:56:59 | Epoch 4 - Batch 880 - Loss 0.049494
2026-06-18 19:57:00 | Epoch 4 - Batch 881 - Loss 0.051456
2026-06-18 19:57:00 | Epoch 4 - Batch 882 - Loss 0.048287
2026-06-18 19:57:00 | Epoch 4 - Batch 883 - Loss 0.051795
2026-06-18 19:57:00 | Epoch 4 - Batch 884 - Loss 0.050234
2026-06-18 19:57:00 | Epoch 4 - Batch 885 - Loss 0.049914
2026-06-18 19:57:00 | Epoch 4 - Batch 886 - Loss 0.050751
2026-06-18 19:57:00 | Epoch 4 - Batch 887 - Loss 0.049914
2026-06-18 19:57:00 | Epoch 4 - Batch 888 - Loss 0.049045
2026-06-18 19:57:00 | Epoch 4 - Batch 889 - Loss 0.050954
2026-06-18 19:57:00 | Epoch 4 - Batch 890 - Loss 0.048711
2026-06-18 19:57:00 | Epoch 4 - Batch 891 - Loss 0.048548
2026-06-18 19:57:00 | Epoch 4 - Batch 892 - Loss 0.048642
2026-06-18 19:57:00 | Epoch 4 - Batch 893 - Loss 0.050792
2026-06-18 19:57:00 | Epoch 4 - Batch 894 - Loss 0.050842
2026-06-18 19:57:00 | Epoch 4 - Batch 895 - Loss 0.049349
2026-06-18 19:57:00 | Epoch 4 - Batch 896 - Loss 0.049537
2026-06-18 19:57:00 | Epoch 4 - Batch 897 - Loss 0.050112
2026-06-18 19:57:00 | Epoch 4 - Batch 898 - Loss 0.051829
2026-06-18 19:57:00 | Epoch 4 - Batch 899 - Loss 0.048764
2026-06-18 19:57:00 | Epoch 4 - Batch 900 - Loss 0.050448
2026-06-18 19:57:00 | Epoch 4 - Batch 901 - Loss 0.049180
2026-06-18 19:57:00 | Epoch 4 - Batch 902 - Loss 0.048901
2026-06-18 19:57:00 | Epoch 4 - Batch 903 - Loss 0.050625
2026-06-18 19:57:00 | Epoch 4 - Batch 904 - Loss 0.050686
2026-06-18 19:57:00 | Epoch 4 - Batch 905 - Loss 0.049335
2026-06-18 19:57:00 | Epoch 4 - Batch 906 - Loss 0.049520
2026-06-18 19:57:00 | Epoch 4 - Batch 907 - Loss 0.050218
2026-06-18 19:57:00 | Epoch 4 - Batch 908 - Loss 0.050611
2026-06-18 19:57:00 | Epoch 4 - Batch 909 - Loss 0.050125
2026-06-18 19:57:00 | Epoch 4 - Batch 910 - Loss 0.048256
2026-06-18 19:57:01 | Epoch 4 - Batch 911 - Loss 0.047761
2026-06-18 19:57:01 | Epoch 4 - Batch 912 - Loss 0.048888
2026-06-18 19:57:01 | Epoch 4 - Batch 913 - Loss 0.049511
2026-06-18 19:57:01 | Epoch 4 - Batch 914 - Loss 0.048233
2026-06-18 19:57:01 | Epoch 4 - Batch 915 - Loss 0.050073
2026-06-18 19:57:01 | Epoch 4 - Batch 916 - Loss 0.050652
2026-06-18 19:57:01 | Epoch 4 - Batch 917 - Loss 0.049913
2026-06-18 19:57:01 | Epoch 4 - Batch 918 - Loss 0.050522
2026-06-18 19:57:01 | Epoch 4 - Batch 919 - Loss 0.052227
2026-06-18 19:57:01 | Epoch 4 - Batch 920 - Loss 0.049718
2026-06-18 19:57:01 | Epoch 4 - Batch 921 - Loss 0.050462
2026-06-18 19:57:01 | Epoch 4 - Batch 922 - Loss 0.049640
2026-06-18 19:57:01 | Epoch 4 - Batch 923 - Loss 0.049132
2026-06-18 19:57:01 | Epoch 4 - Batch 924 - Loss 0.050075
2026-06-18 19:57:01 | Epoch 4 - Batch 925 - Loss 0.049361
2026-06-18 19:57:01 | Epoch 4 - Batch 926 - Loss 0.049240
2026-06-18 19:57:01 | Epoch 4 - Batch 927 - Loss 0.049425
2026-06-18 19:57:01 | Epoch 4 - Batch 928 - Loss 0.048103
2026-06-18 19:57:01 | Epoch 4 - Batch 929 - Loss 0.052473
2026-06-18 19:57:01 | Epoch 4 - Batch 930 - Loss 0.047771
2026-06-18 19:57:01 | Epoch 4 - Batch 931 - Loss 0.048626
2026-06-18 19:57:01 | Epoch 4 - Batch 932 - Loss 0.049588
2026-06-18 19:57:01 | Epoch 4 - Batch 933 - Loss 0.049746
2026-06-18 19:57:01 | Epoch 4 - Batch 934 - Loss 0.049860
2026-06-18 19:57:01 | Epoch 4 - Batch 935 - Loss 0.050855
2026-06-18 19:57:01 | Epoch 4 - Batch 936 - Loss 0.049015
2026-06-18 19:57:01 | Epoch 4 - Batch 937 - Loss 0.048473
2026-06-18 19:57:01 | Epoch 4 - Batch 938 - Loss 0.050107
2026-06-18 19:57:01 | Epoch 4 - Batch 939 - Loss 0.047613
2026-06-18 19:57:01 | Epoch 4 - Batch 940 - Loss 0.048993
2026-06-18 19:57:02 | Epoch 4 - Batch 941 - Loss 0.050134
2026-06-18 19:57:02 | Epoch 4 - Batch 942 - Loss 0.048605
2026-06-18 19:57:02 | Epoch 4 - Batch 943 - Loss 0.049805
2026-06-18 19:57:02 | Epoch 4 - Batch 944 - Loss 0.048653
2026-06-18 19:57:02 | Epoch 4 - Batch 945 - Loss 0.050887
2026-06-18 19:57:02 | Epoch 4 - Batch 946 - Loss 0.050445
2026-06-18 19:57:02 | Epoch 4 - Batch 947 - Loss 0.049680
2026-06-18 19:57:02 | Epoch 4 - Batch 948 - Loss 0.049334
2026-06-18 19:57:02 | Epoch 4 - Batch 949 - Loss 0.048648
2026-06-18 19:57:02 | Epoch 4 - Batch 950 - Loss 0.049325
2026-06-18 19:57:02 | Epoch 4 - Batch 951 - Loss 0.048263
2026-06-18 19:57:02 | Epoch 4 - Batch 952 - Loss 0.048941
2026-06-18 19:57:02 | Epoch 4 - Batch 953 - Loss 0.046491
2026-06-18 19:57:02 | Epoch 4 - Batch 954 - Loss 0.048074
2026-06-18 19:57:02 | Epoch 4 - Batch 955 - Loss 0.050291
2026-06-18 19:57:02 | Epoch 4 - Batch 956 - Loss 0.048235
2026-06-18 19:57:02 | Epoch 4 - Batch 957 - Loss 0.048894
2026-06-18 19:57:02 | Epoch 4 - Batch 958 - Loss 0.049332
2026-06-18 19:57:02 | Epoch 4 - Batch 959 - Loss 0.048116
2026-06-18 19:57:02 | Epoch 4 - Batch 960 - Loss 0.050735
2026-06-18 19:57:02 | Epoch 4 - Batch 961 - Loss 0.050880
2026-06-18 19:57:02 | Epoch 4 - Batch 962 - Loss 0.048064
2026-06-18 19:57:02 | Epoch 4 - Batch 963 - Loss 0.049279
2026-06-18 19:57:02 | Epoch 4 - Batch 964 - Loss 0.050511
2026-06-18 19:57:02 | Epoch 4 - Batch 965 - Loss 0.048691
2026-06-18 19:57:02 | Epoch 4 - Batch 966 - Loss 0.050078
2026-06-18 19:57:02 | Epoch 4 - Batch 967 - Loss 0.050149
2026-06-18 19:57:02 | Epoch 4 - Batch 968 - Loss 0.051632
2026-06-18 19:57:02 | Epoch 4 - Batch 969 - Loss 0.049765
2026-06-18 19:57:02 | Epoch 4 - Batch 970 - Loss 0.047610
2026-06-18 19:57:03 | Epoch 4 - Batch 971 - Loss 0.050135
2026-06-18 19:57:03 | Epoch 4 - Batch 972 - Loss 0.048984
2026-06-18 19:57:03 | Epoch 4 - Batch 973 - Loss 0.050059
2026-06-18 19:57:03 | Epoch 4 - Batch 974 - Loss 0.049792
2026-06-18 19:57:03 | Epoch 4 - Batch 975 - Loss 0.049768
2026-06-18 19:57:03 | Epoch 4 - Batch 976 - Loss 0.048702
2026-06-18 19:57:03 | Epoch 4 - Batch 977 - Loss 0.050264
2026-06-18 19:57:03 | Epoch 4 - Batch 978 - Loss 0.050733
2026-06-18 19:57:03 | Epoch 4 - Batch 979 - Loss 0.048163
2026-06-18 19:57:03 | Epoch 4 - Batch 980 - Loss 0.050763
2026-06-18 19:57:03 | Epoch 4 - Batch 981 - Loss 0.050367
2026-06-18 19:57:03 | Epoch 4 - Batch 982 - Loss 0.047587
2026-06-18 19:57:03 | Epoch 4 - Batch 983 - Loss 0.048877
2026-06-18 19:57:03 | Epoch 4 - Batch 984 - Loss 0.050340
2026-06-18 19:57:03 | Epoch 4 - Batch 985 - Loss 0.050861
2026-06-18 19:57:03 | Epoch 4 - Batch 986 - Loss 0.049948
2026-06-18 19:57:03 | Epoch 4 - Batch 987 - Loss 0.051189
2026-06-18 19:57:03 | Epoch 4 - Batch 988 - Loss 0.050926
2026-06-18 19:57:03 | Epoch 4 - Batch 989 - Loss 0.048953
2026-06-18 19:57:03 | Epoch 4 - Batch 990 - Loss 0.048325
2026-06-18 19:57:03 | Epoch 4 - Batch 991 - Loss 0.048098
2026-06-18 19:57:03 | Epoch 4 - Batch 992 - Loss 0.047404
2026-06-18 19:57:03 | Epoch 4 - Batch 993 - Loss 0.051369
2026-06-18 19:57:03 | Epoch 4 - Batch 994 - Loss 0.050529
2026-06-18 19:57:03 | Epoch 4 - Batch 995 - Loss 0.051420
2026-06-18 19:57:03 | Epoch 4 - Batch 996 - Loss 0.048051
2026-06-18 19:57:03 | Epoch 4 - Batch 997 - Loss 0.050771
2026-06-18 19:57:03 | Epoch 4 - Batch 998 - Loss 0.045918
2026-06-18 19:57:03 | Epoch 4 - Batch 999 - Loss 0.049913
2026-06-18 19:57:03 | Epoch 4 - Batch 1000 - Loss 0.049752
2026-06-18 19:57:04 | Epoch 4 - Batch 1001 - Loss 0.049670
2026-06-18 19:57:04 | Epoch 4 - Batch 1002 - Loss 0.047937
2026-06-18 19:57:04 | Epoch 4 - Batch 1003 - Loss 0.047885
2026-06-18 19:57:04 | Epoch 4 - Batch 1004 - Loss 0.049920
2026-06-18 19:57:04 | Epoch 4 - Batch 1005 - Loss 0.050446
2026-06-18 19:57:04 | Epoch 4 - Batch 1006 - Loss 0.048863
2026-06-18 19:57:04 | Epoch 4 - Batch 1007 - Loss 0.047869
2026-06-18 19:57:04 | Epoch 4 - Batch 1008 - Loss 0.051165
2026-06-18 19:57:04 | Epoch 4 - Batch 1009 - Loss 0.050550
2026-06-18 19:57:04 | Epoch 4 - Batch 1010 - Loss 0.049286
2026-06-18 19:57:04 | Epoch 4 - Batch 1011 - Loss 0.048524
2026-06-18 19:57:04 | Epoch 4 - Batch 1012 - Loss 0.050746
2026-06-18 19:57:04 | Epoch 4 - Batch 1013 - Loss 0.050621
2026-06-18 19:57:04 | Epoch 4 - Batch 1014 - Loss 0.048497
2026-06-18 19:57:04 | Epoch 4 - Batch 1015 - Loss 0.049976
2026-06-18 19:57:04 | Epoch 4 - Batch 1016 - Loss 0.048729
2026-06-18 19:57:04 | Epoch 4 - Batch 1017 - Loss 0.048729
2026-06-18 19:57:04 | Epoch 4 - Batch 1018 - Loss 0.048711
2026-06-18 19:57:04 | Epoch 4 - Batch 1019 - Loss 0.048350
2026-06-18 19:57:04 | Epoch 4 - Batch 1020 - Loss 0.048892
2026-06-18 19:57:04 | Epoch 4 - Batch 1021 - Loss 0.047535
2026-06-18 19:57:04 | Epoch 4 - Batch 1022 - Loss 0.049083
2026-06-18 19:57:04 | Epoch 4 - Batch 1023 - Loss 0.049384
2026-06-18 19:57:04 | Epoch 4 - Batch 1024 - Loss 0.048979
2026-06-18 19:57:04 | Epoch 4 - Batch 1025 - Loss 0.049768
2026-06-18 19:57:04 | Epoch 4 - Batch 1026 - Loss 0.050413
2026-06-18 19:57:04 | Epoch 4 - Batch 1027 - Loss 0.049264
2026-06-18 19:57:04 | Epoch 4 - Batch 1028 - Loss 0.046798
2026-06-18 19:57:04 | Epoch 4 - Batch 1029 - Loss 0.049923
2026-06-18 19:57:04 | Epoch 4 - Batch 1030 - Loss 0.049689
2026-06-18 19:57:05 | Epoch 4 - Batch 1031 - Loss 0.047573
2026-06-18 19:57:05 | Epoch 4 - Batch 1032 - Loss 0.048559
2026-06-18 19:57:05 | Epoch 4 - Batch 1033 - Loss 0.047452
2026-06-18 19:57:05 | Epoch 4 - Batch 1034 - Loss 0.047907
2026-06-18 19:57:05 | Epoch 4 - Batch 1035 - Loss 0.048729
2026-06-18 19:57:05 | Epoch 4 - Batch 1036 - Loss 0.050971
2026-06-18 19:57:05 | Epoch 4 - Batch 1037 - Loss 0.049109
2026-06-18 19:57:05 | Epoch 4 - Batch 1038 - Loss 0.048436
2026-06-18 19:57:05 | Epoch 4 - Batch 1039 - Loss 0.050011
2026-06-18 19:57:05 | Epoch 4 - Batch 1040 - Loss 0.051846
2026-06-18 19:57:05 | Epoch 4 - Batch 1041 - Loss 0.047046
2026-06-18 19:57:05 | Epoch 4 - Batch 1042 - Loss 0.051928
2026-06-18 19:57:05 | Epoch 4 - Batch 1043 - Loss 0.048612
2026-06-18 19:57:05 | Epoch 4 - Batch 1044 - Loss 0.050514
2026-06-18 19:57:05 | Epoch 4 - Batch 1045 - Loss 0.049761
2026-06-18 19:57:05 | Epoch 4 - Batch 1046 - Loss 0.049662
2026-06-18 19:57:05 | Epoch 4 - Batch 1047 - Loss 0.049952
2026-06-18 19:57:05 | Epoch 4 - Batch 1048 - Loss 0.049820
2026-06-18 19:57:05 | Epoch 4 - Batch 1049 - Loss 0.049902
2026-06-18 19:57:05 | Epoch 4 - Batch 1050 - Loss 0.048008
2026-06-18 19:57:05 | Epoch 4 - Batch 1051 - Loss 0.046729
2026-06-18 19:57:05 | Epoch 4 - Batch 1052 - Loss 0.050399
2026-06-18 19:57:05 | Epoch 4 - Batch 1053 - Loss 0.049713
2026-06-18 19:57:05 | Epoch 4 - Batch 1054 - Loss 0.047288
2026-06-18 19:57:05 | Epoch 4 - Batch 1055 - Loss 0.050644
2026-06-18 19:57:05 | Epoch 4 - Batch 1056 - Loss 0.048426
2026-06-18 19:57:05 | Epoch 4 - Batch 1057 - Loss 0.048514
2026-06-18 19:57:05 | Epoch 4 - Batch 1058 - Loss 0.049139
2026-06-18 19:57:05 | Epoch 4 - Batch 1059 - Loss 0.048719
2026-06-18 19:57:05 | Epoch 4 - Batch 1060 - Loss 0.049373
2026-06-18 19:57:06 | Epoch 4 - Batch 1061 - Loss 0.047840
2026-06-18 19:57:06 | Epoch 4 - Batch 1062 - Loss 0.051293
2026-06-18 19:57:06 | Epoch 4 - Batch 1063 - Loss 0.049200
2026-06-18 19:57:06 | Epoch 4 - Batch 1064 - Loss 0.050379
2026-06-18 19:57:06 | Epoch 4 - Batch 1065 - Loss 0.050503
2026-06-18 19:57:06 | Epoch 4 - Batch 1066 - Loss 0.047614
2026-06-18 19:57:06 | Epoch 4 - Batch 1067 - Loss 0.049579
2026-06-18 19:57:06 | Epoch 4 - Batch 1068 - Loss 0.049581
2026-06-18 19:57:06 | Epoch 4 - Batch 1069 - Loss 0.052251
2026-06-18 19:57:06 | Epoch 4 - Batch 1070 - Loss 0.048519
2026-06-18 19:57:06 | Epoch 4 - Batch 1071 - Loss 0.049017
2026-06-18 19:57:06 | Epoch 4 - Batch 1072 - Loss 0.048074
2026-06-18 19:57:06 | Epoch 4 - Batch 1073 - Loss 0.049275
2026-06-18 19:57:06 | Epoch 4 - Batch 1074 - Loss 0.049056
2026-06-18 19:57:06 | Epoch 4 - Batch 1075 - Loss 0.049696
2026-06-18 19:57:06 | Epoch 4 - Batch 1076 - Loss 0.046810
2026-06-18 19:57:06 | Epoch 4 - Batch 1077 - Loss 0.048760
2026-06-18 19:57:06 | Epoch 4 - Batch 1078 - Loss 0.050059
2026-06-18 19:57:06 | Epoch 4 - Batch 1079 - Loss 0.049173
2026-06-18 19:57:06 | Epoch 4 - Batch 1080 - Loss 0.050701
2026-06-18 19:57:06 | Epoch 4 - Batch 1081 - Loss 0.050101
2026-06-18 19:57:06 | Epoch 4 - Batch 1082 - Loss 0.049969
2026-06-18 19:57:06 | Epoch 4 - Batch 1083 - Loss 0.048809
2026-06-18 19:57:06 | Epoch 4 - Batch 1084 - Loss 0.048852
2026-06-18 19:57:06 | Epoch 4 - Batch 1085 - Loss 0.049854
2026-06-18 19:57:06 | Epoch 4 - Batch 1086 - Loss 0.048162
2026-06-18 19:57:06 | Epoch 4 - Batch 1087 - Loss 0.049432
2026-06-18 19:57:06 | Epoch 4 - Batch 1088 - Loss 0.049727
2026-06-18 19:57:06 | Epoch 4 - Batch 1089 - Loss 0.049889
2026-06-18 19:57:06 | Epoch 4 - Batch 1090 - Loss 0.049377
2026-06-18 19:57:07 | Epoch 4 - Batch 1091 - Loss 0.049574
2026-06-18 19:57:07 | Epoch 4 - Batch 1092 - Loss 0.048935
2026-06-18 19:57:07 | Epoch 4 - Batch 1093 - Loss 0.049247
2026-06-18 19:57:07 | Epoch 4 - Batch 1094 - Loss 0.049624
2026-06-18 19:57:07 | Epoch 4 - Batch 1095 - Loss 0.047815
2026-06-18 19:57:07 | Epoch 4 - Batch 1096 - Loss 0.049935
2026-06-18 19:57:07 | Epoch 4 - Batch 1097 - Loss 0.048787
2026-06-18 19:57:07 | Epoch 4 - Batch 1098 - Loss 0.049333
2026-06-18 19:57:07 | Epoch 4 - Batch 1099 - Loss 0.048757
2026-06-18 19:57:07 | Epoch 4 - Batch 1100 - Loss 0.050136
2026-06-18 19:57:07 | Epoch 4 - Batch 1101 - Loss 0.051729
2026-06-18 19:57:07 | Epoch 4 - Batch 1102 - Loss 0.050141
2026-06-18 19:57:07 | Epoch 4 - Batch 1103 - Loss 0.049594
2026-06-18 19:57:07 | Epoch 4 - Batch 1104 - Loss 0.050964
2026-06-18 19:57:07 | Epoch 4 - Batch 1105 - Loss 0.048277
2026-06-18 19:57:07 | Epoch 4 - Batch 1106 - Loss 0.046164
2026-06-18 19:57:07 | Epoch 4 - Batch 1107 - Loss 0.050882
2026-06-18 19:57:07 | Epoch 4 - Batch 1108 - Loss 0.048643
2026-06-18 19:57:07 | Epoch 4 - Batch 1109 - Loss 0.048782
2026-06-18 19:57:07 | Epoch 4 - Batch 1110 - Loss 0.049164
2026-06-18 19:57:07 | Epoch 4 - Batch 1111 - Loss 0.049134
2026-06-18 19:57:07 | Epoch 4 - Batch 1112 - Loss 0.050406
2026-06-18 19:57:07 | Epoch 4 - Batch 1113 - Loss 0.049515
2026-06-18 19:57:07 | Epoch 4 - Batch 1114 - Loss 0.048286
2026-06-18 19:57:07 | Epoch 4 - Batch 1115 - Loss 0.051665
2026-06-18 19:57:07 | Epoch 4 - Batch 1116 - Loss 0.047739
2026-06-18 19:57:07 | Epoch 4 - Batch 1117 - Loss 0.051441
2026-06-18 19:57:07 | Epoch 4 - Batch 1118 - Loss 0.048192
2026-06-18 19:57:07 | Epoch 4 - Batch 1119 - Loss 0.049883
2026-06-18 19:57:08 | Epoch 4 - Batch 1120 - Loss 0.048778
2026-06-18 19:57:08 | Epoch 4 - Batch 1121 - Loss 0.051562
2026-06-18 19:57:08 | Epoch 4 - Batch 1122 - Loss 0.050474
2026-06-18 19:57:08 | Epoch 4 - Batch 1123 - Loss 0.050430
2026-06-18 19:57:08 | Epoch 4 - Batch 1124 - Loss 0.050467
2026-06-18 19:57:08 | Epoch 4 - Batch 1125 - Loss 0.048520
2026-06-18 19:57:08 | Epoch 4 - Batch 1126 - Loss 0.047642
2026-06-18 19:57:08 | Epoch 4 - Batch 1127 - Loss 0.049605
2026-06-18 19:57:08 | Epoch 4 - Batch 1128 - Loss 0.049866
2026-06-18 19:57:08 | Epoch 4 - Batch 1129 - Loss 0.049421
2026-06-18 19:57:08 | Epoch 4 - Batch 1130 - Loss 0.051398
2026-06-18 19:57:08 | Epoch 4 - Batch 1131 - Loss 0.047394
2026-06-18 19:57:08 | Epoch 4 - Batch 1132 - Loss 0.048961
2026-06-18 19:57:08 | Epoch 4 - Batch 1133 - Loss 0.050358
2026-06-18 19:57:08 | Epoch 4 - Batch 1134 - Loss 0.050331
2026-06-18 19:57:08 | Epoch 4 - Batch 1135 - Loss 0.051827
2026-06-18 19:57:08 | Epoch 4 - Batch 1136 - Loss 0.050492
2026-06-18 19:57:08 | Epoch 4 - Batch 1137 - Loss 0.049904
2026-06-18 19:57:08 | Epoch 4 - Batch 1138 - Loss 0.047834
2026-06-18 19:57:08 | Epoch 4 - Batch 1139 - Loss 0.048164
2026-06-18 19:57:08 | Epoch 4 - Batch 1140 - Loss 0.049835
2026-06-18 19:57:08 | Epoch 4 - Batch 1141 - Loss 0.049086
2026-06-18 19:57:08 | Epoch 4 - Batch 1142 - Loss 0.047720
2026-06-18 19:57:08 | Epoch 4 - Batch 1143 - Loss 0.049728
2026-06-18 19:57:08 | Epoch 4 - Batch 1144 - Loss 0.051306
2026-06-18 19:57:08 | Epoch 4 - Batch 1145 - Loss 0.046887
2026-06-18 19:57:08 | Epoch 4 - Batch 1146 - Loss 0.050264
2026-06-18 19:57:08 | Epoch 4 - Batch 1147 - Loss 0.049759
2026-06-18 19:57:08 | Epoch 4 - Batch 1148 - Loss 0.048480
2026-06-18 19:57:08 | Epoch 4 - Batch 1149 - Loss 0.047574
2026-06-18 19:57:09 | Epoch 4 - Batch 1150 - Loss 0.050850
2026-06-18 19:57:19 | Epoch 4 finished in 49.34 sec | train 0.050850 S=1 | valid 0.052462 S=1 | valid_S1 0.052462 valid_S10 0.287003 valid_S2 0.081050 valid_S4 0.138102 valid_S8 0.243880 | lr 1.00e-04
2026-06-18 19:57:20 | Epoch 5 - Batch 0 - Loss 0.048155
2026-06-18 19:57:20 | Epoch 5 - Batch 1 - Loss 0.049523
2026-06-18 19:57:20 | Epoch 5 - Batch 2 - Loss 0.047952
2026-06-18 19:57:20 | Epoch 5 - Batch 3 - Loss 0.047677
2026-06-18 19:57:20 | Epoch 5 - Batch 4 - Loss 0.047493
2026-06-18 19:57:20 | Epoch 5 - Batch 5 - Loss 0.050379
2026-06-18 19:57:20 | Epoch 5 - Batch 6 - Loss 0.049038
2026-06-18 19:57:20 | Epoch 5 - Batch 7 - Loss 0.048704
2026-06-18 19:57:20 | Epoch 5 - Batch 8 - Loss 0.046939
2026-06-18 19:57:20 | Epoch 5 - Batch 9 - Loss 0.049535
2026-06-18 19:57:20 | Epoch 5 - Batch 10 - Loss 0.050626
2026-06-18 19:57:20 | Epoch 5 - Batch 11 - Loss 0.048592
2026-06-18 19:57:20 | Epoch 5 - Batch 12 - Loss 0.049408
2026-06-18 19:57:20 | Epoch 5 - Batch 13 - Loss 0.048015
2026-06-18 19:57:20 | Epoch 5 - Batch 14 - Loss 0.048659
2026-06-18 19:57:20 | Epoch 5 - Batch 15 - Loss 0.049190
2026-06-18 19:57:20 | Epoch 5 - Batch 16 - Loss 0.048279
2026-06-18 19:57:20 | Epoch 5 - Batch 17 - Loss 0.050288
2026-06-18 19:57:20 | Epoch 5 - Batch 18 - Loss 0.049012
2026-06-18 19:57:20 | Epoch 5 - Batch 19 - Loss 0.048088
2026-06-18 19:57:20 | Epoch 5 - Batch 20 - Loss 0.048098
2026-06-18 19:57:20 | Epoch 5 - Batch 21 - Loss 0.050446
2026-06-18 19:57:20 | Epoch 5 - Batch 22 - Loss 0.048867
2026-06-18 19:57:20 | Epoch 5 - Batch 23 - Loss 0.048657
2026-06-18 19:57:20 | Epoch 5 - Batch 24 - Loss 0.047004
2026-06-18 19:57:20 | Epoch 5 - Batch 25 - Loss 0.048839
2026-06-18 19:57:20 | Epoch 5 - Batch 26 - Loss 0.050510
2026-06-18 19:57:20 | Epoch 5 - Batch 27 - Loss 0.047528
2026-06-18 19:57:20 | Epoch 5 - Batch 28 - Loss 0.049651
2026-06-18 19:57:21 | Epoch 5 - Batch 29 - Loss 0.047032
2026-06-18 19:57:21 | Epoch 5 - Batch 30 - Loss 0.049337
2026-06-18 19:57:21 | Epoch 5 - Batch 31 - Loss 0.048885
2026-06-18 19:57:21 | Epoch 5 - Batch 32 - Loss 0.049777
2026-06-18 19:57:21 | Epoch 5 - Batch 33 - Loss 0.048581
2026-06-18 19:57:21 | Epoch 5 - Batch 34 - Loss 0.048659
2026-06-18 19:57:21 | Epoch 5 - Batch 35 - Loss 0.048730
2026-06-18 19:57:21 | Epoch 5 - Batch 36 - Loss 0.047956
2026-06-18 19:57:21 | Epoch 5 - Batch 37 - Loss 0.048313
2026-06-18 19:57:21 | Epoch 5 - Batch 38 - Loss 0.051396
2026-06-18 19:57:21 | Epoch 5 - Batch 39 - Loss 0.048310
2026-06-18 19:57:21 | Epoch 5 - Batch 40 - Loss 0.049041
2026-06-18 19:57:21 | Epoch 5 - Batch 41 - Loss 0.049666
2026-06-18 19:57:21 | Epoch 5 - Batch 42 - Loss 0.046958
2026-06-18 19:57:21 | Epoch 5 - Batch 43 - Loss 0.050330
2026-06-18 19:57:21 | Epoch 5 - Batch 44 - Loss 0.049544
2026-06-18 19:57:21 | Epoch 5 - Batch 45 - Loss 0.048387
2026-06-18 19:57:21 | Epoch 5 - Batch 46 - Loss 0.046416
2026-06-18 19:57:21 | Epoch 5 - Batch 47 - Loss 0.047926
2026-06-18 19:57:21 | Epoch 5 - Batch 48 - Loss 0.047966
2026-06-18 19:57:21 | Epoch 5 - Batch 49 - Loss 0.052327
2026-06-18 19:57:21 | Epoch 5 - Batch 50 - Loss 0.048513
2026-06-18 19:57:21 | Epoch 5 - Batch 51 - Loss 0.048072
2026-06-18 19:57:21 | Epoch 5 - Batch 52 - Loss 0.049018
2026-06-18 19:57:21 | Epoch 5 - Batch 53 - Loss 0.048801
2026-06-18 19:57:21 | Epoch 5 - Batch 54 - Loss 0.051114
2026-06-18 19:57:21 | Epoch 5 - Batch 55 - Loss 0.047904
2026-06-18 19:57:21 | Epoch 5 - Batch 56 - Loss 0.050955
2026-06-18 19:57:21 | Epoch 5 - Batch 57 - Loss 0.048706
2026-06-18 19:57:21 | Epoch 5 - Batch 58 - Loss 0.049777
2026-06-18 19:57:22 | Epoch 5 - Batch 59 - Loss 0.049586
2026-06-18 19:57:22 | Epoch 5 - Batch 60 - Loss 0.049169
2026-06-18 19:57:22 | Epoch 5 - Batch 61 - Loss 0.048651
2026-06-18 19:57:22 | Epoch 5 - Batch 62 - Loss 0.048483
2026-06-18 19:57:22 | Epoch 5 - Batch 63 - Loss 0.050107
2026-06-18 19:57:22 | Epoch 5 - Batch 64 - Loss 0.049221
2026-06-18 19:57:22 | Epoch 5 - Batch 65 - Loss 0.050251
2026-06-18 19:57:22 | Epoch 5 - Batch 66 - Loss 0.047772
2026-06-18 19:57:22 | Epoch 5 - Batch 67 - Loss 0.048762
2026-06-18 19:57:22 | Epoch 5 - Batch 68 - Loss 0.047895
2026-06-18 19:57:22 | Epoch 5 - Batch 69 - Loss 0.048784
2026-06-18 19:57:22 | Epoch 5 - Batch 70 - Loss 0.048087
2026-06-18 19:57:22 | Epoch 5 - Batch 71 - Loss 0.047334
2026-06-18 19:57:22 | Epoch 5 - Batch 72 - Loss 0.048720
2026-06-18 19:57:22 | Epoch 5 - Batch 73 - Loss 0.050412
2026-06-18 19:57:22 | Epoch 5 - Batch 74 - Loss 0.048578
2026-06-18 19:57:22 | Epoch 5 - Batch 75 - Loss 0.048738
2026-06-18 19:57:22 | Epoch 5 - Batch 76 - Loss 0.048521
2026-06-18 19:57:22 | Epoch 5 - Batch 77 - Loss 0.048251
2026-06-18 19:57:22 | Epoch 5 - Batch 78 - Loss 0.047515
2026-06-18 19:57:22 | Epoch 5 - Batch 79 - Loss 0.049501
2026-06-18 19:57:22 | Epoch 5 - Batch 80 - Loss 0.049251
2026-06-18 19:57:22 | Epoch 5 - Batch 81 - Loss 0.047965
2026-06-18 19:57:22 | Epoch 5 - Batch 82 - Loss 0.048774
2026-06-18 19:57:22 | Epoch 5 - Batch 83 - Loss 0.047949
2026-06-18 19:57:22 | Epoch 5 - Batch 84 - Loss 0.048680
2026-06-18 19:57:22 | Epoch 5 - Batch 85 - Loss 0.048251
2026-06-18 19:57:22 | Epoch 5 - Batch 86 - Loss 0.047770
2026-06-18 19:57:22 | Epoch 5 - Batch 87 - Loss 0.049936
2026-06-18 19:57:22 | Epoch 5 - Batch 88 - Loss 0.048995
2026-06-18 19:57:23 | Epoch 5 - Batch 89 - Loss 0.050211
2026-06-18 19:57:23 | Epoch 5 - Batch 90 - Loss 0.047658
2026-06-18 19:57:23 | Epoch 5 - Batch 91 - Loss 0.047006
2026-06-18 19:57:23 | Epoch 5 - Batch 92 - Loss 0.049098
2026-06-18 19:57:23 | Epoch 5 - Batch 93 - Loss 0.049099
2026-06-18 19:57:23 | Epoch 5 - Batch 94 - Loss 0.046145
2026-06-18 19:57:23 | Epoch 5 - Batch 95 - Loss 0.048842
2026-06-18 19:57:23 | Epoch 5 - Batch 96 - Loss 0.047508
2026-06-18 19:57:23 | Epoch 5 - Batch 97 - Loss 0.048955
2026-06-18 19:57:23 | Epoch 5 - Batch 98 - Loss 0.048397
2026-06-18 19:57:23 | Epoch 5 - Batch 99 - Loss 0.048918
2026-06-18 19:57:23 | Epoch 5 - Batch 100 - Loss 0.048888
2026-06-18 19:57:23 | Epoch 5 - Batch 101 - Loss 0.049169
2026-06-18 19:57:23 | Epoch 5 - Batch 102 - Loss 0.047014
2026-06-18 19:57:23 | Epoch 5 - Batch 103 - Loss 0.050609
2026-06-18 19:57:23 | Epoch 5 - Batch 104 - Loss 0.049397
2026-06-18 19:57:23 | Epoch 5 - Batch 105 - Loss 0.049642
2026-06-18 19:57:23 | Epoch 5 - Batch 106 - Loss 0.048699
2026-06-18 19:57:23 | Epoch 5 - Batch 107 - Loss 0.048203
2026-06-18 19:57:23 | Epoch 5 - Batch 108 - Loss 0.050547
2026-06-18 19:57:23 | Epoch 5 - Batch 109 - Loss 0.049429
2026-06-18 19:57:23 | Epoch 5 - Batch 110 - Loss 0.048529
2026-06-18 19:57:23 | Epoch 5 - Batch 111 - Loss 0.048787
2026-06-18 19:57:23 | Epoch 5 - Batch 112 - Loss 0.049322
2026-06-18 19:57:23 | Epoch 5 - Batch 113 - Loss 0.049068
2026-06-18 19:57:23 | Epoch 5 - Batch 114 - Loss 0.049880
2026-06-18 19:57:23 | Epoch 5 - Batch 115 - Loss 0.052275
2026-06-18 19:57:23 | Epoch 5 - Batch 116 - Loss 0.049885
2026-06-18 19:57:23 | Epoch 5 - Batch 117 - Loss 0.050832
2026-06-18 19:57:23 | Epoch 5 - Batch 118 - Loss 0.049593
2026-06-18 19:57:24 | Epoch 5 - Batch 119 - Loss 0.049612
2026-06-18 19:57:24 | Epoch 5 - Batch 120 - Loss 0.048318
2026-06-18 19:57:24 | Epoch 5 - Batch 121 - Loss 0.049270
2026-06-18 19:57:24 | Epoch 5 - Batch 122 - Loss 0.047503
2026-06-18 19:57:24 | Epoch 5 - Batch 123 - Loss 0.047352
2026-06-18 19:57:24 | Epoch 5 - Batch 124 - Loss 0.049904
2026-06-18 19:57:24 | Epoch 5 - Batch 125 - Loss 0.047611
2026-06-18 19:57:24 | Epoch 5 - Batch 126 - Loss 0.047279
2026-06-18 19:57:24 | Epoch 5 - Batch 127 - Loss 0.047221
2026-06-18 19:57:24 | Epoch 5 - Batch 128 - Loss 0.050206
2026-06-18 19:57:24 | Epoch 5 - Batch 129 - Loss 0.048442
2026-06-18 19:57:24 | Epoch 5 - Batch 130 - Loss 0.050072
2026-06-18 19:57:24 | Epoch 5 - Batch 131 - Loss 0.048004
2026-06-18 19:57:24 | Epoch 5 - Batch 132 - Loss 0.048887
2026-06-18 19:57:24 | Epoch 5 - Batch 133 - Loss 0.047577
2026-06-18 19:57:24 | Epoch 5 - Batch 134 - Loss 0.048416
2026-06-18 19:57:24 | Epoch 5 - Batch 135 - Loss 0.049404
2026-06-18 19:57:24 | Epoch 5 - Batch 136 - Loss 0.048778
2026-06-18 19:57:24 | Epoch 5 - Batch 137 - Loss 0.049562
2026-06-18 19:57:24 | Epoch 5 - Batch 138 - Loss 0.048350
2026-06-18 19:57:24 | Epoch 5 - Batch 139 - Loss 0.047751
2026-06-18 19:57:24 | Epoch 5 - Batch 140 - Loss 0.049155
2026-06-18 19:57:24 | Epoch 5 - Batch 141 - Loss 0.047231
2026-06-18 19:57:24 | Epoch 5 - Batch 142 - Loss 0.047265
2026-06-18 19:57:24 | Epoch 5 - Batch 143 - Loss 0.047672
2026-06-18 19:57:24 | Epoch 5 - Batch 144 - Loss 0.047423
2026-06-18 19:57:24 | Epoch 5 - Batch 145 - Loss 0.050212
2026-06-18 19:57:24 | Epoch 5 - Batch 146 - Loss 0.049140
2026-06-18 19:57:24 | Epoch 5 - Batch 147 - Loss 0.049114
2026-06-18 19:57:24 | Epoch 5 - Batch 148 - Loss 0.048882
2026-06-18 19:57:25 | Epoch 5 - Batch 149 - Loss 0.048868
2026-06-18 19:57:25 | Epoch 5 - Batch 150 - Loss 0.047737
2026-06-18 19:57:25 | Epoch 5 - Batch 151 - Loss 0.047526
2026-06-18 19:57:25 | Epoch 5 - Batch 152 - Loss 0.047551
2026-06-18 19:57:25 | Epoch 5 - Batch 153 - Loss 0.049476
2026-06-18 19:57:25 | Epoch 5 - Batch 154 - Loss 0.049124
2026-06-18 19:57:25 | Epoch 5 - Batch 155 - Loss 0.049310
2026-06-18 19:57:25 | Epoch 5 - Batch 156 - Loss 0.049091
2026-06-18 19:57:25 | Epoch 5 - Batch 157 - Loss 0.047910
2026-06-18 19:57:25 | Epoch 5 - Batch 158 - Loss 0.049093
2026-06-18 19:57:25 | Epoch 5 - Batch 159 - Loss 0.048472
2026-06-18 19:57:25 | Epoch 5 - Batch 160 - Loss 0.048565
2026-06-18 19:57:25 | Epoch 5 - Batch 161 - Loss 0.049692
2026-06-18 19:57:25 | Epoch 5 - Batch 162 - Loss 0.049236
2026-06-18 19:57:25 | Epoch 5 - Batch 163 - Loss 0.050019
2026-06-18 19:57:25 | Epoch 5 - Batch 164 - Loss 0.047072
2026-06-18 19:57:25 | Epoch 5 - Batch 165 - Loss 0.048931
2026-06-18 19:57:25 | Epoch 5 - Batch 166 - Loss 0.048830
2026-06-18 19:57:25 | Epoch 5 - Batch 167 - Loss 0.049283
2026-06-18 19:57:25 | Epoch 5 - Batch 168 - Loss 0.048504
2026-06-18 19:57:25 | Epoch 5 - Batch 169 - Loss 0.050296
2026-06-18 19:57:25 | Epoch 5 - Batch 170 - Loss 0.046921
2026-06-18 19:57:25 | Epoch 5 - Batch 171 - Loss 0.049328
2026-06-18 19:57:25 | Epoch 5 - Batch 172 - Loss 0.051216
2026-06-18 19:57:25 | Epoch 5 - Batch 173 - Loss 0.048222
2026-06-18 19:57:25 | Epoch 5 - Batch 174 - Loss 0.049196
2026-06-18 19:57:25 | Epoch 5 - Batch 175 - Loss 0.048578
2026-06-18 19:57:25 | Epoch 5 - Batch 176 - Loss 0.050112
2026-06-18 19:57:25 | Epoch 5 - Batch 177 - Loss 0.051148
2026-06-18 19:57:25 | Epoch 5 - Batch 178 - Loss 0.048209
2026-06-18 19:57:26 | Epoch 5 - Batch 179 - Loss 0.048865
2026-06-18 19:57:26 | Epoch 5 - Batch 180 - Loss 0.048406
2026-06-18 19:57:26 | Epoch 5 - Batch 181 - Loss 0.049167
2026-06-18 19:57:26 | Epoch 5 - Batch 182 - Loss 0.047818
2026-06-18 19:57:26 | Epoch 5 - Batch 183 - Loss 0.049168
2026-06-18 19:57:26 | Epoch 5 - Batch 184 - Loss 0.049128
2026-06-18 19:57:26 | Epoch 5 - Batch 185 - Loss 0.047230
2026-06-18 19:57:26 | Epoch 5 - Batch 186 - Loss 0.049548
2026-06-18 19:57:26 | Epoch 5 - Batch 187 - Loss 0.048707
2026-06-18 19:57:26 | Epoch 5 - Batch 188 - Loss 0.048529
2026-06-18 19:57:26 | Epoch 5 - Batch 189 - Loss 0.047712
2026-06-18 19:57:26 | Epoch 5 - Batch 190 - Loss 0.048651
2026-06-18 19:57:26 | Epoch 5 - Batch 191 - Loss 0.048303
2026-06-18 19:57:26 | Epoch 5 - Batch 192 - Loss 0.048913
2026-06-18 19:57:26 | Epoch 5 - Batch 193 - Loss 0.047770
2026-06-18 19:57:26 | Epoch 5 - Batch 194 - Loss 0.049126
2026-06-18 19:57:26 | Epoch 5 - Batch 195 - Loss 0.048561
2026-06-18 19:57:26 | Epoch 5 - Batch 196 - Loss 0.046584
2026-06-18 19:57:26 | Epoch 5 - Batch 197 - Loss 0.045644
2026-06-18 19:57:26 | Epoch 5 - Batch 198 - Loss 0.046465
2026-06-18 19:57:26 | Epoch 5 - Batch 199 - Loss 0.048557
2026-06-18 19:57:26 | Epoch 5 - Batch 200 - Loss 0.049785
2026-06-18 19:57:26 | Epoch 5 - Batch 201 - Loss 0.048369
2026-06-18 19:57:26 | Epoch 5 - Batch 202 - Loss 0.046729
2026-06-18 19:57:26 | Epoch 5 - Batch 203 - Loss 0.048654
2026-06-18 19:57:26 | Epoch 5 - Batch 204 - Loss 0.047935
2026-06-18 19:57:26 | Epoch 5 - Batch 205 - Loss 0.047197
2026-06-18 19:57:26 | Epoch 5 - Batch 206 - Loss 0.047047
2026-06-18 19:57:26 | Epoch 5 - Batch 207 - Loss 0.049330
2026-06-18 19:57:26 | Epoch 5 - Batch 208 - Loss 0.049933
2026-06-18 19:57:27 | Epoch 5 - Batch 209 - Loss 0.049344
2026-06-18 19:57:27 | Epoch 5 - Batch 210 - Loss 0.049358
2026-06-18 19:57:27 | Epoch 5 - Batch 211 - Loss 0.047052
2026-06-18 19:57:27 | Epoch 5 - Batch 212 - Loss 0.047732
2026-06-18 19:57:27 | Epoch 5 - Batch 213 - Loss 0.047913
2026-06-18 19:57:27 | Epoch 5 - Batch 214 - Loss 0.047459
2026-06-18 19:57:27 | Epoch 5 - Batch 215 - Loss 0.049332
2026-06-18 19:57:27 | Epoch 5 - Batch 216 - Loss 0.048205
2026-06-18 19:57:27 | Epoch 5 - Batch 217 - Loss 0.047270
2026-06-18 19:57:27 | Epoch 5 - Batch 218 - Loss 0.047961
2026-06-18 19:57:27 | Epoch 5 - Batch 219 - Loss 0.049117
2026-06-18 19:57:27 | Epoch 5 - Batch 220 - Loss 0.049848
2026-06-18 19:57:27 | Epoch 5 - Batch 221 - Loss 0.047090
2026-06-18 19:57:27 | Epoch 5 - Batch 222 - Loss 0.047754
2026-06-18 19:57:27 | Epoch 5 - Batch 223 - Loss 0.050467
2026-06-18 19:57:27 | Epoch 5 - Batch 224 - Loss 0.049046
2026-06-18 19:57:27 | Epoch 5 - Batch 225 - Loss 0.046548
2026-06-18 19:57:27 | Epoch 5 - Batch 226 - Loss 0.047459
2026-06-18 19:57:27 | Epoch 5 - Batch 227 - Loss 0.050124
2026-06-18 19:57:27 | Epoch 5 - Batch 228 - Loss 0.046935
2026-06-18 19:57:27 | Epoch 5 - Batch 229 - Loss 0.048398
2026-06-18 19:57:27 | Epoch 5 - Batch 230 - Loss 0.048340
2026-06-18 19:57:27 | Epoch 5 - Batch 231 - Loss 0.047439
2026-06-18 19:57:27 | Epoch 5 - Batch 232 - Loss 0.048696
2026-06-18 19:57:27 | Epoch 5 - Batch 233 - Loss 0.046985
2026-06-18 19:57:27 | Epoch 5 - Batch 234 - Loss 0.050012
2026-06-18 19:57:27 | Epoch 5 - Batch 235 - Loss 0.049237
2026-06-18 19:57:27 | Epoch 5 - Batch 236 - Loss 0.046767
2026-06-18 19:57:27 | Epoch 5 - Batch 237 - Loss 0.049574
2026-06-18 19:57:27 | Epoch 5 - Batch 238 - Loss 0.047263
2026-06-18 19:57:28 | Epoch 5 - Batch 239 - Loss 0.048368
2026-06-18 19:57:28 | Epoch 5 - Batch 240 - Loss 0.047066
2026-06-18 19:57:28 | Epoch 5 - Batch 241 - Loss 0.049072
2026-06-18 19:57:28 | Epoch 5 - Batch 242 - Loss 0.048227
2026-06-18 19:57:28 | Epoch 5 - Batch 243 - Loss 0.048624
2026-06-18 19:57:28 | Epoch 5 - Batch 244 - Loss 0.049863
2026-06-18 19:57:28 | Epoch 5 - Batch 245 - Loss 0.047558
2026-06-18 19:57:28 | Epoch 5 - Batch 246 - Loss 0.049052
2026-06-18 19:57:28 | Epoch 5 - Batch 247 - Loss 0.047660
2026-06-18 19:57:28 | Epoch 5 - Batch 248 - Loss 0.049478
2026-06-18 19:57:28 | Epoch 5 - Batch 249 - Loss 0.048776
2026-06-18 19:57:28 | Epoch 5 - Batch 250 - Loss 0.047502
2026-06-18 19:57:28 | Epoch 5 - Batch 251 - Loss 0.046634
2026-06-18 19:57:28 | Epoch 5 - Batch 252 - Loss 0.049270
2026-06-18 19:57:28 | Epoch 5 - Batch 253 - Loss 0.049305
2026-06-18 19:57:28 | Epoch 5 - Batch 254 - Loss 0.048443
2026-06-18 19:57:28 | Epoch 5 - Batch 255 - Loss 0.050114
2026-06-18 19:57:28 | Epoch 5 - Batch 256 - Loss 0.047224
2026-06-18 19:57:28 | Epoch 5 - Batch 257 - Loss 0.048675
2026-06-18 19:57:28 | Epoch 5 - Batch 258 - Loss 0.045761
2026-06-18 19:57:28 | Epoch 5 - Batch 259 - Loss 0.047831
2026-06-18 19:57:28 | Epoch 5 - Batch 260 - Loss 0.046614
2026-06-18 19:57:28 | Epoch 5 - Batch 261 - Loss 0.047441
2026-06-18 19:57:28 | Epoch 5 - Batch 262 - Loss 0.047680
2026-06-18 19:57:28 | Epoch 5 - Batch 263 - Loss 0.050608
2026-06-18 19:57:28 | Epoch 5 - Batch 264 - Loss 0.048858
2026-06-18 19:57:28 | Epoch 5 - Batch 265 - Loss 0.047618
2026-06-18 19:57:28 | Epoch 5 - Batch 266 - Loss 0.047481
2026-06-18 19:57:28 | Epoch 5 - Batch 267 - Loss 0.049551
2026-06-18 19:57:28 | Epoch 5 - Batch 268 - Loss 0.048602
2026-06-18 19:57:29 | Epoch 5 - Batch 269 - Loss 0.048781
2026-06-18 19:57:29 | Epoch 5 - Batch 270 - Loss 0.049544
2026-06-18 19:57:29 | Epoch 5 - Batch 271 - Loss 0.047632
2026-06-18 19:57:29 | Epoch 5 - Batch 272 - Loss 0.048306
2026-06-18 19:57:29 | Epoch 5 - Batch 273 - Loss 0.050903
2026-06-18 19:57:29 | Epoch 5 - Batch 274 - Loss 0.046230
2026-06-18 19:57:29 | Epoch 5 - Batch 275 - Loss 0.045315
2026-06-18 19:57:29 | Epoch 5 - Batch 276 - Loss 0.049559
2026-06-18 19:57:29 | Epoch 5 - Batch 277 - Loss 0.050243
2026-06-18 19:57:29 | Epoch 5 - Batch 278 - Loss 0.047107
2026-06-18 19:57:29 | Epoch 5 - Batch 279 - Loss 0.046400
2026-06-18 19:57:29 | Epoch 5 - Batch 280 - Loss 0.047318
2026-06-18 19:57:29 | Epoch 5 - Batch 281 - Loss 0.048265
2026-06-18 19:57:29 | Epoch 5 - Batch 282 - Loss 0.048218
2026-06-18 19:57:29 | Epoch 5 - Batch 283 - Loss 0.050659
2026-06-18 19:57:29 | Epoch 5 - Batch 284 - Loss 0.049681
2026-06-18 19:57:29 | Epoch 5 - Batch 285 - Loss 0.049077
2026-06-18 19:57:29 | Epoch 5 - Batch 286 - Loss 0.048070
2026-06-18 19:57:29 | Epoch 5 - Batch 287 - Loss 0.047236
2026-06-18 19:57:29 | Epoch 5 - Batch 288 - Loss 0.050955
2026-06-18 19:57:29 | Epoch 5 - Batch 289 - Loss 0.047496
2026-06-18 19:57:29 | Epoch 5 - Batch 290 - Loss 0.049124
2026-06-18 19:57:29 | Epoch 5 - Batch 291 - Loss 0.049711
2026-06-18 19:57:29 | Epoch 5 - Batch 292 - Loss 0.050223
2026-06-18 19:57:29 | Epoch 5 - Batch 293 - Loss 0.048442
2026-06-18 19:57:29 | Epoch 5 - Batch 294 - Loss 0.047186
2026-06-18 19:57:29 | Epoch 5 - Batch 295 - Loss 0.047714
2026-06-18 19:57:29 | Epoch 5 - Batch 296 - Loss 0.047709
2026-06-18 19:57:29 | Epoch 5 - Batch 297 - Loss 0.047603
2026-06-18 19:57:29 | Epoch 5 - Batch 298 - Loss 0.047787
2026-06-18 19:57:30 | Epoch 5 - Batch 299 - Loss 0.047167
2026-06-18 19:57:30 | Epoch 5 - Batch 300 - Loss 0.048169
2026-06-18 19:57:30 | Epoch 5 - Batch 301 - Loss 0.046343
2026-06-18 19:57:30 | Epoch 5 - Batch 302 - Loss 0.047398
2026-06-18 19:57:30 | Epoch 5 - Batch 303 - Loss 0.047837
2026-06-18 19:57:30 | Epoch 5 - Batch 304 - Loss 0.050664
2026-06-18 19:57:30 | Epoch 5 - Batch 305 - Loss 0.049054
2026-06-18 19:57:30 | Epoch 5 - Batch 306 - Loss 0.048295
2026-06-18 19:57:30 | Epoch 5 - Batch 307 - Loss 0.047843
2026-06-18 19:57:30 | Epoch 5 - Batch 308 - Loss 0.047392
2026-06-18 19:57:30 | Epoch 5 - Batch 309 - Loss 0.046694
2026-06-18 19:57:30 | Epoch 5 - Batch 310 - Loss 0.050252
2026-06-18 19:57:30 | Epoch 5 - Batch 311 - Loss 0.049390
2026-06-18 19:57:30 | Epoch 5 - Batch 312 - Loss 0.048213
2026-06-18 19:57:30 | Epoch 5 - Batch 313 - Loss 0.048508
2026-06-18 19:57:30 | Epoch 5 - Batch 314 - Loss 0.048410
2026-06-18 19:57:30 | Epoch 5 - Batch 315 - Loss 0.048423
2026-06-18 19:57:30 | Epoch 5 - Batch 316 - Loss 0.050860
2026-06-18 19:57:30 | Epoch 5 - Batch 317 - Loss 0.048458
2026-06-18 19:57:30 | Epoch 5 - Batch 318 - Loss 0.047458
2026-06-18 19:57:30 | Epoch 5 - Batch 319 - Loss 0.047937
2026-06-18 19:57:30 | Epoch 5 - Batch 320 - Loss 0.047209
2026-06-18 19:57:30 | Epoch 5 - Batch 321 - Loss 0.049536
2026-06-18 19:57:30 | Epoch 5 - Batch 322 - Loss 0.047680
2026-06-18 19:57:30 | Epoch 5 - Batch 323 - Loss 0.049138
2026-06-18 19:57:30 | Epoch 5 - Batch 324 - Loss 0.049913
2026-06-18 19:57:30 | Epoch 5 - Batch 325 - Loss 0.048522
2026-06-18 19:57:30 | Epoch 5 - Batch 326 - Loss 0.047437
2026-06-18 19:57:30 | Epoch 5 - Batch 327 - Loss 0.049360
2026-06-18 19:57:30 | Epoch 5 - Batch 328 - Loss 0.049078
2026-06-18 19:57:31 | Epoch 5 - Batch 329 - Loss 0.048921
2026-06-18 19:57:31 | Epoch 5 - Batch 330 - Loss 0.047840
2026-06-18 19:57:31 | Epoch 5 - Batch 331 - Loss 0.047899
2026-06-18 19:57:31 | Epoch 5 - Batch 332 - Loss 0.046537
2026-06-18 19:57:31 | Epoch 5 - Batch 333 - Loss 0.049191
2026-06-18 19:57:31 | Epoch 5 - Batch 334 - Loss 0.047438
2026-06-18 19:57:31 | Epoch 5 - Batch 335 - Loss 0.047538
2026-06-18 19:57:31 | Epoch 5 - Batch 336 - Loss 0.047476
2026-06-18 19:57:31 | Epoch 5 - Batch 337 - Loss 0.048920
2026-06-18 19:57:31 | Epoch 5 - Batch 338 - Loss 0.045698
2026-06-18 19:57:31 | Epoch 5 - Batch 339 - Loss 0.046511
2026-06-18 19:57:31 | Epoch 5 - Batch 340 - Loss 0.047710
2026-06-18 19:57:31 | Epoch 5 - Batch 341 - Loss 0.047467
2026-06-18 19:57:31 | Epoch 5 - Batch 342 - Loss 0.046527
2026-06-18 19:57:31 | Epoch 5 - Batch 343 - Loss 0.047472
2026-06-18 19:57:31 | Epoch 5 - Batch 344 - Loss 0.047894
2026-06-18 19:57:31 | Epoch 5 - Batch 345 - Loss 0.047705
2026-06-18 19:57:31 | Epoch 5 - Batch 346 - Loss 0.049774
2026-06-18 19:57:31 | Epoch 5 - Batch 347 - Loss 0.048542
2026-06-18 19:57:31 | Epoch 5 - Batch 348 - Loss 0.051381
2026-06-18 19:57:31 | Epoch 5 - Batch 349 - Loss 0.049878
2026-06-18 19:57:31 | Epoch 5 - Batch 350 - Loss 0.045463
2026-06-18 19:57:31 | Epoch 5 - Batch 351 - Loss 0.048572
2026-06-18 19:57:31 | Epoch 5 - Batch 352 - Loss 0.046914
2026-06-18 19:57:31 | Epoch 5 - Batch 353 - Loss 0.047246
2026-06-18 19:57:31 | Epoch 5 - Batch 354 - Loss 0.048603
2026-06-18 19:57:31 | Epoch 5 - Batch 355 - Loss 0.049946
2026-06-18 19:57:31 | Epoch 5 - Batch 356 - Loss 0.047794
2026-06-18 19:57:31 | Epoch 5 - Batch 357 - Loss 0.049165
2026-06-18 19:57:31 | Epoch 5 - Batch 358 - Loss 0.045435
2026-06-18 19:57:32 | Epoch 5 - Batch 359 - Loss 0.048728
2026-06-18 19:57:32 | Epoch 5 - Batch 360 - Loss 0.048584
2026-06-18 19:57:32 | Epoch 5 - Batch 361 - Loss 0.048977
2026-06-18 19:57:32 | Epoch 5 - Batch 362 - Loss 0.048743
2026-06-18 19:57:32 | Epoch 5 - Batch 363 - Loss 0.048593
2026-06-18 19:57:32 | Epoch 5 - Batch 364 - Loss 0.046887
2026-06-18 19:57:32 | Epoch 5 - Batch 365 - Loss 0.048475
2026-06-18 19:57:32 | Epoch 5 - Batch 366 - Loss 0.045835
2026-06-18 19:57:32 | Epoch 5 - Batch 367 - Loss 0.047622
2026-06-18 19:57:32 | Epoch 5 - Batch 368 - Loss 0.046612
2026-06-18 19:57:32 | Epoch 5 - Batch 369 - Loss 0.047377
2026-06-18 19:57:32 | Epoch 5 - Batch 370 - Loss 0.046148
2026-06-18 19:57:32 | Epoch 5 - Batch 371 - Loss 0.048966
2026-06-18 19:57:32 | Epoch 5 - Batch 372 - Loss 0.048261
2026-06-18 19:57:32 | Epoch 5 - Batch 373 - Loss 0.048297
2026-06-18 19:57:32 | Epoch 5 - Batch 374 - Loss 0.049085
2026-06-18 19:57:32 | Epoch 5 - Batch 375 - Loss 0.048035
2026-06-18 19:57:32 | Epoch 5 - Batch 376 - Loss 0.048802
2026-06-18 19:57:32 | Epoch 5 - Batch 377 - Loss 0.048671
2026-06-18 19:57:32 | Epoch 5 - Batch 378 - Loss 0.047056
2026-06-18 19:57:32 | Epoch 5 - Batch 379 - Loss 0.047968
2026-06-18 19:57:32 | Epoch 5 - Batch 380 - Loss 0.047945
2026-06-18 19:57:32 | Epoch 5 - Batch 381 - Loss 0.046559
2026-06-18 19:57:32 | Epoch 5 - Batch 382 - Loss 0.048748
2026-06-18 19:57:32 | Epoch 5 - Batch 383 - Loss 0.047132
2026-06-18 19:57:32 | Epoch 5 - Batch 384 - Loss 0.047897
2026-06-18 19:57:32 | Epoch 5 - Batch 385 - Loss 0.047729
2026-06-18 19:57:32 | Epoch 5 - Batch 386 - Loss 0.046698
2026-06-18 19:57:32 | Epoch 5 - Batch 387 - Loss 0.047179
2026-06-18 19:57:33 | Epoch 5 - Batch 388 - Loss 0.046313
2026-06-18 19:57:33 | Epoch 5 - Batch 389 - Loss 0.046863
2026-06-18 19:57:33 | Epoch 5 - Batch 390 - Loss 0.048012
2026-06-18 19:57:33 | Epoch 5 - Batch 391 - Loss 0.046097
2026-06-18 19:57:33 | Epoch 5 - Batch 392 - Loss 0.047113
2026-06-18 19:57:33 | Epoch 5 - Batch 393 - Loss 0.045629
2026-06-18 19:57:33 | Epoch 5 - Batch 394 - Loss 0.049578
2026-06-18 19:57:33 | Epoch 5 - Batch 395 - Loss 0.046755
2026-06-18 19:57:33 | Epoch 5 - Batch 396 - Loss 0.047901
2026-06-18 19:57:33 | Epoch 5 - Batch 397 - Loss 0.047253
2026-06-18 19:57:33 | Epoch 5 - Batch 398 - Loss 0.048821
2026-06-18 19:57:33 | Epoch 5 - Batch 399 - Loss 0.048385
2026-06-18 19:57:33 | Epoch 5 - Batch 400 - Loss 0.047603
2026-06-18 19:57:33 | Epoch 5 - Batch 401 - Loss 0.048564
2026-06-18 19:57:33 | Epoch 5 - Batch 402 - Loss 0.048272
2026-06-18 19:57:33 | Epoch 5 - Batch 403 - Loss 0.049650
2026-06-18 19:57:33 | Epoch 5 - Batch 404 - Loss 0.047799
2026-06-18 19:57:33 | Epoch 5 - Batch 405 - Loss 0.048527
2026-06-18 19:57:33 | Epoch 5 - Batch 406 - Loss 0.046534
2026-06-18 19:57:33 | Epoch 5 - Batch 407 - Loss 0.046828
2026-06-18 19:57:33 | Epoch 5 - Batch 408 - Loss 0.049354
2026-06-18 19:57:33 | Epoch 5 - Batch 409 - Loss 0.046813
2026-06-18 19:57:33 | Epoch 5 - Batch 410 - Loss 0.047538
2026-06-18 19:57:33 | Epoch 5 - Batch 411 - Loss 0.046566
2026-06-18 19:57:33 | Epoch 5 - Batch 412 - Loss 0.045836
2026-06-18 19:57:33 | Epoch 5 - Batch 413 - Loss 0.046977
2026-06-18 19:57:33 | Epoch 5 - Batch 414 - Loss 0.047485
2026-06-18 19:57:33 | Epoch 5 - Batch 415 - Loss 0.045438
2026-06-18 19:57:33 | Epoch 5 - Batch 416 - Loss 0.049358
2026-06-18 19:57:33 | Epoch 5 - Batch 417 - Loss 0.047834
2026-06-18 19:57:34 | Epoch 5 - Batch 418 - Loss 0.046656
2026-06-18 19:57:34 | Epoch 5 - Batch 419 - Loss 0.046703
2026-06-18 19:57:34 | Epoch 5 - Batch 420 - Loss 0.048026
2026-06-18 19:57:34 | Epoch 5 - Batch 421 - Loss 0.047738
2026-06-18 19:57:34 | Epoch 5 - Batch 422 - Loss 0.050920
2026-06-18 19:57:34 | Epoch 5 - Batch 423 - Loss 0.049065
2026-06-18 19:57:34 | Epoch 5 - Batch 424 - Loss 0.047065
2026-06-18 19:57:34 | Epoch 5 - Batch 425 - Loss 0.047574
2026-06-18 19:57:34 | Epoch 5 - Batch 426 - Loss 0.047715
2026-06-18 19:57:34 | Epoch 5 - Batch 427 - Loss 0.047224
2026-06-18 19:57:34 | Epoch 5 - Batch 428 - Loss 0.048535
2026-06-18 19:57:34 | Epoch 5 - Batch 429 - Loss 0.049079
2026-06-18 19:57:34 | Epoch 5 - Batch 430 - Loss 0.048125
2026-06-18 19:57:34 | Epoch 5 - Batch 431 - Loss 0.046587
2026-06-18 19:57:34 | Epoch 5 - Batch 432 - Loss 0.049071
2026-06-18 19:57:34 | Epoch 5 - Batch 433 - Loss 0.048941
2026-06-18 19:57:34 | Epoch 5 - Batch 434 - Loss 0.047511
2026-06-18 19:57:34 | Epoch 5 - Batch 435 - Loss 0.049449
2026-06-18 19:57:34 | Epoch 5 - Batch 436 - Loss 0.049608
2026-06-18 19:57:34 | Epoch 5 - Batch 437 - Loss 0.049620
2026-06-18 19:57:34 | Epoch 5 - Batch 438 - Loss 0.046378
2026-06-18 19:57:34 | Epoch 5 - Batch 439 - Loss 0.049572
2026-06-18 19:57:34 | Epoch 5 - Batch 440 - Loss 0.045124
2026-06-18 19:57:34 | Epoch 5 - Batch 441 - Loss 0.048425
2026-06-18 19:57:34 | Epoch 5 - Batch 442 - Loss 0.048464
2026-06-18 19:57:34 | Epoch 5 - Batch 443 - Loss 0.048293
2026-06-18 19:57:34 | Epoch 5 - Batch 444 - Loss 0.048111
2026-06-18 19:57:34 | Epoch 5 - Batch 445 - Loss 0.049274
2026-06-18 19:57:34 | Epoch 5 - Batch 446 - Loss 0.048339
2026-06-18 19:57:34 | Epoch 5 - Batch 447 - Loss 0.048525
2026-06-18 19:57:35 | Epoch 5 - Batch 448 - Loss 0.047052
2026-06-18 19:57:35 | Epoch 5 - Batch 449 - Loss 0.047135
2026-06-18 19:57:35 | Epoch 5 - Batch 450 - Loss 0.047908
2026-06-18 19:57:35 | Epoch 5 - Batch 451 - Loss 0.050132
2026-06-18 19:57:35 | Epoch 5 - Batch 452 - Loss 0.047700
2026-06-18 19:57:35 | Epoch 5 - Batch 453 - Loss 0.048247
2026-06-18 19:57:35 | Epoch 5 - Batch 454 - Loss 0.049298
2026-06-18 19:57:35 | Epoch 5 - Batch 455 - Loss 0.048153
2026-06-18 19:57:35 | Epoch 5 - Batch 456 - Loss 0.046532
2026-06-18 19:57:35 | Epoch 5 - Batch 457 - Loss 0.046056
2026-06-18 19:57:35 | Epoch 5 - Batch 458 - Loss 0.047820
2026-06-18 19:57:35 | Epoch 5 - Batch 459 - Loss 0.049035
2026-06-18 19:57:35 | Epoch 5 - Batch 460 - Loss 0.049646
2026-06-18 19:57:35 | Epoch 5 - Batch 461 - Loss 0.046988
2026-06-18 19:57:35 | Epoch 5 - Batch 462 - Loss 0.049701
2026-06-18 19:57:35 | Epoch 5 - Batch 463 - Loss 0.048749
2026-06-18 19:57:35 | Epoch 5 - Batch 464 - Loss 0.048534
2026-06-18 19:57:35 | Epoch 5 - Batch 465 - Loss 0.047425
2026-06-18 19:57:35 | Epoch 5 - Batch 466 - Loss 0.047151
2026-06-18 19:57:35 | Epoch 5 - Batch 467 - Loss 0.046347
2026-06-18 19:57:35 | Epoch 5 - Batch 468 - Loss 0.048370
2026-06-18 19:57:35 | Epoch 5 - Batch 469 - Loss 0.047102
2026-06-18 19:57:35 | Epoch 5 - Batch 470 - Loss 0.048735
2026-06-18 19:57:35 | Epoch 5 - Batch 471 - Loss 0.046698
2026-06-18 19:57:35 | Epoch 5 - Batch 472 - Loss 0.049771
2026-06-18 19:57:35 | Epoch 5 - Batch 473 - Loss 0.047333
2026-06-18 19:57:35 | Epoch 5 - Batch 474 - Loss 0.047015
2026-06-18 19:57:35 | Epoch 5 - Batch 475 - Loss 0.047941
2026-06-18 19:57:35 | Epoch 5 - Batch 476 - Loss 0.047622
2026-06-18 19:57:35 | Epoch 5 - Batch 477 - Loss 0.044542
2026-06-18 19:57:36 | Epoch 5 - Batch 478 - Loss 0.048557
2026-06-18 19:57:36 | Epoch 5 - Batch 479 - Loss 0.046501
2026-06-18 19:57:36 | Epoch 5 - Batch 480 - Loss 0.049188
2026-06-18 19:57:36 | Epoch 5 - Batch 481 - Loss 0.047081
2026-06-18 19:57:36 | Epoch 5 - Batch 482 - Loss 0.045946
2026-06-18 19:57:36 | Epoch 5 - Batch 483 - Loss 0.049698
2026-06-18 19:57:36 | Epoch 5 - Batch 484 - Loss 0.048157
2026-06-18 19:57:36 | Epoch 5 - Batch 485 - Loss 0.047752
2026-06-18 19:57:36 | Epoch 5 - Batch 486 - Loss 0.045307
2026-06-18 19:57:36 | Epoch 5 - Batch 487 - Loss 0.045912
2026-06-18 19:57:36 | Epoch 5 - Batch 488 - Loss 0.047410
2026-06-18 19:57:36 | Epoch 5 - Batch 489 - Loss 0.048881
2026-06-18 19:57:36 | Epoch 5 - Batch 490 - Loss 0.047012
2026-06-18 19:57:36 | Epoch 5 - Batch 491 - Loss 0.047525
2026-06-18 19:57:36 | Epoch 5 - Batch 492 - Loss 0.045314
2026-06-18 19:57:36 | Epoch 5 - Batch 493 - Loss 0.047227
2026-06-18 19:57:36 | Epoch 5 - Batch 494 - Loss 0.047864
2026-06-18 19:57:36 | Epoch 5 - Batch 495 - Loss 0.049383
2026-06-18 19:57:36 | Epoch 5 - Batch 496 - Loss 0.047773
2026-06-18 19:57:36 | Epoch 5 - Batch 497 - Loss 0.048490
2026-06-18 19:57:36 | Epoch 5 - Batch 498 - Loss 0.050902
2026-06-18 19:57:36 | Epoch 5 - Batch 499 - Loss 0.045757
2026-06-18 19:57:36 | Epoch 5 - Batch 500 - Loss 0.048829
2026-06-18 19:57:36 | Epoch 5 - Batch 501 - Loss 0.047133
2026-06-18 19:57:36 | Epoch 5 - Batch 502 - Loss 0.048540
2026-06-18 19:57:36 | Epoch 5 - Batch 503 - Loss 0.047809
2026-06-18 19:57:36 | Epoch 5 - Batch 504 - Loss 0.049764
2026-06-18 19:57:36 | Epoch 5 - Batch 505 - Loss 0.048626
2026-06-18 19:57:36 | Epoch 5 - Batch 506 - Loss 0.046975
2026-06-18 19:57:36 | Epoch 5 - Batch 507 - Loss 0.047688
2026-06-18 19:57:37 | Epoch 5 - Batch 508 - Loss 0.046877
2026-06-18 19:57:37 | Epoch 5 - Batch 509 - Loss 0.048450
2026-06-18 19:57:37 | Epoch 5 - Batch 510 - Loss 0.047100
2026-06-18 19:57:37 | Epoch 5 - Batch 511 - Loss 0.047400
2026-06-18 19:57:37 | Epoch 5 - Batch 512 - Loss 0.047465
2026-06-18 19:57:37 | Epoch 5 - Batch 513 - Loss 0.045633
2026-06-18 19:57:37 | Epoch 5 - Batch 514 - Loss 0.048994
2026-06-18 19:57:37 | Epoch 5 - Batch 515 - Loss 0.047465
2026-06-18 19:57:37 | Epoch 5 - Batch 516 - Loss 0.049000
2026-06-18 19:57:37 | Epoch 5 - Batch 517 - Loss 0.048372
2026-06-18 19:57:37 | Epoch 5 - Batch 518 - Loss 0.045601
2026-06-18 19:57:37 | Epoch 5 - Batch 519 - Loss 0.050884
2026-06-18 19:57:37 | Epoch 5 - Batch 520 - Loss 0.047464
2026-06-18 19:57:37 | Epoch 5 - Batch 521 - Loss 0.049827
2026-06-18 19:57:37 | Epoch 5 - Batch 522 - Loss 0.046228
2026-06-18 19:57:37 | Epoch 5 - Batch 523 - Loss 0.049624
2026-06-18 19:57:37 | Epoch 5 - Batch 524 - Loss 0.046239
2026-06-18 19:57:37 | Epoch 5 - Batch 525 - Loss 0.047583
2026-06-18 19:57:37 | Epoch 5 - Batch 526 - Loss 0.048473
2026-06-18 19:57:37 | Epoch 5 - Batch 527 - Loss 0.048013
2026-06-18 19:57:37 | Epoch 5 - Batch 528 - Loss 0.048177
2026-06-18 19:57:37 | Epoch 5 - Batch 529 - Loss 0.047412
2026-06-18 19:57:37 | Epoch 5 - Batch 530 - Loss 0.047718
2026-06-18 19:57:37 | Epoch 5 - Batch 531 - Loss 0.048639
2026-06-18 19:57:37 | Epoch 5 - Batch 532 - Loss 0.046702
2026-06-18 19:57:37 | Epoch 5 - Batch 533 - Loss 0.046384
2026-06-18 19:57:37 | Epoch 5 - Batch 534 - Loss 0.047948
2026-06-18 19:57:37 | Epoch 5 - Batch 535 - Loss 0.048202
2026-06-18 19:57:37 | Epoch 5 - Batch 536 - Loss 0.048874
2026-06-18 19:57:37 | Epoch 5 - Batch 537 - Loss 0.045524
2026-06-18 19:57:38 | Epoch 5 - Batch 538 - Loss 0.047940
2026-06-18 19:57:38 | Epoch 5 - Batch 539 - Loss 0.047247
2026-06-18 19:57:38 | Epoch 5 - Batch 540 - Loss 0.046169
2026-06-18 19:57:38 | Epoch 5 - Batch 541 - Loss 0.048734
2026-06-18 19:57:38 | Epoch 5 - Batch 542 - Loss 0.047971
2026-06-18 19:57:38 | Epoch 5 - Batch 543 - Loss 0.045586
2026-06-18 19:57:38 | Epoch 5 - Batch 544 - Loss 0.046780
2026-06-18 19:57:38 | Epoch 5 - Batch 545 - Loss 0.045511
2026-06-18 19:57:38 | Epoch 5 - Batch 546 - Loss 0.048244
2026-06-18 19:57:38 | Epoch 5 - Batch 547 - Loss 0.047409
2026-06-18 19:57:38 | Epoch 5 - Batch 548 - Loss 0.048328
2026-06-18 19:57:38 | Epoch 5 - Batch 549 - Loss 0.046616
2026-06-18 19:57:38 | Epoch 5 - Batch 550 - Loss 0.047237
2026-06-18 19:57:38 | Epoch 5 - Batch 551 - Loss 0.047332
2026-06-18 19:57:38 | Epoch 5 - Batch 552 - Loss 0.045749
2026-06-18 19:57:38 | Epoch 5 - Batch 553 - Loss 0.047582
2026-06-18 19:57:38 | Epoch 5 - Batch 554 - Loss 0.047082
2026-06-18 19:57:38 | Epoch 5 - Batch 555 - Loss 0.047069
2026-06-18 19:57:38 | Epoch 5 - Batch 556 - Loss 0.046451
2026-06-18 19:57:38 | Epoch 5 - Batch 557 - Loss 0.048998
2026-06-18 19:57:38 | Epoch 5 - Batch 558 - Loss 0.046523
2026-06-18 19:57:38 | Epoch 5 - Batch 559 - Loss 0.046790
2026-06-18 19:57:38 | Epoch 5 - Batch 560 - Loss 0.047834
2026-06-18 19:57:38 | Epoch 5 - Batch 561 - Loss 0.046169
2026-06-18 19:57:38 | Epoch 5 - Batch 562 - Loss 0.046646
2026-06-18 19:57:38 | Epoch 5 - Batch 563 - Loss 0.048297
2026-06-18 19:57:38 | Epoch 5 - Batch 564 - Loss 0.051210
2026-06-18 19:57:38 | Epoch 5 - Batch 565 - Loss 0.048394
2026-06-18 19:57:38 | Epoch 5 - Batch 566 - Loss 0.046505
2026-06-18 19:57:38 | Epoch 5 - Batch 567 - Loss 0.046479
2026-06-18 19:57:39 | Epoch 5 - Batch 568 - Loss 0.049719
2026-06-18 19:57:39 | Epoch 5 - Batch 569 - Loss 0.048497
2026-06-18 19:57:39 | Epoch 5 - Batch 570 - Loss 0.048015
2026-06-18 19:57:39 | Epoch 5 - Batch 571 - Loss 0.047362
2026-06-18 19:57:39 | Epoch 5 - Batch 572 - Loss 0.046565
2026-06-18 19:57:39 | Epoch 5 - Batch 573 - Loss 0.048299
2026-06-18 19:57:39 | Epoch 5 - Batch 574 - Loss 0.047776
2026-06-18 19:57:39 | Epoch 5 - Batch 575 - Loss 0.048399
2026-06-18 19:57:39 | Epoch 5 - Batch 576 - Loss 0.045678
2026-06-18 19:57:39 | Epoch 5 - Batch 577 - Loss 0.049052
2026-06-18 19:57:39 | Epoch 5 - Batch 578 - Loss 0.045890
2026-06-18 19:57:39 | Epoch 5 - Batch 579 - Loss 0.047154
2026-06-18 19:57:39 | Epoch 5 - Batch 580 - Loss 0.046267
2026-06-18 19:57:39 | Epoch 5 - Batch 581 - Loss 0.048450
2026-06-18 19:57:39 | Epoch 5 - Batch 582 - Loss 0.048285
2026-06-18 19:57:39 | Epoch 5 - Batch 583 - Loss 0.046585
2026-06-18 19:57:39 | Epoch 5 - Batch 584 - Loss 0.047248
2026-06-18 19:57:39 | Epoch 5 - Batch 585 - Loss 0.046592
2026-06-18 19:57:39 | Epoch 5 - Batch 586 - Loss 0.047621
2026-06-18 19:57:39 | Epoch 5 - Batch 587 - Loss 0.048842
2026-06-18 19:57:39 | Epoch 5 - Batch 588 - Loss 0.048658
2026-06-18 19:57:39 | Epoch 5 - Batch 589 - Loss 0.048050
2026-06-18 19:57:39 | Epoch 5 - Batch 590 - Loss 0.047750
2026-06-18 19:57:39 | Epoch 5 - Batch 591 - Loss 0.046230
2026-06-18 19:57:39 | Epoch 5 - Batch 592 - Loss 0.047457
2026-06-18 19:57:39 | Epoch 5 - Batch 593 - Loss 0.046861
2026-06-18 19:57:39 | Epoch 5 - Batch 594 - Loss 0.047071
2026-06-18 19:57:39 | Epoch 5 - Batch 595 - Loss 0.048062
2026-06-18 19:57:39 | Epoch 5 - Batch 596 - Loss 0.048356
2026-06-18 19:57:39 | Epoch 5 - Batch 597 - Loss 0.047548
2026-06-18 19:57:40 | Epoch 5 - Batch 598 - Loss 0.049678
2026-06-18 19:57:40 | Epoch 5 - Batch 599 - Loss 0.047719
2026-06-18 19:57:40 | Epoch 5 - Batch 600 - Loss 0.046212
2026-06-18 19:57:40 | Epoch 5 - Batch 601 - Loss 0.048244
2026-06-18 19:57:40 | Epoch 5 - Batch 602 - Loss 0.047653
2026-06-18 19:57:40 | Epoch 5 - Batch 603 - Loss 0.046461
2026-06-18 19:57:40 | Epoch 5 - Batch 604 - Loss 0.047202
2026-06-18 19:57:40 | Epoch 5 - Batch 605 - Loss 0.046481
2026-06-18 19:57:40 | Epoch 5 - Batch 606 - Loss 0.046586
2026-06-18 19:57:40 | Epoch 5 - Batch 607 - Loss 0.050580
2026-06-18 19:57:40 | Epoch 5 - Batch 608 - Loss 0.048449
2026-06-18 19:57:40 | Epoch 5 - Batch 609 - Loss 0.045973
2026-06-18 19:57:40 | Epoch 5 - Batch 610 - Loss 0.048547
2026-06-18 19:57:40 | Epoch 5 - Batch 611 - Loss 0.047481
2026-06-18 19:57:40 | Epoch 5 - Batch 612 - Loss 0.047190
2026-06-18 19:57:40 | Epoch 5 - Batch 613 - Loss 0.048607
2026-06-18 19:57:40 | Epoch 5 - Batch 614 - Loss 0.047388
2026-06-18 19:57:40 | Epoch 5 - Batch 615 - Loss 0.046965
2026-06-18 19:57:40 | Epoch 5 - Batch 616 - Loss 0.047507
2026-06-18 19:57:40 | Epoch 5 - Batch 617 - Loss 0.047184
2026-06-18 19:57:40 | Epoch 5 - Batch 618 - Loss 0.049018
2026-06-18 19:57:40 | Epoch 5 - Batch 619 - Loss 0.049369
2026-06-18 19:57:40 | Epoch 5 - Batch 620 - Loss 0.046268
2026-06-18 19:57:40 | Epoch 5 - Batch 621 - Loss 0.047702
2026-06-18 19:57:40 | Epoch 5 - Batch 622 - Loss 0.046564
2026-06-18 19:57:40 | Epoch 5 - Batch 623 - Loss 0.047745
2026-06-18 19:57:40 | Epoch 5 - Batch 624 - Loss 0.046909
2026-06-18 19:57:40 | Epoch 5 - Batch 625 - Loss 0.047162
2026-06-18 19:57:40 | Epoch 5 - Batch 626 - Loss 0.044516
2026-06-18 19:57:40 | Epoch 5 - Batch 627 - Loss 0.046767
2026-06-18 19:57:41 | Epoch 5 - Batch 628 - Loss 0.046253
2026-06-18 19:57:41 | Epoch 5 - Batch 629 - Loss 0.045865
2026-06-18 19:57:41 | Epoch 5 - Batch 630 - Loss 0.047460
2026-06-18 19:57:41 | Epoch 5 - Batch 631 - Loss 0.047331
2026-06-18 19:57:41 | Epoch 5 - Batch 632 - Loss 0.046154
2026-06-18 19:57:41 | Epoch 5 - Batch 633 - Loss 0.047878
2026-06-18 19:57:41 | Epoch 5 - Batch 634 - Loss 0.048314
2026-06-18 19:57:41 | Epoch 5 - Batch 635 - Loss 0.049068
2026-06-18 19:57:41 | Epoch 5 - Batch 636 - Loss 0.048327
2026-06-18 19:57:41 | Epoch 5 - Batch 637 - Loss 0.048170
2026-06-18 19:57:41 | Epoch 5 - Batch 638 - Loss 0.046573
2026-06-18 19:57:41 | Epoch 5 - Batch 639 - Loss 0.047737
2026-06-18 19:57:41 | Epoch 5 - Batch 640 - Loss 0.048582
2026-06-18 19:57:41 | Epoch 5 - Batch 641 - Loss 0.047692
2026-06-18 19:57:41 | Epoch 5 - Batch 642 - Loss 0.049252
2026-06-18 19:57:41 | Epoch 5 - Batch 643 - Loss 0.046915
2026-06-18 19:57:41 | Epoch 5 - Batch 644 - Loss 0.046863
2026-06-18 19:57:41 | Epoch 5 - Batch 645 - Loss 0.047443
2026-06-18 19:57:41 | Epoch 5 - Batch 646 - Loss 0.046199
2026-06-18 19:57:41 | Epoch 5 - Batch 647 - Loss 0.048197
2026-06-18 19:57:41 | Epoch 5 - Batch 648 - Loss 0.045848
2026-06-18 19:57:41 | Epoch 5 - Batch 649 - Loss 0.047781
2026-06-18 19:57:41 | Epoch 5 - Batch 650 - Loss 0.046054
2026-06-18 19:57:41 | Epoch 5 - Batch 651 - Loss 0.047748
2026-06-18 19:57:41 | Epoch 5 - Batch 652 - Loss 0.047985
2026-06-18 19:57:41 | Epoch 5 - Batch 653 - Loss 0.047053
2026-06-18 19:57:41 | Epoch 5 - Batch 654 - Loss 0.046642
2026-06-18 19:57:41 | Epoch 5 - Batch 655 - Loss 0.046898
2026-06-18 19:57:41 | Epoch 5 - Batch 656 - Loss 0.047647
2026-06-18 19:57:41 | Epoch 5 - Batch 657 - Loss 0.049208
2026-06-18 19:57:42 | Epoch 5 - Batch 658 - Loss 0.047585
2026-06-18 19:57:42 | Epoch 5 - Batch 659 - Loss 0.046840
2026-06-18 19:57:42 | Epoch 5 - Batch 660 - Loss 0.048497
2026-06-18 19:57:42 | Epoch 5 - Batch 661 - Loss 0.047225
2026-06-18 19:57:42 | Epoch 5 - Batch 662 - Loss 0.047429
2026-06-18 19:57:42 | Epoch 5 - Batch 663 - Loss 0.047072
2026-06-18 19:57:42 | Epoch 5 - Batch 664 - Loss 0.047874
2026-06-18 19:57:42 | Epoch 5 - Batch 665 - Loss 0.046580
2026-06-18 19:57:42 | Epoch 5 - Batch 666 - Loss 0.049734
2026-06-18 19:57:42 | Epoch 5 - Batch 667 - Loss 0.049174
2026-06-18 19:57:42 | Epoch 5 - Batch 668 - Loss 0.046543
2026-06-18 19:57:42 | Epoch 5 - Batch 669 - Loss 0.045337
2026-06-18 19:57:42 | Epoch 5 - Batch 670 - Loss 0.047695
2026-06-18 19:57:42 | Epoch 5 - Batch 671 - Loss 0.045766
2026-06-18 19:57:42 | Epoch 5 - Batch 672 - Loss 0.045738
2026-06-18 19:57:42 | Epoch 5 - Batch 673 - Loss 0.049557
2026-06-18 19:57:42 | Epoch 5 - Batch 674 - Loss 0.045727
2026-06-18 19:57:42 | Epoch 5 - Batch 675 - Loss 0.048961
2026-06-18 19:57:42 | Epoch 5 - Batch 676 - Loss 0.047973
2026-06-18 19:57:42 | Epoch 5 - Batch 677 - Loss 0.047693
2026-06-18 19:57:42 | Epoch 5 - Batch 678 - Loss 0.045255
2026-06-18 19:57:42 | Epoch 5 - Batch 679 - Loss 0.048019
2026-06-18 19:57:42 | Epoch 5 - Batch 680 - Loss 0.045877
2026-06-18 19:57:42 | Epoch 5 - Batch 681 - Loss 0.047676
2026-06-18 19:57:42 | Epoch 5 - Batch 682 - Loss 0.046775
2026-06-18 19:57:42 | Epoch 5 - Batch 683 - Loss 0.047905
2026-06-18 19:57:42 | Epoch 5 - Batch 684 - Loss 0.046878
2026-06-18 19:57:42 | Epoch 5 - Batch 685 - Loss 0.049227
2026-06-18 19:57:42 | Epoch 5 - Batch 686 - Loss 0.047652
2026-06-18 19:57:42 | Epoch 5 - Batch 687 - Loss 0.048599
2026-06-18 19:57:43 | Epoch 5 - Batch 688 - Loss 0.045671
2026-06-18 19:57:43 | Epoch 5 - Batch 689 - Loss 0.047997
2026-06-18 19:57:43 | Epoch 5 - Batch 690 - Loss 0.045799
2026-06-18 19:57:43 | Epoch 5 - Batch 691 - Loss 0.047962
2026-06-18 19:57:43 | Epoch 5 - Batch 692 - Loss 0.048652
2026-06-18 19:57:43 | Epoch 5 - Batch 693 - Loss 0.047126
2026-06-18 19:57:43 | Epoch 5 - Batch 694 - Loss 0.046123
2026-06-18 19:57:43 | Epoch 5 - Batch 695 - Loss 0.047510
2026-06-18 19:57:43 | Epoch 5 - Batch 696 - Loss 0.045397
2026-06-18 19:57:43 | Epoch 5 - Batch 697 - Loss 0.049343
2026-06-18 19:57:43 | Epoch 5 - Batch 698 - Loss 0.048456
2026-06-18 19:57:43 | Epoch 5 - Batch 699 - Loss 0.046214
2026-06-18 19:57:43 | Epoch 5 - Batch 700 - Loss 0.047941
2026-06-18 19:57:43 | Epoch 5 - Batch 701 - Loss 0.047407
2026-06-18 19:57:43 | Epoch 5 - Batch 702 - Loss 0.046510
2026-06-18 19:57:43 | Epoch 5 - Batch 703 - Loss 0.046229
2026-06-18 19:57:43 | Epoch 5 - Batch 704 - Loss 0.046544
2026-06-18 19:57:43 | Epoch 5 - Batch 705 - Loss 0.046554
2026-06-18 19:57:43 | Epoch 5 - Batch 706 - Loss 0.049765
2026-06-18 19:57:43 | Epoch 5 - Batch 707 - Loss 0.045829
2026-06-18 19:57:43 | Epoch 5 - Batch 708 - Loss 0.047263
2026-06-18 19:57:43 | Epoch 5 - Batch 709 - Loss 0.048342
2026-06-18 19:57:43 | Epoch 5 - Batch 710 - Loss 0.047349
2026-06-18 19:57:43 | Epoch 5 - Batch 711 - Loss 0.046615
2026-06-18 19:57:43 | Epoch 5 - Batch 712 - Loss 0.047871
2026-06-18 19:57:43 | Epoch 5 - Batch 713 - Loss 0.045604
2026-06-18 19:57:43 | Epoch 5 - Batch 714 - Loss 0.047902
2026-06-18 19:57:43 | Epoch 5 - Batch 715 - Loss 0.044349
2026-06-18 19:57:43 | Epoch 5 - Batch 716 - Loss 0.049370
2026-06-18 19:57:43 | Epoch 5 - Batch 717 - Loss 0.046336
2026-06-18 19:57:44 | Epoch 5 - Batch 718 - Loss 0.046089
2026-06-18 19:57:44 | Epoch 5 - Batch 719 - Loss 0.047360
2026-06-18 19:57:44 | Epoch 5 - Batch 720 - Loss 0.045806
2026-06-18 19:57:44 | Epoch 5 - Batch 721 - Loss 0.047261
2026-06-18 19:57:44 | Epoch 5 - Batch 722 - Loss 0.046795
2026-06-18 19:57:44 | Epoch 5 - Batch 723 - Loss 0.046429
2026-06-18 19:57:44 | Epoch 5 - Batch 724 - Loss 0.045073
2026-06-18 19:57:44 | Epoch 5 - Batch 725 - Loss 0.046399
2026-06-18 19:57:44 | Epoch 5 - Batch 726 - Loss 0.048001
2026-06-18 19:57:44 | Epoch 5 - Batch 727 - Loss 0.049362
2026-06-18 19:57:44 | Epoch 5 - Batch 728 - Loss 0.046101
2026-06-18 19:57:44 | Epoch 5 - Batch 729 - Loss 0.049214
2026-06-18 19:57:44 | Epoch 5 - Batch 730 - Loss 0.046154
2026-06-18 19:57:44 | Epoch 5 - Batch 731 - Loss 0.047150
2026-06-18 19:57:44 | Epoch 5 - Batch 732 - Loss 0.046009
2026-06-18 19:57:44 | Epoch 5 - Batch 733 - Loss 0.046793
2026-06-18 19:57:44 | Epoch 5 - Batch 734 - Loss 0.049531
2026-06-18 19:57:44 | Epoch 5 - Batch 735 - Loss 0.048875
2026-06-18 19:57:44 | Epoch 5 - Batch 736 - Loss 0.047241
2026-06-18 19:57:44 | Epoch 5 - Batch 737 - Loss 0.045160
2026-06-18 19:57:44 | Epoch 5 - Batch 738 - Loss 0.045315
2026-06-18 19:57:44 | Epoch 5 - Batch 739 - Loss 0.044111
2026-06-18 19:57:44 | Epoch 5 - Batch 740 - Loss 0.046626
2026-06-18 19:57:44 | Epoch 5 - Batch 741 - Loss 0.047975
2026-06-18 19:57:44 | Epoch 5 - Batch 742 - Loss 0.048141
2026-06-18 19:57:44 | Epoch 5 - Batch 743 - Loss 0.048015
2026-06-18 19:57:44 | Epoch 5 - Batch 744 - Loss 0.045780
2026-06-18 19:57:44 | Epoch 5 - Batch 745 - Loss 0.047800
2026-06-18 19:57:44 | Epoch 5 - Batch 746 - Loss 0.045578
2026-06-18 19:57:44 | Epoch 5 - Batch 747 - Loss 0.047845
2026-06-18 19:57:45 | Epoch 5 - Batch 748 - Loss 0.046616
2026-06-18 19:57:45 | Epoch 5 - Batch 749 - Loss 0.047641
2026-06-18 19:57:45 | Epoch 5 - Batch 750 - Loss 0.046218
2026-06-18 19:57:45 | Epoch 5 - Batch 751 - Loss 0.048987
2026-06-18 19:57:45 | Epoch 5 - Batch 752 - Loss 0.047290
2026-06-18 19:57:45 | Epoch 5 - Batch 753 - Loss 0.046810
2026-06-18 19:57:45 | Epoch 5 - Batch 754 - Loss 0.046466
2026-06-18 19:57:45 | Epoch 5 - Batch 755 - Loss 0.047501
2026-06-18 19:57:45 | Epoch 5 - Batch 756 - Loss 0.048358
2026-06-18 19:57:45 | Epoch 5 - Batch 757 - Loss 0.046130
2026-06-18 19:57:45 | Epoch 5 - Batch 758 - Loss 0.046057
2026-06-18 19:57:45 | Epoch 5 - Batch 759 - Loss 0.047272
2026-06-18 19:57:45 | Epoch 5 - Batch 760 - Loss 0.046740
2026-06-18 19:57:45 | Epoch 5 - Batch 761 - Loss 0.047387
2026-06-18 19:57:45 | Epoch 5 - Batch 762 - Loss 0.046206
2026-06-18 19:57:45 | Epoch 5 - Batch 763 - Loss 0.047166
2026-06-18 19:57:45 | Epoch 5 - Batch 764 - Loss 0.047650
2026-06-18 19:57:45 | Epoch 5 - Batch 765 - Loss 0.046414
2026-06-18 19:57:45 | Epoch 5 - Batch 766 - Loss 0.048089
2026-06-18 19:57:45 | Epoch 5 - Batch 767 - Loss 0.046844
2026-06-18 19:57:45 | Epoch 5 - Batch 768 - Loss 0.048631
2026-06-18 19:57:45 | Epoch 5 - Batch 769 - Loss 0.046793
2026-06-18 19:57:45 | Epoch 5 - Batch 770 - Loss 0.045206
2026-06-18 19:57:45 | Epoch 5 - Batch 771 - Loss 0.046860
2026-06-18 19:57:45 | Epoch 5 - Batch 772 - Loss 0.047361
2026-06-18 19:57:45 | Epoch 5 - Batch 773 - Loss 0.047123
2026-06-18 19:57:45 | Epoch 5 - Batch 774 - Loss 0.046131
2026-06-18 19:57:45 | Epoch 5 - Batch 775 - Loss 0.050299
2026-06-18 19:57:45 | Epoch 5 - Batch 776 - Loss 0.047006
2026-06-18 19:57:45 | Epoch 5 - Batch 777 - Loss 0.048131
2026-06-18 19:57:46 | Epoch 5 - Batch 778 - Loss 0.046596
2026-06-18 19:57:46 | Epoch 5 - Batch 779 - Loss 0.047391
2026-06-18 19:57:46 | Epoch 5 - Batch 780 - Loss 0.046384
2026-06-18 19:57:46 | Epoch 5 - Batch 781 - Loss 0.046616
2026-06-18 19:57:46 | Epoch 5 - Batch 782 - Loss 0.046310
2026-06-18 19:57:46 | Epoch 5 - Batch 783 - Loss 0.046947
2026-06-18 19:57:46 | Epoch 5 - Batch 784 - Loss 0.047070
2026-06-18 19:57:46 | Epoch 5 - Batch 785 - Loss 0.047634
2026-06-18 19:57:46 | Epoch 5 - Batch 786 - Loss 0.045404
2026-06-18 19:57:46 | Epoch 5 - Batch 787 - Loss 0.047393
2026-06-18 19:57:46 | Epoch 5 - Batch 788 - Loss 0.047814
2026-06-18 19:57:46 | Epoch 5 - Batch 789 - Loss 0.047835
2026-06-18 19:57:46 | Epoch 5 - Batch 790 - Loss 0.046315
2026-06-18 19:57:46 | Epoch 5 - Batch 791 - Loss 0.047548
2026-06-18 19:57:46 | Epoch 5 - Batch 792 - Loss 0.046746
2026-06-18 19:57:46 | Epoch 5 - Batch 793 - Loss 0.046851
2026-06-18 19:57:46 | Epoch 5 - Batch 794 - Loss 0.047379
2026-06-18 19:57:46 | Epoch 5 - Batch 795 - Loss 0.047642
2026-06-18 19:57:46 | Epoch 5 - Batch 796 - Loss 0.046876
2026-06-18 19:57:46 | Epoch 5 - Batch 797 - Loss 0.046241
2026-06-18 19:57:46 | Epoch 5 - Batch 798 - Loss 0.047348
2026-06-18 19:57:46 | Epoch 5 - Batch 799 - Loss 0.044492
2026-06-18 19:57:46 | Epoch 5 - Batch 800 - Loss 0.046396
2026-06-18 19:57:46 | Epoch 5 - Batch 801 - Loss 0.047000
2026-06-18 19:57:46 | Epoch 5 - Batch 802 - Loss 0.048595
2026-06-18 19:57:46 | Epoch 5 - Batch 803 - Loss 0.045722
2026-06-18 19:57:46 | Epoch 5 - Batch 804 - Loss 0.047516
2026-06-18 19:57:46 | Epoch 5 - Batch 805 - Loss 0.047386
2026-06-18 19:57:46 | Epoch 5 - Batch 806 - Loss 0.048167
2026-06-18 19:57:46 | Epoch 5 - Batch 807 - Loss 0.047293
2026-06-18 19:57:47 | Epoch 5 - Batch 808 - Loss 0.048066
2026-06-18 19:57:47 | Epoch 5 - Batch 809 - Loss 0.045995
2026-06-18 19:57:47 | Epoch 5 - Batch 810 - Loss 0.047500
2026-06-18 19:57:47 | Epoch 5 - Batch 811 - Loss 0.047270
2026-06-18 19:57:47 | Epoch 5 - Batch 812 - Loss 0.046291
2026-06-18 19:57:47 | Epoch 5 - Batch 813 - Loss 0.045316
2026-06-18 19:57:47 | Epoch 5 - Batch 814 - Loss 0.046211
2026-06-18 19:57:47 | Epoch 5 - Batch 815 - Loss 0.045261
2026-06-18 19:57:47 | Epoch 5 - Batch 816 - Loss 0.047808
2026-06-18 19:57:47 | Epoch 5 - Batch 817 - Loss 0.047863
2026-06-18 19:57:47 | Epoch 5 - Batch 818 - Loss 0.045200
2026-06-18 19:57:47 | Epoch 5 - Batch 819 - Loss 0.046939
2026-06-18 19:57:47 | Epoch 5 - Batch 820 - Loss 0.048361
2026-06-18 19:57:47 | Epoch 5 - Batch 821 - Loss 0.049405
2026-06-18 19:57:47 | Epoch 5 - Batch 822 - Loss 0.046899
2026-06-18 19:57:47 | Epoch 5 - Batch 823 - Loss 0.046939
2026-06-18 19:57:47 | Epoch 5 - Batch 824 - Loss 0.046680
2026-06-18 19:57:47 | Epoch 5 - Batch 825 - Loss 0.047038
2026-06-18 19:57:47 | Epoch 5 - Batch 826 - Loss 0.046538
2026-06-18 19:57:47 | Epoch 5 - Batch 827 - Loss 0.045846
2026-06-18 19:57:47 | Epoch 5 - Batch 828 - Loss 0.046226
2026-06-18 19:57:47 | Epoch 5 - Batch 829 - Loss 0.047326
2026-06-18 19:57:47 | Epoch 5 - Batch 830 - Loss 0.048291
2026-06-18 19:57:47 | Epoch 5 - Batch 831 - Loss 0.045301
2026-06-18 19:57:47 | Epoch 5 - Batch 832 - Loss 0.047938
2026-06-18 19:57:47 | Epoch 5 - Batch 833 - Loss 0.047088
2026-06-18 19:57:47 | Epoch 5 - Batch 834 - Loss 0.047901
2026-06-18 19:57:47 | Epoch 5 - Batch 835 - Loss 0.047197
2026-06-18 19:57:47 | Epoch 5 - Batch 836 - Loss 0.049244
2026-06-18 19:57:47 | Epoch 5 - Batch 837 - Loss 0.048603
2026-06-18 19:57:48 | Epoch 5 - Batch 838 - Loss 0.046299
2026-06-18 19:57:48 | Epoch 5 - Batch 839 - Loss 0.048271
2026-06-18 19:57:48 | Epoch 5 - Batch 840 - Loss 0.047041
2026-06-18 19:57:48 | Epoch 5 - Batch 841 - Loss 0.048695
2026-06-18 19:57:48 | Epoch 5 - Batch 842 - Loss 0.047497
2026-06-18 19:57:48 | Epoch 5 - Batch 843 - Loss 0.046284
2026-06-18 19:57:48 | Epoch 5 - Batch 844 - Loss 0.046289
2026-06-18 19:57:48 | Epoch 5 - Batch 845 - Loss 0.046686
2026-06-18 19:57:48 | Epoch 5 - Batch 846 - Loss 0.046350
2026-06-18 19:57:48 | Epoch 5 - Batch 847 - Loss 0.049731
2026-06-18 19:57:48 | Epoch 5 - Batch 848 - Loss 0.046873
2026-06-18 19:57:48 | Epoch 5 - Batch 849 - Loss 0.045982
2026-06-18 19:57:48 | Epoch 5 - Batch 850 - Loss 0.048566
2026-06-18 19:57:48 | Epoch 5 - Batch 851 - Loss 0.048454
2026-06-18 19:57:48 | Epoch 5 - Batch 852 - Loss 0.046891
2026-06-18 19:57:48 | Epoch 5 - Batch 853 - Loss 0.044516
2026-06-18 19:57:48 | Epoch 5 - Batch 854 - Loss 0.048310
2026-06-18 19:57:48 | Epoch 5 - Batch 855 - Loss 0.048098
2026-06-18 19:57:48 | Epoch 5 - Batch 856 - Loss 0.047664
2026-06-18 19:57:48 | Epoch 5 - Batch 857 - Loss 0.047835
2026-06-18 19:57:48 | Epoch 5 - Batch 858 - Loss 0.047408
2026-06-18 19:57:48 | Epoch 5 - Batch 859 - Loss 0.045901
2026-06-18 19:57:48 | Epoch 5 - Batch 860 - Loss 0.047408
2026-06-18 19:57:48 | Epoch 5 - Batch 861 - Loss 0.050272
2026-06-18 19:57:48 | Epoch 5 - Batch 862 - Loss 0.046916
2026-06-18 19:57:48 | Epoch 5 - Batch 863 - Loss 0.045930
2026-06-18 19:57:48 | Epoch 5 - Batch 864 - Loss 0.045526
2026-06-18 19:57:48 | Epoch 5 - Batch 865 - Loss 0.046594
2026-06-18 19:57:48 | Epoch 5 - Batch 866 - Loss 0.049247
2026-06-18 19:57:48 | Epoch 5 - Batch 867 - Loss 0.046045
2026-06-18 19:57:49 | Epoch 5 - Batch 868 - Loss 0.047113
2026-06-18 19:57:49 | Epoch 5 - Batch 869 - Loss 0.046222
2026-06-18 19:57:49 | Epoch 5 - Batch 870 - Loss 0.046798
2026-06-18 19:57:49 | Epoch 5 - Batch 871 - Loss 0.047762
2026-06-18 19:57:49 | Epoch 5 - Batch 872 - Loss 0.047059
