2026-06-18 18:08:14 | ------------------ Configuration ------------------
2026-06-18 18:08:14 | Configuration file: /lustre/home/ziya/GNN/GraphWeather5p625/configs/gnn_5p625.yaml
2026-06-18 18:08:14 | Configuration name: raw_5p625
2026-06-18 18:08:14 | lr 0.0001
2026-06-18 18:08:14 | weight_decay 0.0001
2026-06-18 18:08:14 | scheduler CosineAnnealingLR
2026-06-18 18:08:14 | max_epochs 50
2026-06-18 18:08:14 | max_train_batches None
2026-06-18 18:08:14 | max_valid_batches None
2026-06-18 18:08:14 | batch_size 2
2026-06-18 18:08:14 | num_data_workers 0
2026-06-18 18:08:14 | max_gradient_norm 1.0
2026-06-18 18:08:14 | dt 1
2026-06-18 18:08:14 | n_history 1
2026-06-18 18:08:14 | rollout_schedule [1, 2, 4, 8, 12, 20]
2026-06-18 18:08:14 | rollout_stage_epochs [5, 5, 10, 10, 10, 10]
2026-06-18 18:08:14 | valid_rollout_steps 1
2026-06-18 18:08:14 | trainable_scope all
2026-06-18 18:08:14 | nettype graph_weather
2026-06-18 18:08:14 | target default
2026-06-18 18:08:14 | resolution 5.625
2026-06-18 18:08:14 | graph_path /lustre/home/ziya/GNN/GraphWeather5p625/graphs/graph_5p625.pt
2026-06-18 18:08:14 | auto_build_graph True
2026-06-18 18:08:14 | hidden_dim 96
2026-06-18 18:08:14 | edge_dim 6
2026-06-18 18:08:14 | num_heads 4
2026-06-18 18:08:14 | k_neighbors 8
2026-06-18 18:08:14 | encoder_blocks 1
2026-06-18 18:08:14 | decoder_blocks 1
2026-06-18 18:08:14 | l0_blocks 2
2026-06-18 18:08:14 | l1_blocks 2
2026-06-18 18:08:14 | l2_blocks 1
2026-06-18 18:08:14 | l1_refine_blocks 1
2026-06-18 18:08:14 | l0_refine_blocks 1
2026-06-18 18:08:14 | graph_gradient_weight 0.0
2026-06-18 18:08:14 | in_channels [0, 1, 2, 3, 4, 5, 6, 7, 8, 9, 10, 11, 12, 13, 14, 15, 16, 17, 18, 19, 20, 21, 22, 23, 24, 25, 26, 27, 28, 29, 30, 31, 32, 33, 34, 35, 36, 37, 38, 39, 40, 41, 42, 43, 44, 45, 46, 47, 48, 49, 50, 51, 52, 53, 54, 55, 56, 57, 58, 59, 60, 61, 62, 63, 64, 65, 66]
2026-06-18 18:08:14 | out_channels [0, 1, 2, 3, 4, 5, 6, 7, 8, 9, 10, 11, 12, 13, 14, 15, 16, 17, 18, 19, 20, 21, 22, 23, 24, 25, 26, 27, 28, 29, 30, 31, 32, 33, 34, 35, 36, 37, 38, 39, 40, 41, 42, 43, 44, 45, 46, 47, 48, 49, 50, 51, 52, 53, 54, 55, 56, 57, 58, 59, 60, 61, 62, 63, 64, 65, 66]
2026-06-18 18:08:14 | normalization zscore
2026-06-18 18:08:14 | add_grid False
2026-06-18 18:08:14 | N_grid_channels 0
2026-06-18 18:08:14 | gridtype sinusoidal
2026-06-18 18:08:14 | add_noise False
2026-06-18 18:08:14 | noise_std 0.0
2026-06-18 18:08:14 | crop_size_x None
2026-06-18 18:08:14 | crop_size_y None
2026-06-18 18:08:14 | roll False
2026-06-18 18:08:14 | orography False
2026-06-18 18:08:14 | orography_path None
2026-06-18 18:08:14 | train_data_path /lustre/home/ziya/KAI_5/kai_data_5p625/train
2026-06-18 18:08:14 | valid_data_path /lustre/home/ziya/KAI_5/kai_data_5p625/valid
2026-06-18 18:08:14 | global_means_path /lustre/home/ziya/KAI_5/kai_data_5p625/stats/global_mean.npy
2026-06-18 18:08:14 | global_stds_path /lustre/home/ziya/KAI_5/kai_data_5p625/stats/global_std.npy
2026-06-18 18:08:14 | exp_dir /lustre/home/ziya/GNN/GraphWeather5p625/experiments
2026-06-18 18:08:14 | save_checkpoint True
2026-06-18 18:08:14 | resume True
2026-06-18 18:08:14 | enable_amp False
2026-06-18 18:08:14 | name raw_5p625_full50_base
2026-06-18 18:08:14 | experiment_dir /lustre/home/ziya/GNN/GraphWeather5p625/experiments/raw_5p625_full50_base
2026-06-18 18:08:14 | checkpoint_path /lustre/home/ziya/GNN/GraphWeather5p625/experiments/raw_5p625_full50_base/ckpt.tar
2026-06-18 18:08:14 | best_checkpoint_path /lustre/home/ziya/GNN/GraphWeather5p625/experiments/raw_5p625_full50_base/best_ckpt.tar
2026-06-18 18:08:14 | ---------------------------------------------------
2026-06-18 18:08:14 | Found 39 NetCDF files under /lustre/home/ziya/KAI_5/kai_data_5p625/train. Spatial dims: 32 x 64.
2026-06-18 18:08:14 | Total valid samples: 13426
2026-06-18 18:08:14 | Found 1 NetCDF files under /lustre/home/ziya/KAI_5/kai_data_5p625/valid. Spatial dims: 32 x 64.
2026-06-18 18:08:14 | Total valid samples: 344
2026-06-18 18:08:16 | Number of trainable model parameters: 1131103
2026-06-18 18:08:17 | Epoch 1 - Batch 0 - Loss 0.339994
2026-06-18 18:08:17 | Epoch 1 - Batch 1 - Loss 0.292414
2026-06-18 18:08:18 | Epoch 1 - Batch 2 - Loss 0.245880
2026-06-18 18:08:18 | Epoch 1 - Batch 3 - Loss 0.252635
2026-06-18 18:08:19 | Epoch 1 - Batch 4 - Loss 0.265615
2026-06-18 18:08:19 | Epoch 1 - Batch 5 - Loss 0.237893
2026-06-18 18:08:20 | Epoch 1 - Batch 6 - Loss 0.230943
2026-06-18 18:08:20 | Epoch 1 - Batch 7 - Loss 0.259813
2026-06-18 18:08:21 | Epoch 1 - Batch 8 - Loss 0.235077
2026-06-18 18:08:21 | Epoch 1 - Batch 9 - Loss 0.237679
2026-06-18 18:08:22 | Epoch 1 - Batch 10 - Loss 0.228954
2026-06-18 18:08:22 | Epoch 1 - Batch 11 - Loss 0.209074
2026-06-18 18:08:23 | Epoch 1 - Batch 12 - Loss 0.175838
2026-06-18 18:08:23 | Epoch 1 - Batch 13 - Loss 0.214352
2026-06-18 18:08:24 | Epoch 1 - Batch 14 - Loss 0.198001
2026-06-18 18:08:24 | Epoch 1 - Batch 15 - Loss 0.244698
2026-06-18 18:08:25 | Epoch 1 - Batch 16 - Loss 0.183473
2026-06-18 18:09:15 | ------------------ Configuration ------------------
2026-06-18 18:09:15 | Configuration file: /lustre/home/ziya/GNN/GraphWeather5p625/configs/gnn_5p625.yaml
2026-06-18 18:09:15 | Configuration name: raw_5p625
2026-06-18 18:09:15 | lr 0.0001
2026-06-18 18:09:15 | weight_decay 0.0001
2026-06-18 18:09:15 | scheduler CosineAnnealingLR
2026-06-18 18:09:15 | max_epochs 50
2026-06-18 18:09:15 | max_train_batches None
2026-06-18 18:09:15 | max_valid_batches None
2026-06-18 18:09:15 | batch_size 2
2026-06-18 18:09:15 | num_data_workers 0
2026-06-18 18:09:15 | max_gradient_norm 1.0
2026-06-18 18:09:15 | dt 1
2026-06-18 18:09:15 | n_history 1
2026-06-18 18:09:15 | rollout_schedule [1, 2, 4, 8, 12, 20]
2026-06-18 18:09:15 | rollout_stage_epochs [5, 5, 10, 10, 10, 10]
2026-06-18 18:09:15 | valid_rollout_steps 1
2026-06-18 18:09:15 | trainable_scope all
2026-06-18 18:09:15 | nettype graph_weather
2026-06-18 18:09:15 | target default
2026-06-18 18:09:15 | resolution 5.625
2026-06-18 18:09:15 | graph_path /lustre/home/ziya/GNN/GraphWeather5p625/graphs/graph_5p625.pt
2026-06-18 18:09:15 | auto_build_graph True
2026-06-18 18:09:15 | hidden_dim 96
2026-06-18 18:09:15 | edge_dim 6
2026-06-18 18:09:15 | num_heads 4
2026-06-18 18:09:15 | k_neighbors 8
2026-06-18 18:09:15 | encoder_blocks 1
2026-06-18 18:09:15 | decoder_blocks 1
2026-06-18 18:09:15 | l0_blocks 2
2026-06-18 18:09:15 | l1_blocks 2
2026-06-18 18:09:15 | l2_blocks 1
2026-06-18 18:09:15 | l1_refine_blocks 1
2026-06-18 18:09:15 | l0_refine_blocks 1
2026-06-18 18:09:15 | graph_gradient_weight 0.0
2026-06-18 18:09:15 | in_channels [0, 1, 2, 3, 4, 5, 6, 7, 8, 9, 10, 11, 12, 13, 14, 15, 16, 17, 18, 19, 20, 21, 22, 23, 24, 25, 26, 27, 28, 29, 30, 31, 32, 33, 34, 35, 36, 37, 38, 39, 40, 41, 42, 43, 44, 45, 46, 47, 48, 49, 50, 51, 52, 53, 54, 55, 56, 57, 58, 59, 60, 61, 62, 63, 64, 65, 66]
2026-06-18 18:09:15 | out_channels [0, 1, 2, 3, 4, 5, 6, 7, 8, 9, 10, 11, 12, 13, 14, 15, 16, 17, 18, 19, 20, 21, 22, 23, 24, 25, 26, 27, 28, 29, 30, 31, 32, 33, 34, 35, 36, 37, 38, 39, 40, 41, 42, 43, 44, 45, 46, 47, 48, 49, 50, 51, 52, 53, 54, 55, 56, 57, 58, 59, 60, 61, 62, 63, 64, 65, 66]
2026-06-18 18:09:15 | normalization zscore
2026-06-18 18:09:15 | add_grid False
2026-06-18 18:09:15 | N_grid_channels 0
2026-06-18 18:09:15 | gridtype sinusoidal
2026-06-18 18:09:15 | add_noise False
2026-06-18 18:09:15 | noise_std 0.0
2026-06-18 18:09:15 | crop_size_x None
2026-06-18 18:09:15 | crop_size_y None
2026-06-18 18:09:15 | roll False
2026-06-18 18:09:15 | orography False
2026-06-18 18:09:15 | orography_path None
2026-06-18 18:09:15 | train_data_path /lustre/home/ziya/KAI_5/kai_data_5p625/train
2026-06-18 18:09:15 | valid_data_path /lustre/home/ziya/KAI_5/kai_data_5p625/valid
2026-06-18 18:09:15 | global_means_path /lustre/home/ziya/KAI_5/kai_data_5p625/stats/global_mean.npy
2026-06-18 18:09:15 | global_stds_path /lustre/home/ziya/KAI_5/kai_data_5p625/stats/global_std.npy
2026-06-18 18:09:15 | exp_dir /lustre/home/ziya/GNN/GraphWeather5p625/experiments
2026-06-18 18:09:15 | save_checkpoint True
2026-06-18 18:09:15 | resume True
2026-06-18 18:09:15 | enable_amp False
2026-06-18 18:09:15 | name raw_5p625_full50_base
2026-06-18 18:09:15 | experiment_dir /lustre/home/ziya/GNN/GraphWeather5p625/experiments/raw_5p625_full50_base
2026-06-18 18:09:15 | checkpoint_path /lustre/home/ziya/GNN/GraphWeather5p625/experiments/raw_5p625_full50_base/ckpt.tar
2026-06-18 18:09:15 | best_checkpoint_path /lustre/home/ziya/GNN/GraphWeather5p625/experiments/raw_5p625_full50_base/best_ckpt.tar
2026-06-18 18:09:15 | ---------------------------------------------------
2026-06-18 18:09:15 | Found 39 NetCDF files under /lustre/home/ziya/KAI_5/kai_data_5p625/train. Spatial dims: 32 x 64.
2026-06-18 18:09:15 | Total valid samples: 13426
2026-06-18 18:09:15 | Found 1 NetCDF files under /lustre/home/ziya/KAI_5/kai_data_5p625/valid. Spatial dims: 32 x 64.
2026-06-18 18:09:15 | Total valid samples: 344
2026-06-18 18:09:16 | Number of trainable model parameters: 1131103
2026-06-18 18:09:17 | Epoch 1 - Batch 0 - Loss 0.339994
2026-06-18 18:09:17 | Epoch 1 - Batch 1 - Loss 0.292414
2026-06-18 18:09:18 | Epoch 1 - Batch 2 - Loss 0.245880
2026-06-18 18:09:18 | Epoch 1 - Batch 3 - Loss 0.252635
2026-06-18 18:09:19 | Epoch 1 - Batch 4 - Loss 0.265615
2026-06-18 18:09:19 | Epoch 1 - Batch 5 - Loss 0.237893
2026-06-18 18:09:20 | Epoch 1 - Batch 6 - Loss 0.230943
2026-06-18 18:09:20 | Epoch 1 - Batch 7 - Loss 0.259813
2026-06-18 18:09:21 | Epoch 1 - Batch 8 - Loss 0.235077
2026-06-18 18:09:21 | Epoch 1 - Batch 9 - Loss 0.237679
2026-06-18 18:09:22 | Epoch 1 - Batch 10 - Loss 0.228954
2026-06-18 18:09:22 | Epoch 1 - Batch 11 - Loss 0.209074
2026-06-18 18:09:23 | Epoch 1 - Batch 12 - Loss 0.175838
2026-06-18 18:09:23 | Epoch 1 - Batch 13 - Loss 0.214352
2026-06-18 18:09:24 | Epoch 1 - Batch 14 - Loss 0.198001
2026-06-18 18:09:24 | Epoch 1 - Batch 15 - Loss 0.244698
2026-06-18 18:09:25 | Epoch 1 - Batch 16 - Loss 0.183473
2026-06-18 18:09:25 | Epoch 1 - Batch 17 - Loss 0.185362
2026-06-18 18:09:26 | Epoch 1 - Batch 18 - Loss 0.195736
2026-06-18 18:09:26 | Epoch 1 - Batch 19 - Loss 0.182770
2026-06-18 18:09:27 | Epoch 1 - Batch 20 - Loss 0.190705
2026-06-18 18:09:27 | Epoch 1 - Batch 21 - Loss 0.209078
2026-06-18 18:09:28 | Epoch 1 - Batch 22 - Loss 0.255455
2026-06-18 18:09:28 | Epoch 1 - Batch 23 - Loss 0.208637
2026-06-18 18:09:29 | Epoch 1 - Batch 24 - Loss 0.189565
2026-06-18 18:09:29 | Epoch 1 - Batch 25 - Loss 0.209025
2026-06-18 18:09:30 | Epoch 1 - Batch 26 - Loss 0.197415
2026-06-18 18:09:30 | Epoch 1 - Batch 27 - Loss 0.173929
2026-06-18 18:09:31 | Epoch 1 - Batch 28 - Loss 0.180797
2026-06-18 18:09:31 | Epoch 1 - Batch 29 - Loss 0.228342
2026-06-18 18:09:32 | Epoch 1 - Batch 30 - Loss 0.172895
2026-06-18 18:09:32 | Epoch 1 - Batch 31 - Loss 0.230458
2026-06-18 18:09:33 | Epoch 1 - Batch 32 - Loss 0.174762
2026-06-18 18:09:33 | Epoch 1 - Batch 33 - Loss 0.180206
2026-06-18 18:09:34 | Epoch 1 - Batch 34 - Loss 0.201017
2026-06-18 18:09:34 | Epoch 1 - Batch 35 - Loss 0.229267
2026-06-18 18:09:35 | Epoch 1 - Batch 36 - Loss 0.176597
2026-06-18 18:09:36 | Epoch 1 - Batch 37 - Loss 0.204475
2026-06-18 18:09:36 | Epoch 1 - Batch 38 - Loss 0.198038
2026-06-18 18:09:37 | Epoch 1 - Batch 39 - Loss 0.179262
2026-06-18 18:09:38 | Epoch 1 - Batch 40 - Loss 0.214467
2026-06-18 18:09:38 | Epoch 1 - Batch 41 - Loss 0.214051
2026-06-18 18:09:39 | Epoch 1 - Batch 42 - Loss 0.172084
2026-06-18 18:09:40 | Epoch 1 - Batch 43 - Loss 0.191966
2026-06-18 18:09:40 | Epoch 1 - Batch 44 - Loss 0.168506
2026-06-18 18:09:41 | Epoch 1 - Batch 45 - Loss 0.186585
2026-06-18 18:09:42 | Epoch 1 - Batch 46 - Loss 0.179119
2026-06-18 18:09:42 | Epoch 1 - Batch 47 - Loss 0.179185
2026-06-18 18:09:43 | Epoch 1 - Batch 48 - Loss 0.169578
2026-06-18 18:09:43 | Epoch 1 - Batch 49 - Loss 0.182370
2026-06-18 18:09:44 | Epoch 1 - Batch 50 - Loss 0.189137
2026-06-18 18:09:45 | Epoch 1 - Batch 51 - Loss 0.177977
2026-06-18 18:09:45 | Epoch 1 - Batch 52 - Loss 0.186394
2026-06-18 18:09:46 | Epoch 1 - Batch 53 - Loss 0.204789
2026-06-18 18:09:47 | Epoch 1 - Batch 54 - Loss 0.174013
2026-06-18 18:09:47 | Epoch 1 - Batch 55 - Loss 0.171180
2026-06-18 18:09:48 | Epoch 1 - Batch 56 - Loss 0.187857
2026-06-18 18:09:49 | Epoch 1 - Batch 57 - Loss 0.190658
2026-06-18 18:09:49 | Epoch 1 - Batch 58 - Loss 0.178695
2026-06-18 18:09:50 | Epoch 1 - Batch 59 - Loss 0.202088
2026-06-18 18:09:50 | Epoch 1 - Batch 60 - Loss 0.186991
2026-06-18 18:09:51 | Epoch 1 - Batch 61 - Loss 0.166973
2026-06-18 18:09:52 | Epoch 1 - Batch 62 - Loss 0.168823
2026-06-18 18:09:53 | Epoch 1 - Batch 63 - Loss 0.156445
2026-06-18 18:09:53 | Epoch 1 - Batch 64 - Loss 0.187088
2026-06-18 18:09:54 | Epoch 1 - Batch 65 - Loss 0.175509
2026-06-18 18:09:55 | Epoch 1 - Batch 66 - Loss 0.164754
2026-06-18 18:09:55 | Epoch 1 - Batch 67 - Loss 0.164479
2026-06-18 18:09:56 | Epoch 1 - Batch 68 - Loss 0.214870
2026-06-18 18:09:56 | Epoch 1 - Batch 69 - Loss 0.179949
2026-06-18 18:09:57 | Epoch 1 - Batch 70 - Loss 0.171352
2026-06-18 18:09:58 | Epoch 1 - Batch 71 - Loss 0.156915
2026-06-18 18:09:58 | Epoch 1 - Batch 72 - Loss 0.164123
2026-06-18 18:09:59 | Epoch 1 - Batch 73 - Loss 0.157389
2026-06-18 18:10:00 | Epoch 1 - Batch 74 - Loss 0.156251
2026-06-18 18:10:00 | Epoch 1 - Batch 75 - Loss 0.173570
2026-06-18 18:10:01 | Epoch 1 - Batch 76 - Loss 0.182376
2026-06-18 18:10:01 | Epoch 1 - Batch 77 - Loss 0.171168
2026-06-18 18:10:02 | Epoch 1 - Batch 78 - Loss 0.168574
2026-06-18 18:10:03 | Epoch 1 - Batch 79 - Loss 0.156885
2026-06-18 18:10:03 | Epoch 1 - Batch 80 - Loss 0.186912
2026-06-18 18:10:04 | Epoch 1 - Batch 81 - Loss 0.189976
2026-06-18 18:10:05 | Epoch 1 - Batch 82 - Loss 0.163327
2026-06-18 18:10:05 | Epoch 1 - Batch 83 - Loss 0.173900
2026-06-18 18:10:06 | Epoch 1 - Batch 84 - Loss 0.137955
2026-06-18 18:10:06 | Epoch 1 - Batch 85 - Loss 0.146457
2026-06-18 18:10:07 | Epoch 1 - Batch 86 - Loss 0.161043
2026-06-18 18:10:08 | Epoch 1 - Batch 87 - Loss 0.164405
2026-06-18 18:10:08 | Epoch 1 - Batch 88 - Loss 0.168537
2026-06-18 18:10:09 | Epoch 1 - Batch 89 - Loss 0.161241
2026-06-18 18:10:09 | Epoch 1 - Batch 90 - Loss 0.145654
2026-06-18 18:10:10 | Epoch 1 - Batch 91 - Loss 0.185572
2026-06-18 18:10:11 | Epoch 1 - Batch 92 - Loss 0.167372
2026-06-18 18:10:11 | Epoch 1 - Batch 93 - Loss 0.164158
2026-06-18 18:10:12 | Epoch 1 - Batch 94 - Loss 0.172675
2026-06-18 18:10:12 | Epoch 1 - Batch 95 - Loss 0.178546
2026-06-18 18:10:13 | Epoch 1 - Batch 96 - Loss 0.176182
2026-06-18 18:10:14 | Epoch 1 - Batch 97 - Loss 0.161227
2026-06-18 18:10:14 | Epoch 1 - Batch 98 - Loss 0.171671
2026-06-18 18:10:15 | Epoch 1 - Batch 99 - Loss 0.178750
2026-06-18 18:10:15 | Epoch 1 - Batch 100 - Loss 0.149779
2026-06-18 18:10:16 | Epoch 1 - Batch 101 - Loss 0.180386
2026-06-18 18:10:17 | Epoch 1 - Batch 102 - Loss 0.154785
2026-06-18 18:10:17 | Epoch 1 - Batch 103 - Loss 0.146808
2026-06-18 18:10:18 | Epoch 1 - Batch 104 - Loss 0.155036
2026-06-18 18:10:18 | Epoch 1 - Batch 105 - Loss 0.145689
2026-06-18 18:10:19 | Epoch 1 - Batch 106 - Loss 0.153877
2026-06-18 18:10:20 | Epoch 1 - Batch 107 - Loss 0.149000
2026-06-18 18:10:20 | Epoch 1 - Batch 108 - Loss 0.142985
2026-06-18 18:10:21 | Epoch 1 - Batch 109 - Loss 0.142579
2026-06-18 18:10:21 | Epoch 1 - Batch 110 - Loss 0.150384
2026-06-18 18:10:22 | Epoch 1 - Batch 111 - Loss 0.163628
2026-06-18 18:10:23 | Epoch 1 - Batch 112 - Loss 0.166529
2026-06-18 18:10:23 | Epoch 1 - Batch 113 - Loss 0.160819
2026-06-18 18:10:24 | Epoch 1 - Batch 114 - Loss 0.174282
2026-06-18 18:10:24 | Epoch 1 - Batch 115 - Loss 0.170148
2026-06-18 18:10:25 | Epoch 1 - Batch 116 - Loss 0.170817
2026-06-18 18:10:26 | Epoch 1 - Batch 117 - Loss 0.147114
2026-06-18 18:10:26 | Epoch 1 - Batch 118 - Loss 0.165734
2026-06-18 18:10:27 | Epoch 1 - Batch 119 - Loss 0.134491
2026-06-18 18:10:28 | Epoch 1 - Batch 120 - Loss 0.149248
2026-06-18 18:10:28 | Epoch 1 - Batch 121 - Loss 0.161097
2026-06-18 18:10:29 | Epoch 1 - Batch 122 - Loss 0.157766
2026-06-18 18:10:29 | Epoch 1 - Batch 123 - Loss 0.150673
2026-06-18 18:10:30 | Epoch 1 - Batch 124 - Loss 0.145759
2026-06-18 18:10:31 | Epoch 1 - Batch 125 - Loss 0.144000
2026-06-18 18:10:31 | Epoch 1 - Batch 126 - Loss 0.147124
2026-06-18 18:10:32 | Epoch 1 - Batch 127 - Loss 0.148940
2026-06-18 18:10:32 | Epoch 1 - Batch 128 - Loss 0.156410
2026-06-18 18:10:33 | Epoch 1 - Batch 129 - Loss 0.162687
2026-06-18 18:10:34 | Epoch 1 - Batch 130 - Loss 0.158386
2026-06-18 18:10:34 | Epoch 1 - Batch 131 - Loss 0.133650
2026-06-18 18:10:35 | Epoch 1 - Batch 132 - Loss 0.137915
2026-06-18 18:10:36 | Epoch 1 - Batch 133 - Loss 0.147226
2026-06-18 18:10:36 | Epoch 1 - Batch 134 - Loss 0.135615
2026-06-18 18:10:37 | Epoch 1 - Batch 135 - Loss 0.144365
2026-06-18 18:10:37 | Epoch 1 - Batch 136 - Loss 0.169965
2026-06-18 18:10:38 | Epoch 1 - Batch 137 - Loss 0.160753
2026-06-18 18:10:39 | Epoch 1 - Batch 138 - Loss 0.126960
2026-06-18 18:10:39 | Epoch 1 - Batch 139 - Loss 0.145433
2026-06-18 18:10:40 | Epoch 1 - Batch 140 - Loss 0.145272
2026-06-18 18:10:40 | Epoch 1 - Batch 141 - Loss 0.139183
2026-06-18 18:10:41 | Epoch 1 - Batch 142 - Loss 0.142760
2026-06-18 18:10:42 | Epoch 1 - Batch 143 - Loss 0.150835
2026-06-18 18:10:42 | Epoch 1 - Batch 144 - Loss 0.142981
2026-06-18 18:10:43 | Epoch 1 - Batch 145 - Loss 0.133123
2026-06-18 18:10:44 | Epoch 1 - Batch 146 - Loss 0.135339
2026-06-18 18:10:44 | Epoch 1 - Batch 147 - Loss 0.133447
2026-06-18 18:10:45 | Epoch 1 - Batch 148 - Loss 0.146209
2026-06-18 18:10:45 | Epoch 1 - Batch 149 - Loss 0.152550
2026-06-18 18:10:46 | Epoch 1 - Batch 150 - Loss 0.148277
2026-06-18 18:10:47 | Epoch 1 - Batch 151 - Loss 0.153995
2026-06-18 18:10:47 | Epoch 1 - Batch 152 - Loss 0.128979
2026-06-18 18:10:48 | Epoch 1 - Batch 153 - Loss 0.151049
2026-06-18 18:10:48 | Epoch 1 - Batch 154 - Loss 0.133350
2026-06-18 18:10:49 | Epoch 1 - Batch 155 - Loss 0.142429
2026-06-18 18:10:50 | Epoch 1 - Batch 156 - Loss 0.136132
2026-06-18 18:10:50 | Epoch 1 - Batch 157 - Loss 0.129122
2026-06-18 18:10:51 | Epoch 1 - Batch 158 - Loss 0.141655
2026-06-18 18:10:51 | Epoch 1 - Batch 159 - Loss 0.128830
2026-06-18 18:10:52 | Epoch 1 - Batch 160 - Loss 0.140864
2026-06-18 18:10:53 | Epoch 1 - Batch 161 - Loss 0.142336
2026-06-18 18:10:53 | Epoch 1 - Batch 162 - Loss 0.131058
2026-06-18 18:10:54 | Epoch 1 - Batch 163 - Loss 0.145495
2026-06-18 18:10:54 | Epoch 1 - Batch 164 - Loss 0.145988
2026-06-18 18:10:55 | Epoch 1 - Batch 165 - Loss 0.146999
2026-06-18 18:10:56 | Epoch 1 - Batch 166 - Loss 0.127585
2026-06-18 18:10:56 | Epoch 1 - Batch 167 - Loss 0.163431
2026-06-18 18:10:57 | Epoch 1 - Batch 168 - Loss 0.141103
2026-06-18 18:10:58 | Epoch 1 - Batch 169 - Loss 0.141074
2026-06-18 18:10:58 | Epoch 1 - Batch 170 - Loss 0.130982
2026-06-18 18:10:59 | Epoch 1 - Batch 171 - Loss 0.140658
2026-06-18 18:10:59 | Epoch 1 - Batch 172 - Loss 0.144637
2026-06-18 18:11:00 | Epoch 1 - Batch 173 - Loss 0.139808
2026-06-18 18:11:01 | Epoch 1 - Batch 174 - Loss 0.139442
2026-06-18 18:11:01 | Epoch 1 - Batch 175 - Loss 0.133696
2026-06-18 18:11:02 | Epoch 1 - Batch 176 - Loss 0.148240
2026-06-18 18:11:02 | Epoch 1 - Batch 177 - Loss 0.145265
2026-06-18 18:11:03 | Epoch 1 - Batch 178 - Loss 0.142811
2026-06-18 18:11:04 | Epoch 1 - Batch 179 - Loss 0.127314
2026-06-18 18:11:04 | Epoch 1 - Batch 180 - Loss 0.126280
2026-06-18 18:11:05 | Epoch 1 - Batch 181 - Loss 0.128804
2026-06-18 18:11:05 | Epoch 1 - Batch 182 - Loss 0.129861
2026-06-18 18:11:06 | Epoch 1 - Batch 183 - Loss 0.160595
2026-06-18 18:11:07 | Epoch 1 - Batch 184 - Loss 0.116989
2026-06-18 18:11:07 | Epoch 1 - Batch 185 - Loss 0.143253
2026-06-18 18:11:08 | Epoch 1 - Batch 186 - Loss 0.128458
2026-06-18 18:11:08 | Epoch 1 - Batch 187 - Loss 0.125858
2026-06-18 18:11:09 | Epoch 1 - Batch 188 - Loss 0.145569
2026-06-18 18:11:09 | Epoch 1 - Batch 189 - Loss 0.136087
2026-06-18 18:11:10 | Epoch 1 - Batch 190 - Loss 0.134778
2026-06-18 18:11:10 | Epoch 1 - Batch 191 - Loss 0.125882
2026-06-18 18:11:11 | Epoch 1 - Batch 192 - Loss 0.125060
2026-06-18 18:11:12 | Epoch 1 - Batch 193 - Loss 0.126827
2026-06-18 18:11:12 | Epoch 1 - Batch 194 - Loss 0.121886
2026-06-18 18:11:13 | Epoch 1 - Batch 195 - Loss 0.147445
2026-06-18 18:11:13 | Epoch 1 - Batch 196 - Loss 0.126858
2026-06-18 18:11:14 | Epoch 1 - Batch 197 - Loss 0.121185
2026-06-18 18:11:15 | Epoch 1 - Batch 198 - Loss 0.148167
2026-06-18 18:11:15 | Epoch 1 - Batch 199 - Loss 0.118160
2026-06-18 18:11:16 | Epoch 1 - Batch 200 - Loss 0.130817
2026-06-18 18:11:17 | Epoch 1 - Batch 201 - Loss 0.118871
2026-06-18 18:11:17 | Epoch 1 - Batch 202 - Loss 0.131067
2026-06-18 18:11:18 | Epoch 1 - Batch 203 - Loss 0.128830
2026-06-18 18:11:18 | Epoch 1 - Batch 204 - Loss 0.118001
2026-06-18 18:11:19 | Epoch 1 - Batch 205 - Loss 0.135038
2026-06-18 18:11:19 | Epoch 1 - Batch 206 - Loss 0.137497
2026-06-18 18:11:20 | Epoch 1 - Batch 207 - Loss 0.129881
2026-06-18 18:11:21 | Epoch 1 - Batch 208 - Loss 0.125173
2026-06-18 18:11:21 | Epoch 1 - Batch 209 - Loss 0.131458
2026-06-18 18:11:22 | Epoch 1 - Batch 210 - Loss 0.128099
2026-06-18 18:11:22 | Epoch 1 - Batch 211 - Loss 0.135230
2026-06-18 18:11:23 | Epoch 1 - Batch 212 - Loss 0.118559
2026-06-18 18:11:24 | Epoch 1 - Batch 213 - Loss 0.141258
2026-06-18 18:11:24 | Epoch 1 - Batch 214 - Loss 0.114003
2026-06-18 18:11:25 | Epoch 1 - Batch 215 - Loss 0.128870
2026-06-18 18:11:25 | Epoch 1 - Batch 216 - Loss 0.142625
2026-06-18 18:11:26 | Epoch 1 - Batch 217 - Loss 0.123011
2026-06-18 18:11:27 | Epoch 1 - Batch 218 - Loss 0.133426
2026-06-18 18:11:27 | Epoch 1 - Batch 219 - Loss 0.120257
2026-06-18 18:11:28 | Epoch 1 - Batch 220 - Loss 0.124483
2026-06-18 18:11:28 | Epoch 1 - Batch 221 - Loss 0.146227
2026-06-18 18:11:29 | Epoch 1 - Batch 222 - Loss 0.138794
2026-06-18 18:11:30 | Epoch 1 - Batch 223 - Loss 0.128832
2026-06-18 18:11:30 | Epoch 1 - Batch 224 - Loss 0.120236
2026-06-18 18:11:31 | Epoch 1 - Batch 225 - Loss 0.139143
2026-06-18 18:11:31 | Epoch 1 - Batch 226 - Loss 0.125981
2026-06-18 18:11:32 | Epoch 1 - Batch 227 - Loss 0.118007
2026-06-18 18:11:32 | Epoch 1 - Batch 228 - Loss 0.126760
2026-06-18 18:11:33 | Epoch 1 - Batch 229 - Loss 0.114380
2026-06-18 18:11:34 | Epoch 1 - Batch 230 - Loss 0.125725
2026-06-18 18:11:34 | Epoch 1 - Batch 231 - Loss 0.117273
2026-06-18 18:11:35 | Epoch 1 - Batch 232 - Loss 0.118798
2026-06-18 18:11:35 | Epoch 1 - Batch 233 - Loss 0.131782
2026-06-18 18:11:36 | Epoch 1 - Batch 234 - Loss 0.131668
2026-06-18 18:11:36 | Epoch 1 - Batch 235 - Loss 0.119649
2026-06-18 18:11:37 | Epoch 1 - Batch 236 - Loss 0.114170
2026-06-18 18:11:38 | Epoch 1 - Batch 237 - Loss 0.119203
2026-06-18 18:11:38 | Epoch 1 - Batch 238 - Loss 0.128450
2026-06-18 18:11:39 | Epoch 1 - Batch 239 - Loss 0.152568
2026-06-18 18:11:39 | Epoch 1 - Batch 240 - Loss 0.119957
2026-06-18 18:11:40 | Epoch 1 - Batch 241 - Loss 0.126174
2026-06-18 18:11:41 | Epoch 1 - Batch 242 - Loss 0.130826
2026-06-18 18:11:41 | Epoch 1 - Batch 243 - Loss 0.120835
2026-06-18 18:11:42 | Epoch 1 - Batch 244 - Loss 0.109500
2026-06-18 18:11:42 | Epoch 1 - Batch 245 - Loss 0.118780
2026-06-18 18:11:43 | Epoch 1 - Batch 246 - Loss 0.126012
2026-06-18 18:11:44 | Epoch 1 - Batch 247 - Loss 0.117797
2026-06-18 18:11:44 | Epoch 1 - Batch 248 - Loss 0.114354
2026-06-18 18:11:45 | Epoch 1 - Batch 249 - Loss 0.113918
2026-06-18 18:11:45 | Epoch 1 - Batch 250 - Loss 0.129343
2026-06-18 18:11:46 | Epoch 1 - Batch 251 - Loss 0.113134
2026-06-18 18:11:47 | Epoch 1 - Batch 252 - Loss 0.111377
2026-06-18 18:11:47 | Epoch 1 - Batch 253 - Loss 0.112374
2026-06-18 18:11:48 | Epoch 1 - Batch 254 - Loss 0.113188
2026-06-18 18:11:48 | Epoch 1 - Batch 255 - Loss 0.129013
2026-06-18 18:11:49 | Epoch 1 - Batch 256 - Loss 0.127418
2026-06-18 18:11:50 | Epoch 1 - Batch 257 - Loss 0.112754
2026-06-18 18:11:50 | Epoch 1 - Batch 258 - Loss 0.101856
2026-06-18 18:11:51 | Epoch 1 - Batch 259 - Loss 0.115002
2026-06-18 18:11:51 | Epoch 1 - Batch 260 - Loss 0.113233
2026-06-18 18:11:52 | Epoch 1 - Batch 261 - Loss 0.115461
2026-06-18 18:11:52 | Epoch 1 - Batch 262 - Loss 0.115751
2026-06-18 18:11:53 | Epoch 1 - Batch 263 - Loss 0.115338
2026-06-18 18:11:54 | Epoch 1 - Batch 264 - Loss 0.109214
2026-06-18 18:11:54 | Epoch 1 - Batch 265 - Loss 0.107209
2026-06-18 18:11:55 | Epoch 1 - Batch 266 - Loss 0.113220
2026-06-18 18:11:55 | Epoch 1 - Batch 267 - Loss 0.117385
2026-06-18 18:11:56 | Epoch 1 - Batch 268 - Loss 0.117076
2026-06-18 18:11:57 | Epoch 1 - Batch 269 - Loss 0.113075
2026-06-18 18:11:57 | Epoch 1 - Batch 270 - Loss 0.121016
2026-06-18 18:11:58 | Epoch 1 - Batch 271 - Loss 0.112612
2026-06-18 18:11:58 | Epoch 1 - Batch 272 - Loss 0.116901
2026-06-18 18:11:59 | Epoch 1 - Batch 273 - Loss 0.119492
2026-06-18 18:12:00 | Epoch 1 - Batch 274 - Loss 0.119833
2026-06-18 18:12:00 | Epoch 1 - Batch 275 - Loss 0.127834
2026-06-18 18:12:01 | Epoch 1 - Batch 276 - Loss 0.117809
2026-06-18 18:12:01 | Epoch 1 - Batch 277 - Loss 0.125113
2026-06-18 18:12:02 | Epoch 1 - Batch 278 - Loss 0.124891
2026-06-18 18:12:03 | Epoch 1 - Batch 279 - Loss 0.118469
2026-06-18 18:12:03 | Epoch 1 - Batch 280 - Loss 0.120442
2026-06-18 18:12:04 | Epoch 1 - Batch 281 - Loss 0.113610
2026-06-18 18:12:04 | Epoch 1 - Batch 282 - Loss 0.121497
2026-06-18 18:12:05 | Epoch 1 - Batch 283 - Loss 0.111616
2026-06-18 18:12:06 | Epoch 1 - Batch 284 - Loss 0.123974
2026-06-18 18:12:06 | Epoch 1 - Batch 285 - Loss 0.117395
2026-06-18 18:12:07 | Epoch 1 - Batch 286 - Loss 0.107337
2026-06-18 18:12:07 | Epoch 1 - Batch 287 - Loss 0.129089
2026-06-18 18:12:08 | Epoch 1 - Batch 288 - Loss 0.105079
2026-06-18 18:12:09 | Epoch 1 - Batch 289 - Loss 0.104847
2026-06-18 18:12:09 | Epoch 1 - Batch 290 - Loss 0.103036
2026-06-18 18:12:10 | Epoch 1 - Batch 291 - Loss 0.111501
2026-06-18 18:12:10 | Epoch 1 - Batch 292 - Loss 0.112491
2026-06-18 18:12:11 | Epoch 1 - Batch 293 - Loss 0.109994
2026-06-18 18:12:11 | Epoch 1 - Batch 294 - Loss 0.123897
2026-06-18 18:12:12 | Epoch 1 - Batch 295 - Loss 0.098688
2026-06-18 18:12:13 | Epoch 1 - Batch 296 - Loss 0.123100
2026-06-18 18:12:13 | Epoch 1 - Batch 297 - Loss 0.131715
2026-06-18 18:12:14 | Epoch 1 - Batch 298 - Loss 0.110242
2026-06-18 18:12:14 | Epoch 1 - Batch 299 - Loss 0.114454
2026-06-18 18:12:15 | Epoch 1 - Batch 300 - Loss 0.111637
2026-06-18 18:12:16 | Epoch 1 - Batch 301 - Loss 0.108857
2026-06-18 18:12:16 | Epoch 1 - Batch 302 - Loss 0.116049
2026-06-18 18:12:17 | Epoch 1 - Batch 303 - Loss 0.117387
2026-06-18 18:12:17 | Epoch 1 - Batch 304 - Loss 0.121036
2026-06-18 18:12:18 | Epoch 1 - Batch 305 - Loss 0.103367
2026-06-18 18:12:19 | Epoch 1 - Batch 306 - Loss 0.099259
2026-06-18 18:12:19 | Epoch 1 - Batch 307 - Loss 0.120028
2026-06-18 18:12:20 | Epoch 1 - Batch 308 - Loss 0.107682
2026-06-18 18:12:20 | Epoch 1 - Batch 309 - Loss 0.112366
2026-06-18 18:12:21 | Epoch 1 - Batch 310 - Loss 0.107045
2026-06-18 18:12:21 | Epoch 1 - Batch 311 - Loss 0.120506
2026-06-18 18:12:22 | Epoch 1 - Batch 312 - Loss 0.123188
2026-06-18 18:12:22 | Epoch 1 - Batch 313 - Loss 0.120053
2026-06-18 18:12:23 | Epoch 1 - Batch 314 - Loss 0.111485
2026-06-18 18:12:24 | Epoch 1 - Batch 315 - Loss 0.124680
2026-06-18 18:12:24 | Epoch 1 - Batch 316 - Loss 0.128585
2026-06-18 18:12:25 | Epoch 1 - Batch 317 - Loss 0.115023
2026-06-18 18:12:25 | Epoch 1 - Batch 318 - Loss 0.110648
2026-06-18 18:12:26 | Epoch 1 - Batch 319 - Loss 0.110610
2026-06-18 18:12:26 | Epoch 1 - Batch 320 - Loss 0.111994
2026-06-18 18:12:27 | Epoch 1 - Batch 321 - Loss 0.114275
2026-06-18 18:12:28 | Epoch 1 - Batch 322 - Loss 0.119903
2026-06-18 18:12:28 | Epoch 1 - Batch 323 - Loss 0.124036
2026-06-18 18:12:29 | Epoch 1 - Batch 324 - Loss 0.120471
2026-06-18 18:12:29 | Epoch 1 - Batch 325 - Loss 0.120496
2026-06-18 18:12:30 | Epoch 1 - Batch 326 - Loss 0.110007
2026-06-18 18:12:31 | Epoch 1 - Batch 327 - Loss 0.109813
2026-06-18 18:12:31 | Epoch 1 - Batch 328 - Loss 0.108814
2026-06-18 18:12:32 | Epoch 1 - Batch 329 - Loss 0.125686
2026-06-18 18:12:32 | Epoch 1 - Batch 330 - Loss 0.114835
2026-06-18 18:12:33 | Epoch 1 - Batch 331 - Loss 0.120112
2026-06-18 18:12:33 | Epoch 1 - Batch 332 - Loss 0.119588
2026-06-18 18:12:34 | Epoch 1 - Batch 333 - Loss 0.106526
2026-06-18 18:12:35 | Epoch 1 - Batch 334 - Loss 0.112861
2026-06-18 18:12:35 | Epoch 1 - Batch 335 - Loss 0.133351
2026-06-18 18:12:36 | Epoch 1 - Batch 336 - Loss 0.111620
2026-06-18 18:12:36 | Epoch 1 - Batch 337 - Loss 0.100535
2026-06-18 18:12:37 | Epoch 1 - Batch 338 - Loss 0.114602
2026-06-18 18:12:37 | Epoch 1 - Batch 339 - Loss 0.113395
2026-06-18 18:12:38 | Epoch 1 - Batch 340 - Loss 0.103560
2026-06-18 18:12:39 | Epoch 1 - Batch 341 - Loss 0.115376
2026-06-18 18:12:39 | Epoch 1 - Batch 342 - Loss 0.107210
2026-06-18 18:12:40 | Epoch 1 - Batch 343 - Loss 0.117377
2026-06-18 18:12:40 | Epoch 1 - Batch 344 - Loss 0.106895
2026-06-18 18:12:41 | Epoch 1 - Batch 345 - Loss 0.113941
2026-06-18 18:12:42 | Epoch 1 - Batch 346 - Loss 0.108494
2026-06-18 18:12:42 | Epoch 1 - Batch 347 - Loss 0.105862
2026-06-18 18:12:43 | Epoch 1 - Batch 348 - Loss 0.105113
2026-06-18 18:12:43 | Epoch 1 - Batch 349 - Loss 0.122919
2026-06-18 18:12:44 | Epoch 1 - Batch 350 - Loss 0.116565
2026-06-18 18:12:45 | Epoch 1 - Batch 351 - Loss 0.116167
2026-06-18 18:12:45 | Epoch 1 - Batch 352 - Loss 0.111472
2026-06-18 18:12:46 | Epoch 1 - Batch 353 - Loss 0.104835
2026-06-18 18:12:47 | Epoch 1 - Batch 354 - Loss 0.105935
2026-06-18 18:12:47 | Epoch 1 - Batch 355 - Loss 0.100714
2026-06-18 18:12:48 | Epoch 1 - Batch 356 - Loss 0.102830
2026-06-18 18:12:48 | Epoch 1 - Batch 357 - Loss 0.100628
2026-06-18 18:12:49 | Epoch 1 - Batch 358 - Loss 0.110258
2026-06-18 18:12:49 | Epoch 1 - Batch 359 - Loss 0.099857
2026-06-18 18:12:50 | Epoch 1 - Batch 360 - Loss 0.127229
2026-06-18 18:12:50 | Epoch 1 - Batch 361 - Loss 0.110765
2026-06-18 18:12:51 | Epoch 1 - Batch 362 - Loss 0.097640
2026-06-18 18:12:52 | Epoch 1 - Batch 363 - Loss 0.108076
2026-06-18 18:12:52 | Epoch 1 - Batch 364 - Loss 0.118441
2026-06-18 18:12:53 | Epoch 1 - Batch 365 - Loss 0.110536
2026-06-18 18:12:53 | Epoch 1 - Batch 366 - Loss 0.115495
2026-06-18 18:12:54 | Epoch 1 - Batch 367 - Loss 0.115923
2026-06-18 18:12:54 | Epoch 1 - Batch 368 - Loss 0.105698
2026-06-18 18:12:55 | Epoch 1 - Batch 369 - Loss 0.119558
2026-06-18 18:12:56 | Epoch 1 - Batch 370 - Loss 0.104668
2026-06-18 18:12:56 | Epoch 1 - Batch 371 - Loss 0.125205
2026-06-18 18:12:57 | Epoch 1 - Batch 372 - Loss 0.102132
2026-06-18 18:12:57 | Epoch 1 - Batch 373 - Loss 0.103991
2026-06-18 18:12:58 | Epoch 1 - Batch 374 - Loss 0.113204
2026-06-18 18:12:58 | Epoch 1 - Batch 375 - Loss 0.113122
2026-06-18 18:12:59 | Epoch 1 - Batch 376 - Loss 0.102750
2026-06-18 18:13:00 | Epoch 1 - Batch 377 - Loss 0.111945
2026-06-18 18:13:00 | Epoch 1 - Batch 378 - Loss 0.106138
2026-06-18 18:13:01 | Epoch 1 - Batch 379 - Loss 0.108341
2026-06-18 18:13:01 | Epoch 1 - Batch 380 - Loss 0.105087
2026-06-18 18:13:02 | Epoch 1 - Batch 381 - Loss 0.112667
2026-06-18 18:13:03 | Epoch 1 - Batch 382 - Loss 0.113471
2026-06-18 18:13:03 | Epoch 1 - Batch 383 - Loss 0.121269
2026-06-18 18:13:04 | Epoch 1 - Batch 384 - Loss 0.108471
2026-06-18 18:13:04 | Epoch 1 - Batch 385 - Loss 0.108822
2026-06-18 18:13:05 | Epoch 1 - Batch 386 - Loss 0.094825
2026-06-18 18:13:05 | Epoch 1 - Batch 387 - Loss 0.124697
2026-06-18 18:13:06 | Epoch 1 - Batch 388 - Loss 0.105556
2026-06-18 18:13:06 | Epoch 1 - Batch 389 - Loss 0.106636
2026-06-18 18:13:07 | Epoch 1 - Batch 390 - Loss 0.101538
2026-06-18 18:13:07 | Epoch 1 - Batch 391 - Loss 0.102641
2026-06-18 18:13:08 | Epoch 1 - Batch 392 - Loss 0.104967
2026-06-18 18:13:09 | Epoch 1 - Batch 393 - Loss 0.120297
2026-06-18 18:13:09 | Epoch 1 - Batch 394 - Loss 0.104744
2026-06-18 18:13:10 | Epoch 1 - Batch 395 - Loss 0.112829
2026-06-18 18:13:10 | Epoch 1 - Batch 396 - Loss 0.108606
2026-06-18 18:13:11 | Epoch 1 - Batch 397 - Loss 0.117341
2026-06-18 18:13:11 | Epoch 1 - Batch 398 - Loss 0.099122
2026-06-18 18:13:12 | Epoch 1 - Batch 399 - Loss 0.112370
2026-06-18 18:13:12 | Epoch 1 - Batch 400 - Loss 0.106553
2026-06-18 18:13:13 | Epoch 1 - Batch 401 - Loss 0.093159
2026-06-18 18:13:14 | Epoch 1 - Batch 402 - Loss 0.098053
2026-06-18 18:13:14 | Epoch 1 - Batch 403 - Loss 0.118135
2026-06-18 18:13:15 | Epoch 1 - Batch 404 - Loss 0.108887
2026-06-18 18:13:15 | Epoch 1 - Batch 405 - Loss 0.113599
2026-06-18 18:13:16 | Epoch 1 - Batch 406 - Loss 0.109508
2026-06-18 18:13:16 | Epoch 1 - Batch 407 - Loss 0.101774
2026-06-18 18:13:17 | Epoch 1 - Batch 408 - Loss 0.101382
2026-06-18 18:13:17 | Epoch 1 - Batch 409 - Loss 0.104282
2026-06-18 18:13:18 | Epoch 1 - Batch 410 - Loss 0.109274
2026-06-18 18:13:19 | Epoch 1 - Batch 411 - Loss 0.110954
2026-06-18 18:13:19 | Epoch 1 - Batch 412 - Loss 0.100929
2026-06-18 18:13:20 | Epoch 1 - Batch 413 - Loss 0.120491
2026-06-18 18:13:20 | Epoch 1 - Batch 414 - Loss 0.096731
2026-06-18 18:13:21 | Epoch 1 - Batch 415 - Loss 0.098548
2026-06-18 18:13:21 | Epoch 1 - Batch 416 - Loss 0.101768
2026-06-18 18:13:22 | Epoch 1 - Batch 417 - Loss 0.109421
2026-06-18 18:13:22 | Epoch 1 - Batch 418 - Loss 0.098955
2026-06-18 18:13:23 | Epoch 1 - Batch 419 - Loss 0.105721
2026-06-18 18:13:23 | Epoch 1 - Batch 420 - Loss 0.104612
2026-06-18 18:13:24 | Epoch 1 - Batch 421 - Loss 0.099212
2026-06-18 18:13:25 | Epoch 1 - Batch 422 - Loss 0.098975
2026-06-18 18:13:25 | Epoch 1 - Batch 423 - Loss 0.115220
2026-06-18 18:13:26 | Epoch 1 - Batch 424 - Loss 0.110917
2026-06-18 18:13:26 | Epoch 1 - Batch 425 - Loss 0.098864
2026-06-18 18:13:27 | Epoch 1 - Batch 426 - Loss 0.107794
2026-06-18 18:13:27 | Epoch 1 - Batch 427 - Loss 0.103092
2026-06-18 18:13:28 | Epoch 1 - Batch 428 - Loss 0.094060
2026-06-18 18:13:29 | Epoch 1 - Batch 429 - Loss 0.093998
2026-06-18 18:13:29 | Epoch 1 - Batch 430 - Loss 0.114810
2026-06-18 18:13:30 | Epoch 1 - Batch 431 - Loss 0.096942
2026-06-18 18:13:30 | Epoch 1 - Batch 432 - Loss 0.102491
2026-06-18 18:13:31 | Epoch 1 - Batch 433 - Loss 0.101116
2026-06-18 18:13:31 | Epoch 1 - Batch 434 - Loss 0.105424
2026-06-18 18:13:32 | Epoch 1 - Batch 435 - Loss 0.108426
2026-06-18 18:13:32 | Epoch 1 - Batch 436 - Loss 0.096637
2026-06-18 18:13:33 | Epoch 1 - Batch 437 - Loss 0.118505
2026-06-18 18:13:33 | Epoch 1 - Batch 438 - Loss 0.101109
2026-06-18 18:13:34 | Epoch 1 - Batch 439 - Loss 0.126750
2026-06-18 18:13:35 | Epoch 1 - Batch 440 - Loss 0.097759
2026-06-18 18:13:35 | Epoch 1 - Batch 441 - Loss 0.100464
2026-06-18 18:13:36 | Epoch 1 - Batch 442 - Loss 0.111770
2026-06-18 18:13:36 | Epoch 1 - Batch 443 - Loss 0.105912
2026-06-18 18:13:37 | Epoch 1 - Batch 444 - Loss 0.106466
2026-06-18 18:13:37 | Epoch 1 - Batch 445 - Loss 0.104304
2026-06-18 18:13:38 | Epoch 1 - Batch 446 - Loss 0.108584
2026-06-18 18:13:39 | Epoch 1 - Batch 447 - Loss 0.099700
2026-06-18 18:13:39 | Epoch 1 - Batch 448 - Loss 0.104481
2026-06-18 18:13:40 | Epoch 1 - Batch 449 - Loss 0.107765
2026-06-18 18:13:40 | Epoch 1 - Batch 450 - Loss 0.102044
2026-06-18 18:13:41 | Epoch 1 - Batch 451 - Loss 0.095953
2026-06-18 18:13:41 | Epoch 1 - Batch 452 - Loss 0.102640
2026-06-18 18:13:42 | Epoch 1 - Batch 453 - Loss 0.110223
2026-06-18 18:13:42 | Epoch 1 - Batch 454 - Loss 0.108342
2026-06-18 18:13:43 | Epoch 1 - Batch 455 - Loss 0.106660
2026-06-18 18:13:44 | Epoch 1 - Batch 456 - Loss 0.088356
2026-06-18 18:13:44 | Epoch 1 - Batch 457 - Loss 0.098307
2026-06-18 18:13:45 | Epoch 1 - Batch 458 - Loss 0.097988
2026-06-18 18:13:45 | Epoch 1 - Batch 459 - Loss 0.106034
2026-06-18 18:13:46 | Epoch 1 - Batch 460 - Loss 0.108831
2026-06-18 18:13:46 | Epoch 1 - Batch 461 - Loss 0.096331
2026-06-18 18:13:47 | Epoch 1 - Batch 462 - Loss 0.097380
2026-06-18 18:13:47 | Epoch 1 - Batch 463 - Loss 0.109106
2026-06-18 18:13:48 | Epoch 1 - Batch 464 - Loss 0.099863
2026-06-18 18:13:48 | Epoch 1 - Batch 465 - Loss 0.093487
2026-06-18 18:13:49 | Epoch 1 - Batch 466 - Loss 0.102221
2026-06-18 18:13:50 | Epoch 1 - Batch 467 - Loss 0.106139
2026-06-18 18:13:50 | Epoch 1 - Batch 468 - Loss 0.091840
2026-06-18 18:13:51 | Epoch 1 - Batch 469 - Loss 0.110397
2026-06-18 18:13:51 | Epoch 1 - Batch 470 - Loss 0.111132
2026-06-18 18:13:52 | Epoch 1 - Batch 471 - Loss 0.093522
2026-06-18 18:13:52 | Epoch 1 - Batch 472 - Loss 0.103646
2026-06-18 18:13:53 | Epoch 1 - Batch 473 - Loss 0.101481
2026-06-18 18:13:53 | Epoch 1 - Batch 474 - Loss 0.095740
2026-06-18 18:13:54 | Epoch 1 - Batch 475 - Loss 0.103399
2026-06-18 18:13:54 | Epoch 1 - Batch 476 - Loss 0.099855
2026-06-18 18:13:55 | Epoch 1 - Batch 477 - Loss 0.112742
2026-06-18 18:13:55 | Epoch 1 - Batch 478 - Loss 0.101055
2026-06-18 18:13:56 | Epoch 1 - Batch 479 - Loss 0.106319
2026-06-18 18:13:57 | Epoch 1 - Batch 480 - Loss 0.096103
2026-06-18 18:13:57 | Epoch 1 - Batch 481 - Loss 0.109203
2026-06-18 18:13:58 | Epoch 1 - Batch 482 - Loss 0.091032
2026-06-18 18:13:58 | Epoch 1 - Batch 483 - Loss 0.108301
2026-06-18 18:13:59 | Epoch 1 - Batch 484 - Loss 0.092947
2026-06-18 18:13:59 | Epoch 1 - Batch 485 - Loss 0.105823
2026-06-18 18:14:01 | Epoch 1 - Batch 486 - Loss 0.097084
2026-06-18 18:14:01 | Epoch 1 - Batch 487 - Loss 0.097445
2026-06-18 18:14:02 | Epoch 1 - Batch 488 - Loss 0.102633
2026-06-18 18:14:02 | Epoch 1 - Batch 489 - Loss 0.095124
2026-06-18 18:14:03 | Epoch 1 - Batch 490 - Loss 0.094696
2026-06-18 18:14:04 | Epoch 1 - Batch 491 - Loss 0.104351
2026-06-18 18:14:04 | Epoch 1 - Batch 492 - Loss 0.098841
2026-06-18 18:14:05 | Epoch 1 - Batch 493 - Loss 0.108053
2026-06-18 18:14:05 | Epoch 1 - Batch 494 - Loss 0.100151
2026-06-18 18:14:06 | Epoch 1 - Batch 495 - Loss 0.097682
2026-06-18 18:14:06 | Epoch 1 - Batch 496 - Loss 0.100381
2026-06-18 18:14:07 | Epoch 1 - Batch 497 - Loss 0.099387
2026-06-18 18:14:07 | Epoch 1 - Batch 498 - Loss 0.108371
2026-06-18 18:14:08 | Epoch 1 - Batch 499 - Loss 0.102800
2026-06-18 18:14:09 | Epoch 1 - Batch 500 - Loss 0.096145
2026-06-18 18:14:09 | Epoch 1 - Batch 501 - Loss 0.104006
2026-06-18 18:14:10 | Epoch 1 - Batch 502 - Loss 0.105637
2026-06-18 18:14:10 | Epoch 1 - Batch 503 - Loss 0.108794
2026-06-18 18:14:11 | Epoch 1 - Batch 504 - Loss 0.099774
2026-06-18 18:14:11 | Epoch 1 - Batch 505 - Loss 0.096875
2026-06-18 18:14:12 | Epoch 1 - Batch 506 - Loss 0.101249
2026-06-18 18:14:12 | Epoch 1 - Batch 507 - Loss 0.096645
2026-06-18 18:14:13 | Epoch 1 - Batch 508 - Loss 0.092163
2026-06-18 18:14:13 | Epoch 1 - Batch 509 - Loss 0.090974
2026-06-18 18:14:14 | Epoch 1 - Batch 510 - Loss 0.106690
2026-06-18 18:14:15 | Epoch 1 - Batch 511 - Loss 0.099601
2026-06-18 18:14:15 | Epoch 1 - Batch 512 - Loss 0.094742
2026-06-18 18:14:16 | Epoch 1 - Batch 513 - Loss 0.090064
2026-06-18 18:14:16 | Epoch 1 - Batch 514 - Loss 0.095190
2026-06-18 18:14:17 | Epoch 1 - Batch 515 - Loss 0.107526
2026-06-18 18:14:17 | Epoch 1 - Batch 516 - Loss 0.105662
2026-06-18 18:14:18 | Epoch 1 - Batch 517 - Loss 0.090725
2026-06-18 18:14:18 | Epoch 1 - Batch 518 - Loss 0.103385
2026-06-18 18:14:19 | Epoch 1 - Batch 519 - Loss 0.103889
2026-06-18 18:14:20 | Epoch 1 - Batch 520 - Loss 0.092325
2026-06-18 18:14:20 | Epoch 1 - Batch 521 - Loss 0.109608
2026-06-18 18:14:21 | Epoch 1 - Batch 522 - Loss 0.098310
2026-06-18 18:14:21 | Epoch 1 - Batch 523 - Loss 0.105472
2026-06-18 18:14:22 | Epoch 1 - Batch 524 - Loss 0.104541
2026-06-18 18:14:22 | Epoch 1 - Batch 525 - Loss 0.101987
2026-06-18 18:14:23 | Epoch 1 - Batch 526 - Loss 0.098500
2026-06-18 18:14:24 | Epoch 1 - Batch 527 - Loss 0.091891
2026-06-18 18:14:24 | Epoch 1 - Batch 528 - Loss 0.090554
2026-06-18 18:14:25 | Epoch 1 - Batch 529 - Loss 0.094959
2026-06-18 18:14:25 | Epoch 1 - Batch 530 - Loss 0.100794
2026-06-18 18:14:26 | Epoch 1 - Batch 531 - Loss 0.102714
2026-06-18 18:14:26 | Epoch 1 - Batch 532 - Loss 0.105110
2026-06-18 18:14:27 | Epoch 1 - Batch 533 - Loss 0.094766
2026-06-18 18:14:27 | Epoch 1 - Batch 534 - Loss 0.089938
2026-06-18 18:14:28 | Epoch 1 - Batch 535 - Loss 0.096965
2026-06-18 18:14:29 | Epoch 1 - Batch 536 - Loss 0.107508
2026-06-18 18:14:29 | Epoch 1 - Batch 537 - Loss 0.090985
2026-06-18 18:14:30 | Epoch 1 - Batch 538 - Loss 0.102693
2026-06-18 18:14:30 | Epoch 1 - Batch 539 - Loss 0.094775
2026-06-18 18:14:31 | Epoch 1 - Batch 540 - Loss 0.091960
2026-06-18 18:14:31 | Epoch 1 - Batch 541 - Loss 0.092651
2026-06-18 18:14:32 | Epoch 1 - Batch 542 - Loss 0.104240
2026-06-18 18:14:32 | Epoch 1 - Batch 543 - Loss 0.098247
2026-06-18 18:14:33 | Epoch 1 - Batch 544 - Loss 0.108617
2026-06-18 18:14:33 | Epoch 1 - Batch 545 - Loss 0.101793
2026-06-18 18:14:34 | Epoch 1 - Batch 546 - Loss 0.102684
2026-06-18 18:14:34 | Epoch 1 - Batch 547 - Loss 0.091632
2026-06-18 18:14:35 | Epoch 1 - Batch 548 - Loss 0.106990
2026-06-18 18:14:35 | Epoch 1 - Batch 549 - Loss 0.106162
2026-06-18 18:14:36 | Epoch 1 - Batch 550 - Loss 0.093315
2026-06-18 18:14:36 | Epoch 1 - Batch 551 - Loss 0.099705
2026-06-18 18:14:37 | Epoch 1 - Batch 552 - Loss 0.091950
2026-06-18 18:14:37 | Epoch 1 - Batch 553 - Loss 0.090225
2026-06-18 18:14:38 | Epoch 1 - Batch 554 - Loss 0.102773
2026-06-18 18:14:39 | Epoch 1 - Batch 555 - Loss 0.086415
2026-06-18 18:14:39 | Epoch 1 - Batch 556 - Loss 0.102913
2026-06-18 18:14:40 | Epoch 1 - Batch 557 - Loss 0.090849
2026-06-18 18:14:40 | Epoch 1 - Batch 558 - Loss 0.096918
2026-06-18 18:14:41 | Epoch 1 - Batch 559 - Loss 0.099841
2026-06-18 18:14:41 | Epoch 1 - Batch 560 - Loss 0.091182
2026-06-18 18:14:42 | Epoch 1 - Batch 561 - Loss 0.095746
2026-06-18 18:14:42 | Epoch 1 - Batch 562 - Loss 0.099893
2026-06-18 18:14:43 | Epoch 1 - Batch 563 - Loss 0.100032
2026-06-18 18:14:43 | Epoch 1 - Batch 564 - Loss 0.101654
2026-06-18 18:14:44 | Epoch 1 - Batch 565 - Loss 0.091020
2026-06-18 18:14:45 | Epoch 1 - Batch 566 - Loss 0.094267
2026-06-18 18:14:45 | Epoch 1 - Batch 567 - Loss 0.098554
2026-06-18 18:14:46 | Epoch 1 - Batch 568 - Loss 0.100692
2026-06-18 18:14:46 | Epoch 1 - Batch 569 - Loss 0.093231
2026-06-18 18:14:47 | Epoch 1 - Batch 570 - Loss 0.096493
2026-06-18 18:14:47 | Epoch 1 - Batch 571 - Loss 0.097774
2026-06-18 18:14:48 | Epoch 1 - Batch 572 - Loss 0.100744
2026-06-18 18:14:48 | Epoch 1 - Batch 573 - Loss 0.098490
2026-06-18 18:14:49 | Epoch 1 - Batch 574 - Loss 0.098848
2026-06-18 18:14:49 | Epoch 1 - Batch 575 - Loss 0.111396
2026-06-18 18:14:50 | Epoch 1 - Batch 576 - Loss 0.099918
2026-06-18 18:14:51 | Epoch 1 - Batch 577 - Loss 0.094664
2026-06-18 18:14:51 | Epoch 1 - Batch 578 - Loss 0.103433
2026-06-18 18:14:52 | Epoch 1 - Batch 579 - Loss 0.085938
2026-06-18 18:14:52 | Epoch 1 - Batch 580 - Loss 0.092849
2026-06-18 18:14:53 | Epoch 1 - Batch 581 - Loss 0.102309
2026-06-18 18:14:53 | Epoch 1 - Batch 582 - Loss 0.100643
2026-06-18 18:14:54 | Epoch 1 - Batch 583 - Loss 0.108801
2026-06-18 18:14:54 | Epoch 1 - Batch 584 - Loss 0.097067
2026-06-18 18:14:55 | Epoch 1 - Batch 585 - Loss 0.096200
2026-06-18 18:14:55 | Epoch 1 - Batch 586 - Loss 0.100347
2026-06-18 18:14:56 | Epoch 1 - Batch 587 - Loss 0.094461
2026-06-18 18:14:56 | Epoch 1 - Batch 588 - Loss 0.110887
2026-06-18 18:14:57 | Epoch 1 - Batch 589 - Loss 0.096512
2026-06-18 18:14:58 | Epoch 1 - Batch 590 - Loss 0.111253
2026-06-18 18:14:58 | Epoch 1 - Batch 591 - Loss 0.092597
2026-06-18 18:14:59 | Epoch 1 - Batch 592 - Loss 0.101299
2026-06-18 18:14:59 | Epoch 1 - Batch 593 - Loss 0.092566
2026-06-18 18:15:00 | Epoch 1 - Batch 594 - Loss 0.092654
2026-06-18 18:15:00 | Epoch 1 - Batch 595 - Loss 0.096387
2026-06-18 18:15:01 | Epoch 1 - Batch 596 - Loss 0.095396
2026-06-18 18:15:01 | Epoch 1 - Batch 597 - Loss 0.091846
2026-06-18 18:15:02 | Epoch 1 - Batch 598 - Loss 0.107771
2026-06-18 18:15:02 | Epoch 1 - Batch 599 - Loss 0.097475
2026-06-18 18:15:03 | Epoch 1 - Batch 600 - Loss 0.105611
2026-06-18 18:15:03 | Epoch 1 - Batch 601 - Loss 0.106030
2026-06-18 18:15:04 | Epoch 1 - Batch 602 - Loss 0.091034
2026-06-18 18:15:04 | Epoch 1 - Batch 603 - Loss 0.085928
2026-06-18 18:15:05 | Epoch 1 - Batch 604 - Loss 0.103552
2026-06-18 18:15:05 | Epoch 1 - Batch 605 - Loss 0.102050
2026-06-18 18:15:06 | Epoch 1 - Batch 606 - Loss 0.094780
2026-06-18 18:15:07 | Epoch 1 - Batch 607 - Loss 0.101718
2026-06-18 18:15:07 | Epoch 1 - Batch 608 - Loss 0.094597
2026-06-18 18:15:08 | Epoch 1 - Batch 609 - Loss 0.095773
2026-06-18 18:15:08 | Epoch 1 - Batch 610 - Loss 0.083624
2026-06-18 18:15:09 | Epoch 1 - Batch 611 - Loss 0.096658
2026-06-18 18:15:10 | Epoch 1 - Batch 612 - Loss 0.095675
2026-06-18 18:15:10 | Epoch 1 - Batch 613 - Loss 0.094291
2026-06-18 18:15:11 | Epoch 1 - Batch 614 - Loss 0.092932
2026-06-18 18:15:11 | Epoch 1 - Batch 615 - Loss 0.096067
2026-06-18 18:15:12 | Epoch 1 - Batch 616 - Loss 0.099545
2026-06-18 18:15:12 | Epoch 1 - Batch 617 - Loss 0.095876
2026-06-18 18:15:13 | Epoch 1 - Batch 618 - Loss 0.099162
2026-06-18 18:15:13 | Epoch 1 - Batch 619 - Loss 0.100700
2026-06-18 18:15:14 | Epoch 1 - Batch 620 - Loss 0.094974
2026-06-18 18:15:14 | Epoch 1 - Batch 621 - Loss 0.102936
2026-06-18 18:15:15 | Epoch 1 - Batch 622 - Loss 0.090399
2026-06-18 18:15:15 | Epoch 1 - Batch 623 - Loss 0.080947
2026-06-18 18:15:16 | Epoch 1 - Batch 624 - Loss 0.091031
2026-06-18 18:15:16 | Epoch 1 - Batch 625 - Loss 0.097120
2026-06-18 18:15:17 | Epoch 1 - Batch 626 - Loss 0.097122
2026-06-18 18:15:17 | Epoch 1 - Batch 627 - Loss 0.095899
2026-06-18 18:15:18 | Epoch 1 - Batch 628 - Loss 0.103006
2026-06-18 18:15:18 | Epoch 1 - Batch 629 - Loss 0.094550
2026-06-18 18:15:19 | Epoch 1 - Batch 630 - Loss 0.098136
2026-06-18 18:15:19 | Epoch 1 - Batch 631 - Loss 0.087870
2026-06-18 18:15:20 | Epoch 1 - Batch 632 - Loss 0.097725
2026-06-18 18:15:21 | Epoch 1 - Batch 633 - Loss 0.108719
2026-06-18 18:15:21 | Epoch 1 - Batch 634 - Loss 0.095302
2026-06-18 18:15:22 | Epoch 1 - Batch 635 - Loss 0.108385
2026-06-18 18:15:22 | Epoch 1 - Batch 636 - Loss 0.096593
2026-06-18 18:15:23 | Epoch 1 - Batch 637 - Loss 0.086102
2026-06-18 18:15:23 | Epoch 1 - Batch 638 - Loss 0.102645
2026-06-18 18:15:24 | Epoch 1 - Batch 639 - Loss 0.093382
2026-06-18 18:15:24 | Epoch 1 - Batch 640 - Loss 0.092485
2026-06-18 18:15:25 | Epoch 1 - Batch 641 - Loss 0.086239
2026-06-18 18:15:25 | Epoch 1 - Batch 642 - Loss 0.095964
2026-06-18 18:15:26 | Epoch 1 - Batch 643 - Loss 0.088748
2026-06-18 18:15:27 | Epoch 1 - Batch 644 - Loss 0.091613
2026-06-18 18:15:27 | Epoch 1 - Batch 645 - Loss 0.102534
2026-06-18 18:15:28 | Epoch 1 - Batch 646 - Loss 0.096184
2026-06-18 18:15:28 | Epoch 1 - Batch 647 - Loss 0.091716
2026-06-18 18:15:29 | Epoch 1 - Batch 648 - Loss 0.090992
2026-06-18 18:15:29 | Epoch 1 - Batch 649 - Loss 0.096195
2026-06-18 18:15:30 | Epoch 1 - Batch 650 - Loss 0.091227
2026-06-18 18:15:30 | Epoch 1 - Batch 651 - Loss 0.093408
2026-06-18 18:15:31 | Epoch 1 - Batch 652 - Loss 0.093119
2026-06-18 18:15:31 | Epoch 1 - Batch 653 - Loss 0.087807
2026-06-18 18:15:32 | Epoch 1 - Batch 654 - Loss 0.092860
2026-06-18 18:15:32 | Epoch 1 - Batch 655 - Loss 0.110894
2026-06-18 18:15:33 | Epoch 1 - Batch 656 - Loss 0.095671
2026-06-18 18:15:33 | Epoch 1 - Batch 657 - Loss 0.100323
2026-06-18 18:15:34 | Epoch 1 - Batch 658 - Loss 0.086176
2026-06-18 18:15:34 | Epoch 1 - Batch 659 - Loss 0.097918
2026-06-18 18:15:35 | Epoch 1 - Batch 660 - Loss 0.100036
2026-06-18 18:15:35 | Epoch 1 - Batch 661 - Loss 0.106574
2026-06-18 18:15:36 | Epoch 1 - Batch 662 - Loss 0.099630
2026-06-18 18:15:36 | Epoch 1 - Batch 663 - Loss 0.085637
2026-06-18 18:15:37 | Epoch 1 - Batch 664 - Loss 0.094715
2026-06-18 18:15:37 | Epoch 1 - Batch 665 - Loss 0.092873
2026-06-18 18:15:38 | Epoch 1 - Batch 666 - Loss 0.089551
2026-06-18 18:15:39 | Epoch 1 - Batch 667 - Loss 0.100136
2026-06-18 18:15:39 | Epoch 1 - Batch 668 - Loss 0.104848
2026-06-18 18:15:40 | Epoch 1 - Batch 669 - Loss 0.099390
2026-06-18 18:15:40 | Epoch 1 - Batch 670 - Loss 0.095060
2026-06-18 18:15:41 | Epoch 1 - Batch 671 - Loss 0.091612
2026-06-18 18:15:41 | Epoch 1 - Batch 672 - Loss 0.091212
2026-06-18 18:15:42 | Epoch 1 - Batch 673 - Loss 0.089698
2026-06-18 18:15:42 | Epoch 1 - Batch 674 - Loss 0.089212
2026-06-18 18:15:43 | Epoch 1 - Batch 675 - Loss 0.087138
2026-06-18 18:15:43 | Epoch 1 - Batch 676 - Loss 0.100040
2026-06-18 18:15:44 | Epoch 1 - Batch 677 - Loss 0.092194
2026-06-18 18:15:44 | Epoch 1 - Batch 678 - Loss 0.091280
2026-06-18 18:15:45 | Epoch 1 - Batch 679 - Loss 0.097656
2026-06-18 18:15:45 | Epoch 1 - Batch 680 - Loss 0.099790
2026-06-18 18:15:46 | Epoch 1 - Batch 681 - Loss 0.091242
2026-06-18 18:15:46 | Epoch 1 - Batch 682 - Loss 0.096491
2026-06-18 18:15:47 | Epoch 1 - Batch 683 - Loss 0.090074
2026-06-18 18:15:47 | Epoch 1 - Batch 684 - Loss 0.101735
2026-06-18 18:15:48 | Epoch 1 - Batch 685 - Loss 0.089822
2026-06-18 18:15:48 | Epoch 1 - Batch 686 - Loss 0.092225
2026-06-18 18:15:49 | Epoch 1 - Batch 687 - Loss 0.093830
2026-06-18 18:15:49 | Epoch 1 - Batch 688 - Loss 0.096298
2026-06-18 18:15:50 | Epoch 1 - Batch 689 - Loss 0.085075
2026-06-18 18:15:51 | Epoch 1 - Batch 690 - Loss 0.085233
2026-06-18 18:15:51 | Epoch 1 - Batch 691 - Loss 0.091574
2026-06-18 18:15:52 | Epoch 1 - Batch 692 - Loss 0.082331
2026-06-18 18:15:52 | Epoch 1 - Batch 693 - Loss 0.080462
2026-06-18 18:15:53 | Epoch 1 - Batch 694 - Loss 0.086580
2026-06-18 18:15:53 | Epoch 1 - Batch 695 - Loss 0.102052
2026-06-18 18:15:54 | Epoch 1 - Batch 696 - Loss 0.081976
2026-06-18 18:15:54 | Epoch 1 - Batch 697 - Loss 0.087132
2026-06-18 18:15:55 | Epoch 1 - Batch 698 - Loss 0.098852
2026-06-18 18:15:55 | Epoch 1 - Batch 699 - Loss 0.096047
2026-06-18 18:15:56 | Epoch 1 - Batch 700 - Loss 0.090706
2026-06-18 18:15:56 | Epoch 1 - Batch 701 - Loss 0.074759
2026-06-18 18:15:57 | Epoch 1 - Batch 702 - Loss 0.092483
2026-06-18 18:15:57 | Epoch 1 - Batch 703 - Loss 0.094449
2026-06-18 18:15:58 | Epoch 1 - Batch 704 - Loss 0.084213
2026-06-18 18:15:58 | Epoch 1 - Batch 705 - Loss 0.093131
2026-06-18 18:15:59 | Epoch 1 - Batch 706 - Loss 0.081629
2026-06-18 18:15:59 | Epoch 1 - Batch 707 - Loss 0.098399
2026-06-18 18:16:00 | Epoch 1 - Batch 708 - Loss 0.096280
2026-06-18 18:16:01 | Epoch 1 - Batch 709 - Loss 0.090496
2026-06-18 18:16:01 | Epoch 1 - Batch 710 - Loss 0.088507
2026-06-18 18:16:02 | Epoch 1 - Batch 711 - Loss 0.090143
2026-06-18 18:16:02 | Epoch 1 - Batch 712 - Loss 0.096164
2026-06-18 18:16:03 | Epoch 1 - Batch 713 - Loss 0.086135
2026-06-18 18:16:03 | Epoch 1 - Batch 714 - Loss 0.089017
2026-06-18 18:16:04 | Epoch 1 - Batch 715 - Loss 0.094235
2026-06-18 18:16:04 | Epoch 1 - Batch 716 - Loss 0.096250
2026-06-18 18:16:05 | Epoch 1 - Batch 717 - Loss 0.090861
2026-06-18 18:16:05 | Epoch 1 - Batch 718 - Loss 0.085496
2026-06-18 18:16:06 | Epoch 1 - Batch 719 - Loss 0.087845
2026-06-18 18:16:06 | Epoch 1 - Batch 720 - Loss 0.086768
2026-06-18 18:16:07 | Epoch 1 - Batch 721 - Loss 0.096960
2026-06-18 18:16:07 | Epoch 1 - Batch 722 - Loss 0.093152
2026-06-18 18:16:08 | Epoch 1 - Batch 723 - Loss 0.091036
2026-06-18 18:16:08 | Epoch 1 - Batch 724 - Loss 0.092521
2026-06-18 18:16:09 | Epoch 1 - Batch 725 - Loss 0.092500
2026-06-18 18:16:09 | Epoch 1 - Batch 726 - Loss 0.088863
2026-06-18 18:16:10 | Epoch 1 - Batch 727 - Loss 0.092088
2026-06-18 18:16:11 | Epoch 1 - Batch 728 - Loss 0.084254
2026-06-18 18:16:11 | Epoch 1 - Batch 729 - Loss 0.103575
2026-06-18 18:16:12 | Epoch 1 - Batch 730 - Loss 0.097330
2026-06-18 18:16:12 | Epoch 1 - Batch 731 - Loss 0.088866
2026-06-18 18:16:13 | Epoch 1 - Batch 732 - Loss 0.089228
2026-06-18 18:16:13 | Epoch 1 - Batch 733 - Loss 0.093165
2026-06-18 18:16:14 | Epoch 1 - Batch 734 - Loss 0.086854
2026-06-18 18:16:14 | Epoch 1 - Batch 735 - Loss 0.090983
2026-06-18 18:16:15 | Epoch 1 - Batch 736 - Loss 0.089707
2026-06-18 18:16:15 | Epoch 1 - Batch 737 - Loss 0.094942
2026-06-18 18:16:16 | Epoch 1 - Batch 738 - Loss 0.095039
2026-06-18 18:16:16 | Epoch 1 - Batch 739 - Loss 0.090783
2026-06-18 18:16:17 | Epoch 1 - Batch 740 - Loss 0.085615
2026-06-18 18:16:17 | Epoch 1 - Batch 741 - Loss 0.098901
2026-06-18 18:16:18 | Epoch 1 - Batch 742 - Loss 0.080466
2026-06-18 18:16:18 | Epoch 1 - Batch 743 - Loss 0.085043
2026-06-18 18:16:19 | Epoch 1 - Batch 744 - Loss 0.087911
2026-06-18 18:16:19 | Epoch 1 - Batch 745 - Loss 0.084163
2026-06-18 18:16:20 | Epoch 1 - Batch 746 - Loss 0.087417
2026-06-18 18:16:20 | Epoch 1 - Batch 747 - Loss 0.087967
2026-06-18 18:16:21 | Epoch 1 - Batch 748 - Loss 0.087185
2026-06-18 18:16:21 | Epoch 1 - Batch 749 - Loss 0.086331
2026-06-18 18:16:22 | Epoch 1 - Batch 750 - Loss 0.091155
2026-06-18 18:16:22 | Epoch 1 - Batch 751 - Loss 0.097403
2026-06-18 18:16:23 | Epoch 1 - Batch 752 - Loss 0.088381
2026-06-18 18:16:23 | Epoch 1 - Batch 753 - Loss 0.097056
2026-06-18 18:16:24 | Epoch 1 - Batch 754 - Loss 0.101607
2026-06-18 18:16:24 | Epoch 1 - Batch 755 - Loss 0.096215
2026-06-18 18:16:25 | Epoch 1 - Batch 756 - Loss 0.084646
2026-06-18 18:16:25 | Epoch 1 - Batch 757 - Loss 0.085829
2026-06-18 18:16:26 | Epoch 1 - Batch 758 - Loss 0.089166
2026-06-18 18:16:26 | Epoch 1 - Batch 759 - Loss 0.095312
2026-06-18 18:16:27 | Epoch 1 - Batch 760 - Loss 0.091764
2026-06-18 18:16:27 | Epoch 1 - Batch 761 - Loss 0.087381
2026-06-18 18:16:28 | Epoch 1 - Batch 762 - Loss 0.080511
2026-06-18 18:16:29 | Epoch 1 - Batch 763 - Loss 0.083592
2026-06-18 18:16:29 | Epoch 1 - Batch 764 - Loss 0.091713
2026-06-18 18:16:29 | Epoch 1 - Batch 765 - Loss 0.085652
2026-06-18 18:16:30 | Epoch 1 - Batch 766 - Loss 0.080570
2026-06-18 18:16:30 | Epoch 1 - Batch 767 - Loss 0.101957
2026-06-18 18:16:31 | Epoch 1 - Batch 768 - Loss 0.083115
2026-06-18 18:16:32 | Epoch 1 - Batch 769 - Loss 0.088645
2026-06-18 18:16:32 | Epoch 1 - Batch 770 - Loss 0.083997
2026-06-18 18:16:33 | Epoch 1 - Batch 771 - Loss 0.089541
2026-06-18 18:16:33 | Epoch 1 - Batch 772 - Loss 0.077836
2026-06-18 18:16:34 | Epoch 1 - Batch 773 - Loss 0.095844
2026-06-18 18:16:34 | Epoch 1 - Batch 774 - Loss 0.093962
2026-06-18 18:16:35 | Epoch 1 - Batch 775 - Loss 0.092486
2026-06-18 18:16:35 | Epoch 1 - Batch 776 - Loss 0.093460
2026-06-18 18:16:36 | Epoch 1 - Batch 777 - Loss 0.094815
2026-06-18 18:16:36 | Epoch 1 - Batch 778 - Loss 0.080779
2026-06-18 18:16:37 | Epoch 1 - Batch 779 - Loss 0.088539
2026-06-18 18:16:37 | Epoch 1 - Batch 780 - Loss 0.089172
2026-06-18 18:16:38 | Epoch 1 - Batch 781 - Loss 0.081135
2026-06-18 18:16:38 | Epoch 1 - Batch 782 - Loss 0.079882
2026-06-18 18:16:39 | Epoch 1 - Batch 783 - Loss 0.090006
2026-06-18 18:16:39 | Epoch 1 - Batch 784 - Loss 0.093768
2026-06-18 18:16:40 | Epoch 1 - Batch 785 - Loss 0.094805
2026-06-18 18:16:40 | Epoch 1 - Batch 786 - Loss 0.083830
2026-06-18 18:16:41 | Epoch 1 - Batch 787 - Loss 0.090142
2026-06-18 18:16:41 | Epoch 1 - Batch 788 - Loss 0.090256
2026-06-18 18:16:42 | Epoch 1 - Batch 789 - Loss 0.094513
2026-06-18 18:16:42 | Epoch 1 - Batch 790 - Loss 0.088211
2026-06-18 18:16:43 | Epoch 1 - Batch 791 - Loss 0.083690
2026-06-18 18:16:43 | Epoch 1 - Batch 792 - Loss 0.094988
2026-06-18 18:16:44 | Epoch 1 - Batch 793 - Loss 0.089678
2026-06-18 18:16:45 | Epoch 1 - Batch 794 - Loss 0.089416
2026-06-18 18:16:45 | Epoch 1 - Batch 795 - Loss 0.089678
2026-06-18 18:16:45 | Epoch 1 - Batch 796 - Loss 0.094865
2026-06-18 18:16:46 | Epoch 1 - Batch 797 - Loss 0.072550
2026-06-18 18:16:47 | Epoch 1 - Batch 798 - Loss 0.086865
2026-06-18 18:16:47 | Epoch 1 - Batch 799 - Loss 0.092373
2026-06-18 18:16:48 | Epoch 1 - Batch 800 - Loss 0.086430
2026-06-18 18:16:48 | Epoch 1 - Batch 801 - Loss 0.093606
2026-06-18 18:16:49 | Epoch 1 - Batch 802 - Loss 0.087612
2026-06-18 18:16:49 | Epoch 1 - Batch 803 - Loss 0.091790
2026-06-18 18:16:50 | Epoch 1 - Batch 804 - Loss 0.085401
2026-06-18 18:16:50 | Epoch 1 - Batch 805 - Loss 0.088760
2026-06-18 18:16:51 | Epoch 1 - Batch 806 - Loss 0.094669
2026-06-18 18:16:51 | Epoch 1 - Batch 807 - Loss 0.087348
2026-06-18 18:16:52 | Epoch 1 - Batch 808 - Loss 0.095316
2026-06-18 18:16:52 | Epoch 1 - Batch 809 - Loss 0.082416
2026-06-18 18:16:53 | Epoch 1 - Batch 810 - Loss 0.080286
2026-06-18 18:16:53 | Epoch 1 - Batch 811 - Loss 0.088473
2026-06-18 18:16:54 | Epoch 1 - Batch 812 - Loss 0.088769
2026-06-18 18:16:54 | Epoch 1 - Batch 813 - Loss 0.086866
2026-06-18 18:16:55 | Epoch 1 - Batch 814 - Loss 0.083469
2026-06-18 18:16:55 | Epoch 1 - Batch 815 - Loss 0.086968
2026-06-18 18:16:56 | Epoch 1 - Batch 816 - Loss 0.082702
2026-06-18 18:16:56 | Epoch 1 - Batch 817 - Loss 0.090118
2026-06-18 18:16:57 | Epoch 1 - Batch 818 - Loss 0.103089
2026-06-18 18:16:57 | Epoch 1 - Batch 819 - Loss 0.086101
2026-06-18 18:16:58 | Epoch 1 - Batch 820 - Loss 0.080874
2026-06-18 18:16:58 | Epoch 1 - Batch 821 - Loss 0.091409
2026-06-18 18:16:59 | Epoch 1 - Batch 822 - Loss 0.094085
2026-06-18 18:16:59 | Epoch 1 - Batch 823 - Loss 0.082976
2026-06-18 18:17:00 | Epoch 1 - Batch 824 - Loss 0.085966
2026-06-18 18:17:00 | Epoch 1 - Batch 825 - Loss 0.091996
2026-06-18 18:17:01 | Epoch 1 - Batch 826 - Loss 0.082725
2026-06-18 18:17:01 | Epoch 1 - Batch 827 - Loss 0.088752
2026-06-18 18:17:02 | Epoch 1 - Batch 828 - Loss 0.082952
2026-06-18 18:17:02 | Epoch 1 - Batch 829 - Loss 0.082376
2026-06-18 18:17:03 | Epoch 1 - Batch 830 - Loss 0.084779
2026-06-18 18:17:03 | Epoch 1 - Batch 831 - Loss 0.091715
2026-06-18 18:17:04 | Epoch 1 - Batch 832 - Loss 0.097520
2026-06-18 18:17:04 | Epoch 1 - Batch 833 - Loss 0.092669
2026-06-18 18:17:05 | Epoch 1 - Batch 834 - Loss 0.089739
2026-06-18 18:17:05 | Epoch 1 - Batch 835 - Loss 0.087353
2026-06-18 18:17:06 | Epoch 1 - Batch 836 - Loss 0.101151
2026-06-18 18:17:06 | Epoch 1 - Batch 837 - Loss 0.081355
2026-06-18 18:17:07 | Epoch 1 - Batch 838 - Loss 0.104547
2026-06-18 18:17:08 | Epoch 1 - Batch 839 - Loss 0.083059
2026-06-18 18:17:08 | Epoch 1 - Batch 840 - Loss 0.100899
2026-06-18 18:17:09 | Epoch 1 - Batch 841 - Loss 0.085564
2026-06-18 18:17:09 | Epoch 1 - Batch 842 - Loss 0.093931
2026-06-18 18:17:10 | Epoch 1 - Batch 843 - Loss 0.091466
2026-06-18 18:17:10 | Epoch 1 - Batch 844 - Loss 0.085669
2026-06-18 18:17:11 | Epoch 1 - Batch 845 - Loss 0.088465
2026-06-18 18:17:11 | Epoch 1 - Batch 846 - Loss 0.085096
2026-06-18 18:17:12 | Epoch 1 - Batch 847 - Loss 0.083132
2026-06-18 18:17:12 | Epoch 1 - Batch 848 - Loss 0.077851
2026-06-18 18:17:13 | Epoch 1 - Batch 849 - Loss 0.090050
2026-06-18 18:17:13 | Epoch 1 - Batch 850 - Loss 0.079591
2026-06-18 18:17:14 | Epoch 1 - Batch 851 - Loss 0.084401
2026-06-18 18:17:14 | Epoch 1 - Batch 852 - Loss 0.085282
2026-06-18 18:17:15 | Epoch 1 - Batch 853 - Loss 0.089451
2026-06-18 18:17:15 | Epoch 1 - Batch 854 - Loss 0.088191
2026-06-18 18:17:16 | Epoch 1 - Batch 855 - Loss 0.102732
2026-06-18 18:17:16 | Epoch 1 - Batch 856 - Loss 0.084893
2026-06-18 18:17:17 | Epoch 1 - Batch 857 - Loss 0.087315
2026-06-18 18:17:17 | Epoch 1 - Batch 858 - Loss 0.095290
2026-06-18 18:17:18 | Epoch 1 - Batch 859 - Loss 0.084379
2026-06-18 18:17:18 | Epoch 1 - Batch 860 - Loss 0.087587
2026-06-18 18:17:19 | Epoch 1 - Batch 861 - Loss 0.090244
2026-06-18 18:17:20 | Epoch 1 - Batch 862 - Loss 0.087007
2026-06-18 18:17:20 | Epoch 1 - Batch 863 - Loss 0.090241
2026-06-18 18:17:21 | Epoch 1 - Batch 864 - Loss 0.087105
2026-06-18 18:17:21 | Epoch 1 - Batch 865 - Loss 0.080583
2026-06-18 18:17:22 | Epoch 1 - Batch 866 - Loss 0.086593
2026-06-18 18:17:22 | Epoch 1 - Batch 867 - Loss 0.083082
2026-06-18 18:17:23 | Epoch 1 - Batch 868 - Loss 0.084399
2026-06-18 18:17:23 | Epoch 1 - Batch 869 - Loss 0.084930
2026-06-18 18:17:24 | Epoch 1 - Batch 870 - Loss 0.079968
2026-06-18 18:17:24 | Epoch 1 - Batch 871 - Loss 0.093410
2026-06-18 18:17:25 | Epoch 1 - Batch 872 - Loss 0.082883
2026-06-18 18:17:25 | Epoch 1 - Batch 873 - Loss 0.080466
2026-06-18 18:17:26 | Epoch 1 - Batch 874 - Loss 0.091085
2026-06-18 18:17:26 | Epoch 1 - Batch 875 - Loss 0.087838
2026-06-18 18:17:27 | Epoch 1 - Batch 876 - Loss 0.079554
2026-06-18 18:17:27 | Epoch 1 - Batch 877 - Loss 0.085420
2026-06-18 18:17:28 | Epoch 1 - Batch 878 - Loss 0.083627
2026-06-18 18:17:28 | Epoch 1 - Batch 879 - Loss 0.083012
2026-06-18 18:17:29 | Epoch 1 - Batch 880 - Loss 0.087738
2026-06-18 18:17:29 | Epoch 1 - Batch 881 - Loss 0.082209
2026-06-18 18:17:30 | Epoch 1 - Batch 882 - Loss 0.075140
2026-06-18 18:17:31 | Epoch 1 - Batch 883 - Loss 0.088718
2026-06-18 18:17:31 | Epoch 1 - Batch 884 - Loss 0.089112
2026-06-18 18:17:32 | Epoch 1 - Batch 885 - Loss 0.080692
2026-06-18 18:17:32 | Epoch 1 - Batch 886 - Loss 0.087222
2026-06-18 18:17:33 | Epoch 1 - Batch 887 - Loss 0.094388
2026-06-18 18:17:33 | Epoch 1 - Batch 888 - Loss 0.083365
2026-06-18 18:17:34 | Epoch 1 - Batch 889 - Loss 0.093682
2026-06-18 18:17:34 | Epoch 1 - Batch 890 - Loss 0.086056
2026-06-18 18:17:35 | Epoch 1 - Batch 891 - Loss 0.078068
2026-06-18 18:17:35 | Epoch 1 - Batch 892 - Loss 0.081401
2026-06-18 18:17:36 | Epoch 1 - Batch 893 - Loss 0.084851
2026-06-18 18:17:36 | Epoch 1 - Batch 894 - Loss 0.089363
2026-06-18 18:17:37 | Epoch 1 - Batch 895 - Loss 0.087331
2026-06-18 18:17:37 | Epoch 1 - Batch 896 - Loss 0.086293
2026-06-18 18:17:38 | Epoch 1 - Batch 897 - Loss 0.085906
2026-06-18 18:17:38 | Epoch 1 - Batch 898 - Loss 0.085237
2026-06-18 18:17:39 | Epoch 1 - Batch 899 - Loss 0.078496
2026-06-18 18:17:39 | Epoch 1 - Batch 900 - Loss 0.083449
2026-06-18 18:17:40 | Epoch 1 - Batch 901 - Loss 0.087596
2026-06-18 18:17:40 | Epoch 1 - Batch 902 - Loss 0.076795
2026-06-18 18:17:41 | Epoch 1 - Batch 903 - Loss 0.086089
2026-06-18 18:17:42 | Epoch 1 - Batch 904 - Loss 0.089793
2026-06-18 18:17:42 | Epoch 1 - Batch 905 - Loss 0.079508
2026-06-18 18:17:43 | Epoch 1 - Batch 906 - Loss 0.094672
2026-06-18 18:17:43 | Epoch 1 - Batch 907 - Loss 0.093106
2026-06-18 18:17:44 | Epoch 1 - Batch 908 - Loss 0.093259
2026-06-18 18:17:44 | Epoch 1 - Batch 909 - Loss 0.100837
2026-06-18 18:17:45 | Epoch 1 - Batch 910 - Loss 0.078319
2026-06-18 18:17:45 | Epoch 1 - Batch 911 - Loss 0.081869
2026-06-18 18:17:46 | Epoch 1 - Batch 912 - Loss 0.081273
2026-06-18 18:17:46 | Epoch 1 - Batch 913 - Loss 0.079711
2026-06-18 18:17:47 | Epoch 1 - Batch 914 - Loss 0.086706
2026-06-18 18:17:47 | Epoch 1 - Batch 915 - Loss 0.087998
2026-06-18 18:17:48 | Epoch 1 - Batch 916 - Loss 0.085235
2026-06-18 18:17:48 | Epoch 1 - Batch 917 - Loss 0.084753
2026-06-18 18:17:49 | Epoch 1 - Batch 918 - Loss 0.075678
2026-06-18 18:17:49 | Epoch 1 - Batch 919 - Loss 0.086572
2026-06-18 18:17:50 | Epoch 1 - Batch 920 - Loss 0.094366
2026-06-18 18:17:50 | Epoch 1 - Batch 921 - Loss 0.083715
2026-06-18 18:17:51 | Epoch 1 - Batch 922 - Loss 0.087687
2026-06-18 18:17:51 | Epoch 1 - Batch 923 - Loss 0.084674
2026-06-18 18:17:52 | Epoch 1 - Batch 924 - Loss 0.090107
2026-06-18 18:17:52 | Epoch 1 - Batch 925 - Loss 0.082072
2026-06-18 18:17:53 | Epoch 1 - Batch 926 - Loss 0.092071
2026-06-18 18:17:53 | Epoch 1 - Batch 927 - Loss 0.085588
2026-06-18 18:17:54 | Epoch 1 - Batch 928 - Loss 0.085069
2026-06-18 18:17:54 | Epoch 1 - Batch 929 - Loss 0.083928
2026-06-18 18:17:55 | Epoch 1 - Batch 930 - Loss 0.087874
2026-06-18 18:17:55 | Epoch 1 - Batch 931 - Loss 0.085467
2026-06-18 18:17:56 | Epoch 1 - Batch 932 - Loss 0.083963
2026-06-18 18:17:56 | Epoch 1 - Batch 933 - Loss 0.093337
2026-06-18 18:17:57 | Epoch 1 - Batch 934 - Loss 0.085233
2026-06-18 18:17:57 | Epoch 1 - Batch 935 - Loss 0.085002
2026-06-18 18:17:58 | Epoch 1 - Batch 936 - Loss 0.084173
2026-06-18 18:17:58 | Epoch 1 - Batch 937 - Loss 0.078601
2026-06-18 18:17:59 | Epoch 1 - Batch 938 - Loss 0.088746
2026-06-18 18:17:59 | Epoch 1 - Batch 939 - Loss 0.087554
2026-06-18 18:18:00 | Epoch 1 - Batch 940 - Loss 0.085200
2026-06-18 18:18:00 | Epoch 1 - Batch 941 - Loss 0.087878
2026-06-18 18:18:01 | Epoch 1 - Batch 942 - Loss 0.079371
2026-06-18 18:18:01 | Epoch 1 - Batch 943 - Loss 0.077229
2026-06-18 18:18:02 | Epoch 1 - Batch 944 - Loss 0.082840
2026-06-18 18:18:02 | Epoch 1 - Batch 945 - Loss 0.085145
2026-06-18 18:18:03 | Epoch 1 - Batch 946 - Loss 0.080742
2026-06-18 18:18:03 | Epoch 1 - Batch 947 - Loss 0.087713
2026-06-18 18:18:04 | Epoch 1 - Batch 948 - Loss 0.083037
2026-06-18 18:18:04 | Epoch 1 - Batch 949 - Loss 0.081257
2026-06-18 18:18:05 | Epoch 1 - Batch 950 - Loss 0.078204
2026-06-18 18:18:05 | Epoch 1 - Batch 951 - Loss 0.089551
2026-06-18 18:18:06 | Epoch 1 - Batch 952 - Loss 0.086230
2026-06-18 18:18:06 | Epoch 1 - Batch 953 - Loss 0.081017
2026-06-18 18:18:07 | Epoch 1 - Batch 954 - Loss 0.091294
2026-06-18 18:18:07 | Epoch 1 - Batch 955 - Loss 0.082120
2026-06-18 18:18:08 | Epoch 1 - Batch 956 - Loss 0.077900
2026-06-18 18:18:08 | Epoch 1 - Batch 957 - Loss 0.085653
2026-06-18 18:18:09 | Epoch 1 - Batch 958 - Loss 0.082751
2026-06-18 18:18:10 | Epoch 1 - Batch 959 - Loss 0.084094
2026-06-18 18:18:10 | Epoch 1 - Batch 960 - Loss 0.092748
2026-06-18 18:18:11 | Epoch 1 - Batch 961 - Loss 0.085702
2026-06-18 18:18:11 | Epoch 1 - Batch 962 - Loss 0.078194
2026-06-18 18:18:12 | Epoch 1 - Batch 963 - Loss 0.091843
2026-06-18 18:18:12 | Epoch 1 - Batch 964 - Loss 0.088052
2026-06-18 18:18:13 | Epoch 1 - Batch 965 - Loss 0.084435
2026-06-18 18:18:13 | Epoch 1 - Batch 966 - Loss 0.081966
2026-06-18 18:18:14 | Epoch 1 - Batch 967 - Loss 0.083938
2026-06-18 18:18:14 | Epoch 1 - Batch 968 - Loss 0.094289
2026-06-18 18:18:15 | Epoch 1 - Batch 969 - Loss 0.077486
2026-06-18 18:18:15 | Epoch 1 - Batch 970 - Loss 0.091263
2026-06-18 18:18:16 | Epoch 1 - Batch 971 - Loss 0.081130
2026-06-18 18:18:17 | Epoch 1 - Batch 972 - Loss 0.084411
2026-06-18 18:18:17 | Epoch 1 - Batch 973 - Loss 0.087008
2026-06-18 18:18:18 | Epoch 1 - Batch 974 - Loss 0.074766
2026-06-18 18:18:18 | Epoch 1 - Batch 975 - Loss 0.081526
2026-06-18 18:18:19 | Epoch 1 - Batch 976 - Loss 0.088546
2026-06-18 18:18:19 | Epoch 1 - Batch 977 - Loss 0.077482
2026-06-18 18:18:20 | Epoch 1 - Batch 978 - Loss 0.085679
2026-06-18 18:18:20 | Epoch 1 - Batch 979 - Loss 0.079180
2026-06-18 18:18:21 | Epoch 1 - Batch 980 - Loss 0.077608
2026-06-18 18:18:21 | Epoch 1 - Batch 981 - Loss 0.085824
2026-06-18 18:18:22 | Epoch 1 - Batch 982 - Loss 0.085411
2026-06-18 18:18:22 | Epoch 1 - Batch 983 - Loss 0.086238
2026-06-18 18:18:23 | Epoch 1 - Batch 984 - Loss 0.080420
2026-06-18 18:18:23 | Epoch 1 - Batch 985 - Loss 0.076982
2026-06-18 18:18:24 | Epoch 1 - Batch 986 - Loss 0.088660
2026-06-18 18:18:24 | Epoch 1 - Batch 987 - Loss 0.079601
2026-06-18 18:18:25 | Epoch 1 - Batch 988 - Loss 0.078767
2026-06-18 18:18:25 | Epoch 1 - Batch 989 - Loss 0.081911
2026-06-18 18:18:26 | Epoch 1 - Batch 990 - Loss 0.084483
2026-06-18 18:18:26 | Epoch 1 - Batch 991 - Loss 0.079076
2026-06-18 18:18:27 | Epoch 1 - Batch 992 - Loss 0.090988
2026-06-18 18:18:28 | Epoch 1 - Batch 993 - Loss 0.084878
2026-06-18 18:18:28 | Epoch 1 - Batch 994 - Loss 0.084360
2026-06-18 18:18:29 | Epoch 1 - Batch 995 - Loss 0.089006
2026-06-18 18:18:29 | Epoch 1 - Batch 996 - Loss 0.085725
2026-06-18 18:18:30 | Epoch 1 - Batch 997 - Loss 0.083014
2026-06-18 18:18:30 | Epoch 1 - Batch 998 - Loss 0.082568
2026-06-18 18:18:31 | Epoch 1 - Batch 999 - Loss 0.082272
2026-06-18 18:18:31 | Epoch 1 - Batch 1000 - Loss 0.082237
2026-06-18 18:18:32 | Epoch 1 - Batch 1001 - Loss 0.083142
2026-06-18 18:18:32 | Epoch 1 - Batch 1002 - Loss 0.079406
2026-06-18 18:18:33 | Epoch 1 - Batch 1003 - Loss 0.086907
2026-06-18 18:18:33 | Epoch 1 - Batch 1004 - Loss 0.090112
2026-06-18 18:18:34 | Epoch 1 - Batch 1005 - Loss 0.079345
2026-06-18 18:18:34 | Epoch 1 - Batch 1006 - Loss 0.084405
2026-06-18 18:18:35 | Epoch 1 - Batch 1007 - Loss 0.081540
2026-06-18 18:18:35 | Epoch 1 - Batch 1008 - Loss 0.084183
2026-06-18 18:18:36 | Epoch 1 - Batch 1009 - Loss 0.080263
2026-06-18 18:18:36 | Epoch 1 - Batch 1010 - Loss 0.087502
2026-06-18 18:18:37 | Epoch 1 - Batch 1011 - Loss 0.083743
2026-06-18 18:18:37 | Epoch 1 - Batch 1012 - Loss 0.071755
2026-06-18 18:18:38 | Epoch 1 - Batch 1013 - Loss 0.085391
2026-06-18 18:18:38 | Epoch 1 - Batch 1014 - Loss 0.091088
2026-06-18 18:18:39 | Epoch 1 - Batch 1015 - Loss 0.085704
2026-06-18 18:18:40 | Epoch 1 - Batch 1016 - Loss 0.083248
2026-06-18 18:18:40 | Epoch 1 - Batch 1017 - Loss 0.082459
2026-06-18 18:18:41 | Epoch 1 - Batch 1018 - Loss 0.082280
2026-06-18 18:18:41 | Epoch 1 - Batch 1019 - Loss 0.082492
2026-06-18 18:18:42 | Epoch 1 - Batch 1020 - Loss 0.087256
2026-06-18 18:18:42 | Epoch 1 - Batch 1021 - Loss 0.091660
2026-06-18 18:18:43 | Epoch 1 - Batch 1022 - Loss 0.078853
2026-06-18 18:18:43 | Epoch 1 - Batch 1023 - Loss 0.086131
2026-06-18 18:18:44 | Epoch 1 - Batch 1024 - Loss 0.084846
2026-06-18 18:18:44 | Epoch 1 - Batch 1025 - Loss 0.083644
2026-06-18 18:18:45 | Epoch 1 - Batch 1026 - Loss 0.081617
2026-06-18 18:18:45 | Epoch 1 - Batch 1027 - Loss 0.088679
2026-06-18 18:18:46 | Epoch 1 - Batch 1028 - Loss 0.079910
2026-06-18 18:18:46 | Epoch 1 - Batch 1029 - Loss 0.085092
2026-06-18 18:18:47 | Epoch 1 - Batch 1030 - Loss 0.068788
2026-06-18 18:18:47 | Epoch 1 - Batch 1031 - Loss 0.090041
2026-06-18 18:18:48 | Epoch 1 - Batch 1032 - Loss 0.077303
2026-06-18 18:18:48 | Epoch 1 - Batch 1033 - Loss 0.079621
2026-06-18 18:18:49 | Epoch 1 - Batch 1034 - Loss 0.087666
2026-06-18 18:18:49 | Epoch 1 - Batch 1035 - Loss 0.087563
2026-06-18 18:18:50 | Epoch 1 - Batch 1036 - Loss 0.091527
2026-06-18 18:18:50 | Epoch 1 - Batch 1037 - Loss 0.077802
2026-06-18 18:18:51 | Epoch 1 - Batch 1038 - Loss 0.086800
2026-06-18 18:18:51 | Epoch 1 - Batch 1039 - Loss 0.079855
2026-06-18 18:18:52 | Epoch 1 - Batch 1040 - Loss 0.084151
2026-06-18 18:18:52 | Epoch 1 - Batch 1041 - Loss 0.077539
2026-06-18 18:18:53 | Epoch 1 - Batch 1042 - Loss 0.082674
2026-06-18 18:18:53 | Epoch 1 - Batch 1043 - Loss 0.075071
2026-06-18 18:18:54 | Epoch 1 - Batch 1044 - Loss 0.083354
2026-06-18 18:18:54 | Epoch 1 - Batch 1045 - Loss 0.089280
2026-06-18 18:18:55 | Epoch 1 - Batch 1046 - Loss 0.083571
2026-06-18 18:18:55 | Epoch 1 - Batch 1047 - Loss 0.081898
2026-06-18 18:18:56 | Epoch 1 - Batch 1048 - Loss 0.086341
2026-06-18 18:18:56 | Epoch 1 - Batch 1049 - Loss 0.074265
2026-06-18 18:18:57 | Epoch 1 - Batch 1050 - Loss 0.083711
2026-06-18 18:18:57 | Epoch 1 - Batch 1051 - Loss 0.083516
2026-06-18 18:18:58 | Epoch 1 - Batch 1052 - Loss 0.087003
2026-06-18 18:18:58 | Epoch 1 - Batch 1053 - Loss 0.089245
2026-06-18 18:18:59 | Epoch 1 - Batch 1054 - Loss 0.078435
2026-06-18 18:18:59 | Epoch 1 - Batch 1055 - Loss 0.075062
2026-06-18 18:19:00 | Epoch 1 - Batch 1056 - Loss 0.078332
2026-06-18 18:19:00 | Epoch 1 - Batch 1057 - Loss 0.073828
2026-06-18 18:19:01 | Epoch 1 - Batch 1058 - Loss 0.082961
2026-06-18 18:19:01 | Epoch 1 - Batch 1059 - Loss 0.071022
2026-06-18 18:19:02 | Epoch 1 - Batch 1060 - Loss 0.080180
2026-06-18 18:19:02 | Epoch 1 - Batch 1061 - Loss 0.089726
2026-06-18 18:19:03 | Epoch 1 - Batch 1062 - Loss 0.088609
2026-06-18 18:19:03 | Epoch 1 - Batch 1063 - Loss 0.080098
2026-06-18 18:19:04 | Epoch 1 - Batch 1064 - Loss 0.085684
2026-06-18 18:19:04 | Epoch 1 - Batch 1065 - Loss 0.080700
2026-06-18 18:19:05 | Epoch 1 - Batch 1066 - Loss 0.086369
2026-06-18 18:19:05 | Epoch 1 - Batch 1067 - Loss 0.079631
2026-06-18 18:19:06 | Epoch 1 - Batch 1068 - Loss 0.076472
2026-06-18 18:19:06 | Epoch 1 - Batch 1069 - Loss 0.087849
2026-06-18 18:19:07 | Epoch 1 - Batch 1070 - Loss 0.088057
2026-06-18 18:19:07 | Epoch 1 - Batch 1071 - Loss 0.084005
2026-06-18 18:19:08 | Epoch 1 - Batch 1072 - Loss 0.085669
2026-06-18 18:19:08 | Epoch 1 - Batch 1073 - Loss 0.082852
2026-06-18 18:19:09 | Epoch 1 - Batch 1074 - Loss 0.088568
2026-06-18 18:19:09 | Epoch 1 - Batch 1075 - Loss 0.076155
2026-06-18 18:19:10 | Epoch 1 - Batch 1076 - Loss 0.082740
2026-06-18 18:19:10 | Epoch 1 - Batch 1077 - Loss 0.077325
2026-06-18 18:19:11 | Epoch 1 - Batch 1078 - Loss 0.081719
2026-06-18 18:19:11 | Epoch 1 - Batch 1079 - Loss 0.083383
2026-06-18 18:19:12 | Epoch 1 - Batch 1080 - Loss 0.075690
2026-06-18 18:19:12 | Epoch 1 - Batch 1081 - Loss 0.087893
2026-06-18 18:19:13 | Epoch 1 - Batch 1082 - Loss 0.081217
2026-06-18 18:19:13 | Epoch 1 - Batch 1083 - Loss 0.077507
2026-06-18 18:19:14 | Epoch 1 - Batch 1084 - Loss 0.085470
2026-06-18 18:19:14 | Epoch 1 - Batch 1085 - Loss 0.087531
2026-06-18 18:19:15 | Epoch 1 - Batch 1086 - Loss 0.078114
2026-06-18 18:19:15 | Epoch 1 - Batch 1087 - Loss 0.082898
2026-06-18 18:19:16 | Epoch 1 - Batch 1088 - Loss 0.096217
2026-06-18 18:19:16 | Epoch 1 - Batch 1089 - Loss 0.088437
2026-06-18 18:19:17 | Epoch 1 - Batch 1090 - Loss 0.079901
2026-06-18 18:19:17 | Epoch 1 - Batch 1091 - Loss 0.084013
2026-06-18 18:19:18 | Epoch 1 - Batch 1092 - Loss 0.082727
2026-06-18 18:19:18 | Epoch 1 - Batch 1093 - Loss 0.087372
2026-06-18 18:19:19 | Epoch 1 - Batch 1094 - Loss 0.084531
2026-06-18 18:19:19 | Epoch 1 - Batch 1095 - Loss 0.081652
2026-06-18 18:19:20 | Epoch 1 - Batch 1096 - Loss 0.086316
2026-06-18 18:19:20 | Epoch 1 - Batch 1097 - Loss 0.080410
2026-06-18 18:19:21 | Epoch 1 - Batch 1098 - Loss 0.078430
2026-06-18 18:19:22 | Epoch 1 - Batch 1099 - Loss 0.078641
2026-06-18 18:19:22 | Epoch 1 - Batch 1100 - Loss 0.076989
2026-06-18 18:19:23 | Epoch 1 - Batch 1101 - Loss 0.081735
2026-06-18 18:19:23 | Epoch 1 - Batch 1102 - Loss 0.082672
2026-06-18 18:19:24 | Epoch 1 - Batch 1103 - Loss 0.083096
2026-06-18 18:19:24 | Epoch 1 - Batch 1104 - Loss 0.089848
2026-06-18 18:19:25 | Epoch 1 - Batch 1105 - Loss 0.074148
2026-06-18 18:19:25 | Epoch 1 - Batch 1106 - Loss 0.079567
2026-06-18 18:19:26 | Epoch 1 - Batch 1107 - Loss 0.081804
2026-06-18 18:19:26 | Epoch 1 - Batch 1108 - Loss 0.081207
2026-06-18 18:19:27 | Epoch 1 - Batch 1109 - Loss 0.082389
2026-06-18 18:19:27 | Epoch 1 - Batch 1110 - Loss 0.080338
2026-06-18 18:19:28 | Epoch 1 - Batch 1111 - Loss 0.078751
2026-06-18 18:19:28 | Epoch 1 - Batch 1112 - Loss 0.080556
2026-06-18 18:19:29 | Epoch 1 - Batch 1113 - Loss 0.088044
2026-06-18 18:19:29 | Epoch 1 - Batch 1114 - Loss 0.085616
2026-06-18 18:19:30 | Epoch 1 - Batch 1115 - Loss 0.086727
2026-06-18 18:19:30 | Epoch 1 - Batch 1116 - Loss 0.075136
2026-06-18 18:19:31 | Epoch 1 - Batch 1117 - Loss 0.086377
2026-06-18 18:19:31 | Epoch 1 - Batch 1118 - Loss 0.079197
2026-06-18 18:19:32 | Epoch 1 - Batch 1119 - Loss 0.084898
2026-06-18 18:19:32 | Epoch 1 - Batch 1120 - Loss 0.076462
2026-06-18 18:19:33 | Epoch 1 - Batch 1121 - Loss 0.080336
2026-06-18 18:19:33 | Epoch 1 - Batch 1122 - Loss 0.081160
2026-06-18 18:19:34 | Epoch 1 - Batch 1123 - Loss 0.085358
2026-06-18 18:19:34 | Epoch 1 - Batch 1124 - Loss 0.077579
2026-06-18 18:19:35 | Epoch 1 - Batch 1125 - Loss 0.080030
2026-06-18 18:19:35 | Epoch 1 - Batch 1126 - Loss 0.079529
2026-06-18 18:19:36 | Epoch 1 - Batch 1127 - Loss 0.078747
2026-06-18 18:19:36 | Epoch 1 - Batch 1128 - Loss 0.072361
2026-06-18 18:19:37 | Epoch 1 - Batch 1129 - Loss 0.081606
2026-06-18 18:19:37 | Epoch 1 - Batch 1130 - Loss 0.087698
2026-06-18 18:19:38 | Epoch 1 - Batch 1131 - Loss 0.074792
2026-06-18 18:19:38 | Epoch 1 - Batch 1132 - Loss 0.087095
2026-06-18 18:19:39 | Epoch 1 - Batch 1133 - Loss 0.092962
2026-06-18 18:19:39 | Epoch 1 - Batch 1134 - Loss 0.079597
2026-06-18 18:19:40 | Epoch 1 - Batch 1135 - Loss 0.082030
2026-06-18 18:19:40 | Epoch 1 - Batch 1136 - Loss 0.081024
2026-06-18 18:19:41 | Epoch 1 - Batch 1137 - Loss 0.087991
2026-06-18 18:19:41 | Epoch 1 - Batch 1138 - Loss 0.079701
2026-06-18 18:19:42 | Epoch 1 - Batch 1139 - Loss 0.081411
2026-06-18 18:19:42 | Epoch 1 - Batch 1140 - Loss 0.082479
2026-06-18 18:19:43 | Epoch 1 - Batch 1141 - Loss 0.076734
2026-06-18 18:19:43 | Epoch 1 - Batch 1142 - Loss 0.080598
2026-06-18 18:19:44 | Epoch 1 - Batch 1143 - Loss 0.080518
2026-06-18 18:19:45 | Epoch 1 - Batch 1144 - Loss 0.082469
2026-06-18 18:19:45 | Epoch 1 - Batch 1145 - Loss 0.078832
2026-06-18 18:19:46 | Epoch 1 - Batch 1146 - Loss 0.083447
2026-06-18 18:19:46 | Epoch 1 - Batch 1147 - Loss 0.079818
2026-06-18 18:19:47 | Epoch 1 - Batch 1148 - Loss 0.079283
2026-06-18 18:19:47 | Epoch 1 - Batch 1149 - Loss 0.080577
2026-06-18 18:19:48 | Epoch 1 - Batch 1150 - Loss 0.074611
2026-06-18 18:19:48 | Epoch 1 - Batch 1151 - Loss 0.075431
2026-06-18 18:19:49 | Epoch 1 - Batch 1152 - Loss 0.081459
2026-06-18 18:19:49 | Epoch 1 - Batch 1153 - Loss 0.082399
2026-06-18 18:19:50 | Epoch 1 - Batch 1154 - Loss 0.079804
2026-06-18 18:19:50 | Epoch 1 - Batch 1155 - Loss 0.077176
2026-06-18 18:19:51 | Epoch 1 - Batch 1156 - Loss 0.078455
2026-06-18 18:19:51 | Epoch 1 - Batch 1157 - Loss 0.071296
2026-06-18 18:19:52 | Epoch 1 - Batch 1158 - Loss 0.083799
2026-06-18 18:19:52 | Epoch 1 - Batch 1159 - Loss 0.083509
2026-06-18 18:19:53 | Epoch 1 - Batch 1160 - Loss 0.073894
2026-06-18 18:19:53 | Epoch 1 - Batch 1161 - Loss 0.084509
2026-06-18 18:19:54 | Epoch 1 - Batch 1162 - Loss 0.085597
2026-06-18 18:19:54 | Epoch 1 - Batch 1163 - Loss 0.072603
2026-06-18 18:19:55 | Epoch 1 - Batch 1164 - Loss 0.079534
2026-06-18 18:19:55 | Epoch 1 - Batch 1165 - Loss 0.083581
2026-06-18 18:19:56 | Epoch 1 - Batch 1166 - Loss 0.084182
2026-06-18 18:19:56 | Epoch 1 - Batch 1167 - Loss 0.081115
2026-06-18 18:19:57 | Epoch 1 - Batch 1168 - Loss 0.083981
2026-06-18 18:19:57 | Epoch 1 - Batch 1169 - Loss 0.079194
2026-06-18 18:19:58 | Epoch 1 - Batch 1170 - Loss 0.078715
2026-06-18 18:19:58 | Epoch 1 - Batch 1171 - Loss 0.073006
2026-06-18 18:19:59 | Epoch 1 - Batch 1172 - Loss 0.091853
2026-06-18 18:19:59 | Epoch 1 - Batch 1173 - Loss 0.074290
2026-06-18 18:20:00 | Epoch 1 - Batch 1174 - Loss 0.082521
2026-06-18 18:20:00 | Epoch 1 - Batch 1175 - Loss 0.071611
2026-06-18 18:20:01 | Epoch 1 - Batch 1176 - Loss 0.077983
2026-06-18 18:20:01 | Epoch 1 - Batch 1177 - Loss 0.078450
2026-06-18 18:20:02 | Epoch 1 - Batch 1178 - Loss 0.081897
2026-06-18 18:20:02 | Epoch 1 - Batch 1179 - Loss 0.073992
2026-06-18 18:20:03 | Epoch 1 - Batch 1180 - Loss 0.075598
2026-06-18 18:20:03 | Epoch 1 - Batch 1181 - Loss 0.085322
2026-06-18 18:20:04 | Epoch 1 - Batch 1182 - Loss 0.077661
2026-06-18 18:20:04 | Epoch 1 - Batch 1183 - Loss 0.080601
2026-06-18 18:20:05 | Epoch 1 - Batch 1184 - Loss 0.081686
2026-06-18 18:20:05 | Epoch 1 - Batch 1185 - Loss 0.083055
2026-06-18 18:20:06 | Epoch 1 - Batch 1186 - Loss 0.088159
2026-06-18 18:20:06 | Epoch 1 - Batch 1187 - Loss 0.078818
2026-06-18 18:20:07 | Epoch 1 - Batch 1188 - Loss 0.085809
2026-06-18 18:20:07 | Epoch 1 - Batch 1189 - Loss 0.090333
2026-06-18 18:20:08 | Epoch 1 - Batch 1190 - Loss 0.085958
2026-06-18 18:20:08 | Epoch 1 - Batch 1191 - Loss 0.069953
2026-06-18 18:20:09 | Epoch 1 - Batch 1192 - Loss 0.078290
2026-06-18 18:20:09 | Epoch 1 - Batch 1193 - Loss 0.079768
2026-06-18 18:20:10 | Epoch 1 - Batch 1194 - Loss 0.084039
2026-06-18 18:20:10 | Epoch 1 - Batch 1195 - Loss 0.085384
2026-06-18 18:20:11 | Epoch 1 - Batch 1196 - Loss 0.079561
2026-06-18 18:20:11 | Epoch 1 - Batch 1197 - Loss 0.073778
2026-06-18 18:20:12 | Epoch 1 - Batch 1198 - Loss 0.080413
2026-06-18 18:20:12 | Epoch 1 - Batch 1199 - Loss 0.074783
2026-06-18 18:20:13 | Epoch 1 - Batch 1200 - Loss 0.076783
2026-06-18 18:20:13 | Epoch 1 - Batch 1201 - Loss 0.083988
2026-06-18 18:20:14 | Epoch 1 - Batch 1202 - Loss 0.086187
2026-06-18 18:20:14 | Epoch 1 - Batch 1203 - Loss 0.082551
2026-06-18 18:20:15 | Epoch 1 - Batch 1204 - Loss 0.076748
2026-06-18 18:20:15 | Epoch 1 - Batch 1205 - Loss 0.077468
2026-06-18 18:20:16 | Epoch 1 - Batch 1206 - Loss 0.084486
2026-06-18 18:20:16 | Epoch 1 - Batch 1207 - Loss 0.086987
2026-06-18 18:20:17 | Epoch 1 - Batch 1208 - Loss 0.073948
2026-06-18 18:20:17 | Epoch 1 - Batch 1209 - Loss 0.076568
2026-06-18 18:20:18 | Epoch 1 - Batch 1210 - Loss 0.072874
2026-06-18 18:20:18 | Epoch 1 - Batch 1211 - Loss 0.077225
2026-06-18 18:20:19 | Epoch 1 - Batch 1212 - Loss 0.076258
2026-06-18 18:20:19 | Epoch 1 - Batch 1213 - Loss 0.082865
2026-06-18 18:20:20 | Epoch 1 - Batch 1214 - Loss 0.076521
2026-06-18 18:20:20 | Epoch 1 - Batch 1215 - Loss 0.080419
2026-06-18 18:20:21 | Epoch 1 - Batch 1216 - Loss 0.081989
2026-06-18 18:20:21 | Epoch 1 - Batch 1217 - Loss 0.074477
2026-06-18 18:20:22 | Epoch 1 - Batch 1218 - Loss 0.081138
2026-06-18 18:20:22 | Epoch 1 - Batch 1219 - Loss 0.080987
2026-06-18 18:20:23 | Epoch 1 - Batch 1220 - Loss 0.079928
2026-06-18 18:20:23 | Epoch 1 - Batch 1221 - Loss 0.072491
2026-06-18 18:20:23 | Epoch 1 - Batch 1222 - Loss 0.080731
2026-06-18 18:20:24 | Epoch 1 - Batch 1223 - Loss 0.086401
2026-06-18 18:20:24 | Epoch 1 - Batch 1224 - Loss 0.075336
2026-06-18 18:20:25 | Epoch 1 - Batch 1225 - Loss 0.081410
2026-06-18 18:20:26 | Epoch 1 - Batch 1226 - Loss 0.088651
2026-06-18 18:20:26 | Epoch 1 - Batch 1227 - Loss 0.078400
2026-06-18 18:20:27 | Epoch 1 - Batch 1228 - Loss 0.079522
2026-06-18 18:20:27 | Epoch 1 - Batch 1229 - Loss 0.073540
2026-06-18 18:20:28 | Epoch 1 - Batch 1230 - Loss 0.076112
2026-06-18 18:20:28 | Epoch 1 - Batch 1231 - Loss 0.085627
2026-06-18 18:20:29 | Epoch 1 - Batch 1232 - Loss 0.076448
2026-06-18 18:20:29 | Epoch 1 - Batch 1233 - Loss 0.085533
2026-06-18 18:20:30 | Epoch 1 - Batch 1234 - Loss 0.078370
2026-06-18 18:20:30 | Epoch 1 - Batch 1235 - Loss 0.082230
2026-06-18 18:20:31 | Epoch 1 - Batch 1236 - Loss 0.078438
2026-06-18 18:20:31 | Epoch 1 - Batch 1237 - Loss 0.076966
2026-06-18 18:20:32 | Epoch 1 - Batch 1238 - Loss 0.080865
2026-06-18 18:20:32 | Epoch 1 - Batch 1239 - Loss 0.078530
2026-06-18 18:20:33 | Epoch 1 - Batch 1240 - Loss 0.079105
2026-06-18 18:20:33 | Epoch 1 - Batch 1241 - Loss 0.077063
2026-06-18 18:20:34 | Epoch 1 - Batch 1242 - Loss 0.078613
2026-06-18 18:20:34 | Epoch 1 - Batch 1243 - Loss 0.085367
2026-06-18 18:20:35 | Epoch 1 - Batch 1244 - Loss 0.086644
2026-06-18 18:20:35 | Epoch 1 - Batch 1245 - Loss 0.074095
2026-06-18 18:20:36 | Epoch 1 - Batch 1246 - Loss 0.083608
2026-06-18 18:20:36 | Epoch 1 - Batch 1247 - Loss 0.084405
2026-06-18 18:20:37 | Epoch 1 - Batch 1248 - Loss 0.079050
2026-06-18 18:20:37 | Epoch 1 - Batch 1249 - Loss 0.076835
2026-06-18 18:20:38 | Epoch 1 - Batch 1250 - Loss 0.075732
2026-06-18 18:20:38 | Epoch 1 - Batch 1251 - Loss 0.077001
2026-06-18 18:20:39 | Epoch 1 - Batch 1252 - Loss 0.077819
2026-06-18 18:20:39 | Epoch 1 - Batch 1253 - Loss 0.082925
2026-06-18 18:20:40 | Epoch 1 - Batch 1254 - Loss 0.082100
2026-06-18 18:20:40 | Epoch 1 - Batch 1255 - Loss 0.072992
2026-06-18 18:20:41 | Epoch 1 - Batch 1256 - Loss 0.085031
2026-06-18 18:20:41 | Epoch 1 - Batch 1257 - Loss 0.075198
2026-06-18 18:20:42 | Epoch 1 - Batch 1258 - Loss 0.073518
2026-06-18 18:20:42 | Epoch 1 - Batch 1259 - Loss 0.068444
2026-06-18 18:20:43 | Epoch 1 - Batch 1260 - Loss 0.081629
2026-06-18 18:20:43 | Epoch 1 - Batch 1261 - Loss 0.083787
2026-06-18 18:20:44 | Epoch 1 - Batch 1262 - Loss 0.077023
2026-06-18 18:20:44 | Epoch 1 - Batch 1263 - Loss 0.079466
2026-06-18 18:20:45 | Epoch 1 - Batch 1264 - Loss 0.074624
2026-06-18 18:20:45 | Epoch 1 - Batch 1265 - Loss 0.077104
2026-06-18 18:20:46 | Epoch 1 - Batch 1266 - Loss 0.074276
2026-06-18 18:20:46 | Epoch 1 - Batch 1267 - Loss 0.076074
2026-06-18 18:20:47 | Epoch 1 - Batch 1268 - Loss 0.077488
2026-06-18 18:20:47 | Epoch 1 - Batch 1269 - Loss 0.080103
2026-06-18 18:20:48 | Epoch 1 - Batch 1270 - Loss 0.081961
2026-06-18 18:20:48 | Epoch 1 - Batch 1271 - Loss 0.082871
2026-06-18 18:20:49 | Epoch 1 - Batch 1272 - Loss 0.076241
2026-06-18 18:20:49 | Epoch 1 - Batch 1273 - Loss 0.084762
2026-06-18 18:20:50 | Epoch 1 - Batch 1274 - Loss 0.074684
2026-06-18 18:20:50 | Epoch 1 - Batch 1275 - Loss 0.082054
2026-06-18 18:20:51 | Epoch 1 - Batch 1276 - Loss 0.065721
2026-06-18 18:20:51 | Epoch 1 - Batch 1277 - Loss 0.078592
2026-06-18 18:20:52 | Epoch 1 - Batch 1278 - Loss 0.075434
2026-06-18 18:20:52 | Epoch 1 - Batch 1279 - Loss 0.090803
2026-06-18 18:20:53 | Epoch 1 - Batch 1280 - Loss 0.072818
2026-06-18 18:20:53 | Epoch 1 - Batch 1281 - Loss 0.075008
2026-06-18 18:20:54 | Epoch 1 - Batch 1282 - Loss 0.065782
2026-06-18 18:20:54 | Epoch 1 - Batch 1283 - Loss 0.079909
2026-06-18 18:20:55 | Epoch 1 - Batch 1284 - Loss 0.085706
2026-06-18 18:20:55 | Epoch 1 - Batch 1285 - Loss 0.080930
2026-06-18 18:20:56 | Epoch 1 - Batch 1286 - Loss 0.073945
2026-06-18 18:20:56 | Epoch 1 - Batch 1287 - Loss 0.085053
2026-06-18 18:20:57 | Epoch 1 - Batch 1288 - Loss 0.070546
2026-06-18 18:20:57 | Epoch 1 - Batch 1289 - Loss 0.080760
2026-06-18 18:20:58 | Epoch 1 - Batch 1290 - Loss 0.089298
2026-06-18 18:20:58 | Epoch 1 - Batch 1291 - Loss 0.071078
2026-06-18 18:20:59 | Epoch 1 - Batch 1292 - Loss 0.081396
2026-06-18 18:20:59 | Epoch 1 - Batch 1293 - Loss 0.084794
2026-06-18 18:21:00 | Epoch 1 - Batch 1294 - Loss 0.079602
2026-06-18 18:21:00 | Epoch 1 - Batch 1295 - Loss 0.082295
2026-06-18 18:21:01 | Epoch 1 - Batch 1296 - Loss 0.073831
2026-06-18 18:21:01 | Epoch 1 - Batch 1297 - Loss 0.080694
2026-06-18 18:21:02 | Epoch 1 - Batch 1298 - Loss 0.079482
2026-06-18 18:21:02 | Epoch 1 - Batch 1299 - Loss 0.074398
2026-06-18 18:21:03 | Epoch 1 - Batch 1300 - Loss 0.082674
2026-06-18 18:21:03 | Epoch 1 - Batch 1301 - Loss 0.077573
2026-06-18 18:21:04 | Epoch 1 - Batch 1302 - Loss 0.077071
2026-06-18 18:21:04 | Epoch 1 - Batch 1303 - Loss 0.078418
2026-06-18 18:21:05 | Epoch 1 - Batch 1304 - Loss 0.074325
2026-06-18 18:21:05 | Epoch 1 - Batch 1305 - Loss 0.083513
2026-06-18 18:21:06 | Epoch 1 - Batch 1306 - Loss 0.074496
2026-06-18 18:21:06 | Epoch 1 - Batch 1307 - Loss 0.080770
2026-06-18 18:21:07 | Epoch 1 - Batch 1308 - Loss 0.073687
2026-06-18 18:21:07 | Epoch 1 - Batch 1309 - Loss 0.073515
2026-06-18 18:21:08 | Epoch 1 - Batch 1310 - Loss 0.085238
2026-06-18 18:21:08 | Epoch 1 - Batch 1311 - Loss 0.076745
2026-06-18 18:21:09 | Epoch 1 - Batch 1312 - Loss 0.088753
2026-06-18 18:21:09 | Epoch 1 - Batch 1313 - Loss 0.082058
2026-06-18 18:21:10 | Epoch 1 - Batch 1314 - Loss 0.074249
2026-06-18 18:21:10 | Epoch 1 - Batch 1315 - Loss 0.070598
2026-06-18 18:21:11 | Epoch 1 - Batch 1316 - Loss 0.076471
2026-06-18 18:21:11 | Epoch 1 - Batch 1317 - Loss 0.077692
2026-06-18 18:21:12 | Epoch 1 - Batch 1318 - Loss 0.072583
2026-06-18 18:21:12 | Epoch 1 - Batch 1319 - Loss 0.076899
2026-06-18 18:21:13 | Epoch 1 - Batch 1320 - Loss 0.072077
2026-06-18 18:21:13 | Epoch 1 - Batch 1321 - Loss 0.076430
2026-06-18 18:21:14 | Epoch 1 - Batch 1322 - Loss 0.075709
2026-06-18 18:21:14 | Epoch 1 - Batch 1323 - Loss 0.077324
2026-06-18 18:21:15 | Epoch 1 - Batch 1324 - Loss 0.074779
2026-06-18 18:21:15 | Epoch 1 - Batch 1325 - Loss 0.080647
2026-06-18 18:21:16 | Epoch 1 - Batch 1326 - Loss 0.075986
2026-06-18 18:21:16 | Epoch 1 - Batch 1327 - Loss 0.074958
2026-06-18 18:21:17 | Epoch 1 - Batch 1328 - Loss 0.074269
2026-06-18 18:21:17 | Epoch 1 - Batch 1329 - Loss 0.073724
2026-06-18 18:21:18 | Epoch 1 - Batch 1330 - Loss 0.076401
2026-06-18 18:21:18 | Epoch 1 - Batch 1331 - Loss 0.091827
2026-06-18 18:21:19 | Epoch 1 - Batch 1332 - Loss 0.079270
2026-06-18 18:21:19 | Epoch 1 - Batch 1333 - Loss 0.076834
2026-06-18 18:21:20 | Epoch 1 - Batch 1334 - Loss 0.080385
2026-06-18 18:21:20 | Epoch 1 - Batch 1335 - Loss 0.076933
2026-06-18 18:21:21 | Epoch 1 - Batch 1336 - Loss 0.076384
2026-06-18 18:21:21 | Epoch 1 - Batch 1337 - Loss 0.078104
2026-06-18 18:21:22 | Epoch 1 - Batch 1338 - Loss 0.082912
2026-06-18 18:21:22 | Epoch 1 - Batch 1339 - Loss 0.078301
2026-06-18 18:21:23 | Epoch 1 - Batch 1340 - Loss 0.077844
2026-06-18 18:21:23 | Epoch 1 - Batch 1341 - Loss 0.080798
2026-06-18 18:21:24 | Epoch 1 - Batch 1342 - Loss 0.078376
2026-06-18 18:21:24 | Epoch 1 - Batch 1343 - Loss 0.077986
2026-06-18 18:21:25 | Epoch 1 - Batch 1344 - Loss 0.086675
2026-06-18 18:21:25 | Epoch 1 - Batch 1345 - Loss 0.076960
2026-06-18 18:21:26 | Epoch 1 - Batch 1346 - Loss 0.073303
2026-06-18 18:21:26 | Epoch 1 - Batch 1347 - Loss 0.075832
2026-06-18 18:21:27 | Epoch 1 - Batch 1348 - Loss 0.080617
2026-06-18 18:21:27 | Epoch 1 - Batch 1349 - Loss 0.079079
2026-06-18 18:21:28 | Epoch 1 - Batch 1350 - Loss 0.081060
2026-06-18 18:21:28 | Epoch 1 - Batch 1351 - Loss 0.076590
2026-06-18 18:21:29 | Epoch 1 - Batch 1352 - Loss 0.078160
2026-06-18 18:21:29 | Epoch 1 - Batch 1353 - Loss 0.086957
2026-06-18 18:21:30 | Epoch 1 - Batch 1354 - Loss 0.075731
2026-06-18 18:21:30 | Epoch 1 - Batch 1355 - Loss 0.073101
2026-06-18 18:21:31 | Epoch 1 - Batch 1356 - Loss 0.078648
2026-06-18 18:21:31 | Epoch 1 - Batch 1357 - Loss 0.075372
2026-06-18 18:21:32 | Epoch 1 - Batch 1358 - Loss 0.082484
2026-06-18 18:21:32 | Epoch 1 - Batch 1359 - Loss 0.071519
2026-06-18 18:21:33 | Epoch 1 - Batch 1360 - Loss 0.076256
2026-06-18 18:21:33 | Epoch 1 - Batch 1361 - Loss 0.072072
2026-06-18 18:21:34 | Epoch 1 - Batch 1362 - Loss 0.078276
2026-06-18 18:21:34 | Epoch 1 - Batch 1363 - Loss 0.078597
2026-06-18 18:21:35 | Epoch 1 - Batch 1364 - Loss 0.078056
2026-06-18 18:21:35 | Epoch 1 - Batch 1365 - Loss 0.079490
2026-06-18 18:21:36 | Epoch 1 - Batch 1366 - Loss 0.076367
2026-06-18 18:21:36 | Epoch 1 - Batch 1367 - Loss 0.072320
2026-06-18 18:21:37 | Epoch 1 - Batch 1368 - Loss 0.069762
2026-06-18 18:21:37 | Epoch 1 - Batch 1369 - Loss 0.075194
2026-06-18 18:21:38 | Epoch 1 - Batch 1370 - Loss 0.076084
2026-06-18 18:21:38 | Epoch 1 - Batch 1371 - Loss 0.078535
2026-06-18 18:21:39 | Epoch 1 - Batch 1372 - Loss 0.078440
2026-06-18 18:21:39 | Epoch 1 - Batch 1373 - Loss 0.074176
2026-06-18 18:21:40 | Epoch 1 - Batch 1374 - Loss 0.071141
2026-06-18 18:21:40 | Epoch 1 - Batch 1375 - Loss 0.077280
2026-06-18 18:21:41 | Epoch 1 - Batch 1376 - Loss 0.074419
2026-06-18 18:21:41 | Epoch 1 - Batch 1377 - Loss 0.073637
2026-06-18 18:21:42 | Epoch 1 - Batch 1378 - Loss 0.073553
2026-06-18 18:21:42 | Epoch 1 - Batch 1379 - Loss 0.087062
2026-06-18 18:21:43 | Epoch 1 - Batch 1380 - Loss 0.075947
2026-06-18 18:21:43 | Epoch 1 - Batch 1381 - Loss 0.075511
2026-06-18 18:21:44 | Epoch 1 - Batch 1382 - Loss 0.075543
2026-06-18 18:21:44 | Epoch 1 - Batch 1383 - Loss 0.078098
2026-06-18 18:21:45 | Epoch 1 - Batch 1384 - Loss 0.075631
2026-06-18 18:21:45 | Epoch 1 - Batch 1385 - Loss 0.085958
2026-06-18 18:21:46 | Epoch 1 - Batch 1386 - Loss 0.074396
2026-06-18 18:21:46 | Epoch 1 - Batch 1387 - Loss 0.073914
2026-06-18 18:21:47 | Epoch 1 - Batch 1388 - Loss 0.080017
2026-06-18 18:21:47 | Epoch 1 - Batch 1389 - Loss 0.077048
2026-06-18 18:21:48 | Epoch 1 - Batch 1390 - Loss 0.088631
2026-06-18 18:21:48 | Epoch 1 - Batch 1391 - Loss 0.069385
2026-06-18 18:21:49 | Epoch 1 - Batch 1392 - Loss 0.080933
2026-06-18 18:21:49 | Epoch 1 - Batch 1393 - Loss 0.077610
2026-06-18 18:21:50 | Epoch 1 - Batch 1394 - Loss 0.072331
2026-06-18 18:21:50 | Epoch 1 - Batch 1395 - Loss 0.074452
2026-06-18 18:21:51 | Epoch 1 - Batch 1396 - Loss 0.075446
2026-06-18 18:21:51 | Epoch 1 - Batch 1397 - Loss 0.085607
2026-06-18 18:21:52 | Epoch 1 - Batch 1398 - Loss 0.066068
2026-06-18 18:21:52 | Epoch 1 - Batch 1399 - Loss 0.079272
2026-06-18 18:21:53 | Epoch 1 - Batch 1400 - Loss 0.074137
2026-06-18 18:21:53 | Epoch 1 - Batch 1401 - Loss 0.081738
2026-06-18 18:21:54 | Epoch 1 - Batch 1402 - Loss 0.075274
2026-06-18 18:21:54 | Epoch 1 - Batch 1403 - Loss 0.068440
2026-06-18 18:21:55 | Epoch 1 - Batch 1404 - Loss 0.064115
2026-06-18 18:21:55 | Epoch 1 - Batch 1405 - Loss 0.072658
2026-06-18 18:21:56 | Epoch 1 - Batch 1406 - Loss 0.071155
2026-06-18 18:21:56 | Epoch 1 - Batch 1407 - Loss 0.080212
2026-06-18 18:21:57 | Epoch 1 - Batch 1408 - Loss 0.074000
2026-06-18 18:21:57 | Epoch 1 - Batch 1409 - Loss 0.070506
2026-06-18 18:21:58 | Epoch 1 - Batch 1410 - Loss 0.071079
2026-06-18 18:21:58 | Epoch 1 - Batch 1411 - Loss 0.072435
2026-06-18 18:21:59 | Epoch 1 - Batch 1412 - Loss 0.077298
2026-06-18 18:21:59 | Epoch 1 - Batch 1413 - Loss 0.085269
2026-06-18 18:22:00 | Epoch 1 - Batch 1414 - Loss 0.079632
2026-06-18 18:22:00 | Epoch 1 - Batch 1415 - Loss 0.068201
2026-06-18 18:22:01 | Epoch 1 - Batch 1416 - Loss 0.069694
2026-06-18 18:22:01 | Epoch 1 - Batch 1417 - Loss 0.081695
2026-06-18 18:22:02 | Epoch 1 - Batch 1418 - Loss 0.076557
2026-06-18 18:22:02 | Epoch 1 - Batch 1419 - Loss 0.077984
2026-06-18 18:22:03 | Epoch 1 - Batch 1420 - Loss 0.078559
2026-06-18 18:22:03 | Epoch 1 - Batch 1421 - Loss 0.081258
2026-06-18 18:22:04 | Epoch 1 - Batch 1422 - Loss 0.078403
2026-06-18 18:22:04 | Epoch 1 - Batch 1423 - Loss 0.079640
2026-06-18 18:22:05 | Epoch 1 - Batch 1424 - Loss 0.074680
2026-06-18 18:22:05 | Epoch 1 - Batch 1425 - Loss 0.084126
2026-06-18 18:22:06 | Epoch 1 - Batch 1426 - Loss 0.077919
2026-06-18 18:22:06 | Epoch 1 - Batch 1427 - Loss 0.070540
2026-06-18 18:22:07 | Epoch 1 - Batch 1428 - Loss 0.086057
2026-06-18 18:22:07 | Epoch 1 - Batch 1429 - Loss 0.084300
2026-06-18 18:22:08 | Epoch 1 - Batch 1430 - Loss 0.076439
2026-06-18 18:22:08 | Epoch 1 - Batch 1431 - Loss 0.084421
2026-06-18 18:22:09 | Epoch 1 - Batch 1432 - Loss 0.073418
2026-06-18 18:22:09 | Epoch 1 - Batch 1433 - Loss 0.073042
2026-06-18 18:22:10 | Epoch 1 - Batch 1434 - Loss 0.072588
2026-06-18 18:22:10 | Epoch 1 - Batch 1435 - Loss 0.079710
2026-06-18 18:22:11 | Epoch 1 - Batch 1436 - Loss 0.080926
2026-06-18 18:22:11 | Epoch 1 - Batch 1437 - Loss 0.077503
2026-06-18 18:22:12 | Epoch 1 - Batch 1438 - Loss 0.072133
2026-06-18 18:22:12 | Epoch 1 - Batch 1439 - Loss 0.083300
2026-06-18 18:22:13 | Epoch 1 - Batch 1440 - Loss 0.070537
2026-06-18 18:22:13 | Epoch 1 - Batch 1441 - Loss 0.081617
2026-06-18 18:22:14 | Epoch 1 - Batch 1442 - Loss 0.073506
2026-06-18 18:22:14 | Epoch 1 - Batch 1443 - Loss 0.075142
2026-06-18 18:22:15 | Epoch 1 - Batch 1444 - Loss 0.064086
2026-06-18 18:22:15 | Epoch 1 - Batch 1445 - Loss 0.074332
2026-06-18 18:22:16 | Epoch 1 - Batch 1446 - Loss 0.086079
2026-06-18 18:22:16 | Epoch 1 - Batch 1447 - Loss 0.072168
2026-06-18 18:22:17 | Epoch 1 - Batch 1448 - Loss 0.079396
2026-06-18 18:22:17 | Epoch 1 - Batch 1449 - Loss 0.078459
2026-06-18 18:22:18 | Epoch 1 - Batch 1450 - Loss 0.068150
2026-06-18 18:22:18 | Epoch 1 - Batch 1451 - Loss 0.072852
2026-06-18 18:22:19 | Epoch 1 - Batch 1452 - Loss 0.078340
2026-06-18 18:22:19 | Epoch 1 - Batch 1453 - Loss 0.068973
2026-06-18 18:22:20 | Epoch 1 - Batch 1454 - Loss 0.074592
2026-06-18 18:22:20 | Epoch 1 - Batch 1455 - Loss 0.077081
2026-06-18 18:22:21 | Epoch 1 - Batch 1456 - Loss 0.072824
2026-06-18 18:22:21 | Epoch 1 - Batch 1457 - Loss 0.080852
2026-06-18 18:22:22 | Epoch 1 - Batch 1458 - Loss 0.072319
2026-06-18 18:22:22 | Epoch 1 - Batch 1459 - Loss 0.079457
2026-06-18 18:22:23 | Epoch 1 - Batch 1460 - Loss 0.073693
2026-06-18 18:22:23 | Epoch 1 - Batch 1461 - Loss 0.080565
2026-06-18 18:22:24 | Epoch 1 - Batch 1462 - Loss 0.079682
2026-06-18 18:22:24 | Epoch 1 - Batch 1463 - Loss 0.074416
2026-06-18 18:22:25 | Epoch 1 - Batch 1464 - Loss 0.078787
2026-06-18 18:22:25 | Epoch 1 - Batch 1465 - Loss 0.077738
2026-06-18 18:22:26 | Epoch 1 - Batch 1466 - Loss 0.070912
2026-06-18 18:22:26 | Epoch 1 - Batch 1467 - Loss 0.065527
2026-06-18 18:22:27 | Epoch 1 - Batch 1468 - Loss 0.079855
2026-06-18 18:22:27 | Epoch 1 - Batch 1469 - Loss 0.073905
2026-06-18 18:22:28 | Epoch 1 - Batch 1470 - Loss 0.070669
2026-06-18 18:22:28 | Epoch 1 - Batch 1471 - Loss 0.066785
2026-06-18 18:22:29 | Epoch 1 - Batch 1472 - Loss 0.077135
2026-06-18 18:22:29 | Epoch 1 - Batch 1473 - Loss 0.084185
2026-06-18 18:22:30 | Epoch 1 - Batch 1474 - Loss 0.081071
2026-06-18 18:22:31 | Epoch 1 - Batch 1475 - Loss 0.080371
2026-06-18 18:22:31 | Epoch 1 - Batch 1476 - Loss 0.074670
2026-06-18 18:22:32 | Epoch 1 - Batch 1477 - Loss 0.071939
2026-06-18 18:22:32 | Epoch 1 - Batch 1478 - Loss 0.066831
2026-06-18 18:22:33 | Epoch 1 - Batch 1479 - Loss 0.068207
2026-06-18 18:22:33 | Epoch 1 - Batch 1480 - Loss 0.073729
2026-06-18 18:22:34 | Epoch 1 - Batch 1481 - Loss 0.077244
2026-06-18 18:22:34 | Epoch 1 - Batch 1482 - Loss 0.072722
2026-06-18 18:22:35 | Epoch 1 - Batch 1483 - Loss 0.068988
2026-06-18 18:22:35 | Epoch 1 - Batch 1484 - Loss 0.074785
2026-06-18 18:22:36 | Epoch 1 - Batch 1485 - Loss 0.072967
2026-06-18 18:22:36 | Epoch 1 - Batch 1486 - Loss 0.078098
2026-06-18 18:22:36 | Epoch 1 - Batch 1487 - Loss 0.078304
2026-06-18 18:22:37 | Epoch 1 - Batch 1488 - Loss 0.071323
2026-06-18 18:22:37 | Epoch 1 - Batch 1489 - Loss 0.070420
2026-06-18 18:22:38 | Epoch 1 - Batch 1490 - Loss 0.075901
2026-06-18 18:22:38 | Epoch 1 - Batch 1491 - Loss 0.075947
2026-06-18 18:22:39 | Epoch 1 - Batch 1492 - Loss 0.074907
2026-06-18 18:22:39 | Epoch 1 - Batch 1493 - Loss 0.069192
2026-06-18 18:22:40 | Epoch 1 - Batch 1494 - Loss 0.077131
2026-06-18 18:22:40 | Epoch 1 - Batch 1495 - Loss 0.067347
2026-06-18 18:22:41 | Epoch 1 - Batch 1496 - Loss 0.077885
2026-06-18 18:22:41 | Epoch 1 - Batch 1497 - Loss 0.067890
2026-06-18 18:22:42 | Epoch 1 - Batch 1498 - Loss 0.072785
2026-06-18 18:22:42 | Epoch 1 - Batch 1499 - Loss 0.077599
2026-06-18 18:22:43 | Epoch 1 - Batch 1500 - Loss 0.080310
2026-06-18 18:22:43 | Epoch 1 - Batch 1501 - Loss 0.070862
2026-06-18 18:22:44 | Epoch 1 - Batch 1502 - Loss 0.070769
2026-06-18 18:22:44 | Epoch 1 - Batch 1503 - Loss 0.074247
2026-06-18 18:22:45 | Epoch 1 - Batch 1504 - Loss 0.071934
2026-06-18 18:22:45 | Epoch 1 - Batch 1505 - Loss 0.077145
2026-06-18 18:22:46 | Epoch 1 - Batch 1506 - Loss 0.079000
2026-06-18 18:22:46 | Epoch 1 - Batch 1507 - Loss 0.065019
2026-06-18 18:22:47 | Epoch 1 - Batch 1508 - Loss 0.078501
2026-06-18 18:22:47 | Epoch 1 - Batch 1509 - Loss 0.072238
2026-06-18 18:22:48 | Epoch 1 - Batch 1510 - Loss 0.068265
2026-06-18 18:22:48 | Epoch 1 - Batch 1511 - Loss 0.070514
2026-06-18 18:22:49 | Epoch 1 - Batch 1512 - Loss 0.074742
2026-06-18 18:22:49 | Epoch 1 - Batch 1513 - Loss 0.073026
2026-06-18 18:22:50 | Epoch 1 - Batch 1514 - Loss 0.071496
2026-06-18 18:22:50 | Epoch 1 - Batch 1515 - Loss 0.076848
2026-06-18 18:22:51 | Epoch 1 - Batch 1516 - Loss 0.074862
2026-06-18 18:22:51 | Epoch 1 - Batch 1517 - Loss 0.067146
2026-06-18 18:22:52 | Epoch 1 - Batch 1518 - Loss 0.067395
2026-06-18 18:22:52 | Epoch 1 - Batch 1519 - Loss 0.069363
2026-06-18 18:22:53 | Epoch 1 - Batch 1520 - Loss 0.075456
2026-06-18 18:22:53 | Epoch 1 - Batch 1521 - Loss 0.075614
2026-06-18 18:22:54 | Epoch 1 - Batch 1522 - Loss 0.083974
2026-06-18 18:22:54 | Epoch 1 - Batch 1523 - Loss 0.074432
2026-06-18 18:22:55 | Epoch 1 - Batch 1524 - Loss 0.077824
2026-06-18 18:22:55 | Epoch 1 - Batch 1525 - Loss 0.082517
2026-06-18 18:22:56 | Epoch 1 - Batch 1526 - Loss 0.072509
2026-06-18 18:22:56 | Epoch 1 - Batch 1527 - Loss 0.067769
2026-06-18 18:22:57 | Epoch 1 - Batch 1528 - Loss 0.067643
2026-06-18 18:22:57 | Epoch 1 - Batch 1529 - Loss 0.071388
2026-06-18 18:22:58 | Epoch 1 - Batch 1530 - Loss 0.074752
2026-06-18 18:22:58 | Epoch 1 - Batch 1531 - Loss 0.071960
2026-06-18 18:22:59 | Epoch 1 - Batch 1532 - Loss 0.072615
2026-06-18 18:22:59 | Epoch 1 - Batch 1533 - Loss 0.068537
2026-06-18 18:23:00 | Epoch 1 - Batch 1534 - Loss 0.075686
2026-06-18 18:23:00 | Epoch 1 - Batch 1535 - Loss 0.078687
2026-06-18 18:23:01 | Epoch 1 - Batch 1536 - Loss 0.080228
2026-06-18 18:23:01 | Epoch 1 - Batch 1537 - Loss 0.075361
2026-06-18 18:23:02 | Epoch 1 - Batch 1538 - Loss 0.072141
2026-06-18 18:23:02 | Epoch 1 - Batch 1539 - Loss 0.073795
2026-06-18 18:23:03 | Epoch 1 - Batch 1540 - Loss 0.077573
2026-06-18 18:23:03 | Epoch 1 - Batch 1541 - Loss 0.071749
2026-06-18 18:23:04 | Epoch 1 - Batch 1542 - Loss 0.073954
2026-06-18 18:23:04 | Epoch 1 - Batch 1543 - Loss 0.074011
2026-06-18 18:23:05 | Epoch 1 - Batch 1544 - Loss 0.076743
2026-06-18 18:23:05 | Epoch 1 - Batch 1545 - Loss 0.080982
2026-06-18 18:23:06 | Epoch 1 - Batch 1546 - Loss 0.080713
2026-06-18 18:23:06 | Epoch 1 - Batch 1547 - Loss 0.079131
2026-06-18 18:23:07 | Epoch 1 - Batch 1548 - Loss 0.066851
2026-06-18 18:23:07 | Epoch 1 - Batch 1549 - Loss 0.068627
2026-06-18 18:23:08 | Epoch 1 - Batch 1550 - Loss 0.071085
2026-06-18 18:23:08 | Epoch 1 - Batch 1551 - Loss 0.070136
2026-06-18 18:23:09 | Epoch 1 - Batch 1552 - Loss 0.076829
2026-06-18 18:23:09 | Epoch 1 - Batch 1553 - Loss 0.074269
2026-06-18 18:23:10 | Epoch 1 - Batch 1554 - Loss 0.066980
2026-06-18 18:23:10 | Epoch 1 - Batch 1555 - Loss 0.068898
2026-06-18 18:23:11 | Epoch 1 - Batch 1556 - Loss 0.068610
2026-06-18 18:23:11 | Epoch 1 - Batch 1557 - Loss 0.080188
2026-06-18 18:23:12 | Epoch 1 - Batch 1558 - Loss 0.070773
2026-06-18 18:23:12 | Epoch 1 - Batch 1559 - Loss 0.080406
2026-06-18 18:23:13 | Epoch 1 - Batch 1560 - Loss 0.075136
2026-06-18 18:23:13 | Epoch 1 - Batch 1561 - Loss 0.074599
2026-06-18 18:23:14 | Epoch 1 - Batch 1562 - Loss 0.076841
2026-06-18 18:23:14 | Epoch 1 - Batch 1563 - Loss 0.069026
2026-06-18 18:23:15 | Epoch 1 - Batch 1564 - Loss 0.063568
2026-06-18 18:23:15 | Epoch 1 - Batch 1565 - Loss 0.072290
2026-06-18 18:23:16 | Epoch 1 - Batch 1566 - Loss 0.068692
2026-06-18 18:23:16 | Epoch 1 - Batch 1567 - Loss 0.080335
2026-06-18 18:23:17 | Epoch 1 - Batch 1568 - Loss 0.076192
2026-06-18 18:23:17 | Epoch 1 - Batch 1569 - Loss 0.073729
2026-06-18 18:23:18 | Epoch 1 - Batch 1570 - Loss 0.072527
2026-06-18 18:23:18 | Epoch 1 - Batch 1571 - Loss 0.072025
2026-06-18 18:23:19 | Epoch 1 - Batch 1572 - Loss 0.078877
2026-06-18 18:23:19 | Epoch 1 - Batch 1573 - Loss 0.070303
2026-06-18 18:23:20 | Epoch 1 - Batch 1574 - Loss 0.075079
2026-06-18 18:23:20 | Epoch 1 - Batch 1575 - Loss 0.079646
2026-06-18 18:23:21 | Epoch 1 - Batch 1576 - Loss 0.072606
2026-06-18 18:23:21 | Epoch 1 - Batch 1577 - Loss 0.078582
2026-06-18 18:23:22 | Epoch 1 - Batch 1578 - Loss 0.076578
2026-06-18 18:23:22 | Epoch 1 - Batch 1579 - Loss 0.078597
2026-06-18 18:23:23 | Epoch 1 - Batch 1580 - Loss 0.079995
2026-06-18 18:23:23 | Epoch 1 - Batch 1581 - Loss 0.074242
2026-06-18 18:23:24 | Epoch 1 - Batch 1582 - Loss 0.072385
2026-06-18 18:23:24 | Epoch 1 - Batch 1583 - Loss 0.082020
2026-06-18 18:23:25 | Epoch 1 - Batch 1584 - Loss 0.085947
2026-06-18 18:23:25 | Epoch 1 - Batch 1585 - Loss 0.079056
2026-06-18 18:23:26 | Epoch 1 - Batch 1586 - Loss 0.064621
2026-06-18 18:23:26 | Epoch 1 - Batch 1587 - Loss 0.074436
2026-06-18 18:23:27 | Epoch 1 - Batch 1588 - Loss 0.071628
2026-06-18 18:23:27 | Epoch 1 - Batch 1589 - Loss 0.078542
2026-06-18 18:23:28 | Epoch 1 - Batch 1590 - Loss 0.072381
2026-06-18 18:23:28 | Epoch 1 - Batch 1591 - Loss 0.081314
2026-06-18 18:23:29 | Epoch 1 - Batch 1592 - Loss 0.071635
2026-06-18 18:23:29 | Epoch 1 - Batch 1593 - Loss 0.078219
2026-06-18 18:23:30 | Epoch 1 - Batch 1594 - Loss 0.072855
2026-06-18 18:23:30 | Epoch 1 - Batch 1595 - Loss 0.075570
2026-06-18 18:23:31 | Epoch 1 - Batch 1596 - Loss 0.074619
2026-06-18 18:23:31 | Epoch 1 - Batch 1597 - Loss 0.076825
2026-06-18 18:23:32 | Epoch 1 - Batch 1598 - Loss 0.076715
2026-06-18 18:23:32 | Epoch 1 - Batch 1599 - Loss 0.076670
2026-06-18 18:23:33 | Epoch 1 - Batch 1600 - Loss 0.070426
2026-06-18 18:23:33 | Epoch 1 - Batch 1601 - Loss 0.077104
2026-06-18 18:23:34 | Epoch 1 - Batch 1602 - Loss 0.072527
2026-06-18 18:23:34 | Epoch 1 - Batch 1603 - Loss 0.076460
2026-06-18 18:23:35 | Epoch 1 - Batch 1604 - Loss 0.066720
2026-06-18 18:23:35 | Epoch 1 - Batch 1605 - Loss 0.072206
2026-06-18 18:23:36 | Epoch 1 - Batch 1606 - Loss 0.074094
2026-06-18 18:23:36 | Epoch 1 - Batch 1607 - Loss 0.072229
2026-06-18 18:23:37 | Epoch 1 - Batch 1608 - Loss 0.080036
2026-06-18 18:23:37 | Epoch 1 - Batch 1609 - Loss 0.075914
2026-06-18 18:23:38 | Epoch 1 - Batch 1610 - Loss 0.079225
2026-06-18 18:23:38 | Epoch 1 - Batch 1611 - Loss 0.066902
2026-06-18 18:23:39 | Epoch 1 - Batch 1612 - Loss 0.066181
2026-06-18 18:23:39 | Epoch 1 - Batch 1613 - Loss 0.080438
2026-06-18 18:23:40 | Epoch 1 - Batch 1614 - Loss 0.072829
2026-06-18 18:23:40 | Epoch 1 - Batch 1615 - Loss 0.064825
2026-06-18 18:23:41 | Epoch 1 - Batch 1616 - Loss 0.071557
2026-06-18 18:23:41 | Epoch 1 - Batch 1617 - Loss 0.080585
2026-06-18 18:23:42 | Epoch 1 - Batch 1618 - Loss 0.064667
2026-06-18 18:23:42 | Epoch 1 - Batch 1619 - Loss 0.072942
2026-06-18 18:23:43 | Epoch 1 - Batch 1620 - Loss 0.069769
2026-06-18 18:23:43 | Epoch 1 - Batch 1621 - Loss 0.076704
2026-06-18 18:23:44 | Epoch 1 - Batch 1622 - Loss 0.076685
2026-06-18 18:23:44 | Epoch 1 - Batch 1623 - Loss 0.075575
2026-06-18 18:23:45 | Epoch 1 - Batch 1624 - Loss 0.081427
2026-06-18 18:23:45 | Epoch 1 - Batch 1625 - Loss 0.084856
2026-06-18 18:23:46 | Epoch 1 - Batch 1626 - Loss 0.079657
2026-06-18 18:23:46 | Epoch 1 - Batch 1627 - Loss 0.065933
2026-06-18 18:23:47 | Epoch 1 - Batch 1628 - Loss 0.068598
2026-06-18 18:23:47 | Epoch 1 - Batch 1629 - Loss 0.074088
2026-06-18 18:23:48 | Epoch 1 - Batch 1630 - Loss 0.071876
2026-06-18 18:23:48 | Epoch 1 - Batch 1631 - Loss 0.077244
2026-06-18 18:23:49 | Epoch 1 - Batch 1632 - Loss 0.072612
2026-06-18 18:23:49 | Epoch 1 - Batch 1633 - Loss 0.070084
2026-06-18 18:23:50 | Epoch 1 - Batch 1634 - Loss 0.079190
2026-06-18 18:23:50 | Epoch 1 - Batch 1635 - Loss 0.071548
2026-06-18 18:23:51 | Epoch 1 - Batch 1636 - Loss 0.076588
2026-06-18 18:23:51 | Epoch 1 - Batch 1637 - Loss 0.066759
2026-06-18 18:23:52 | Epoch 1 - Batch 1638 - Loss 0.063960
2026-06-18 18:23:52 | Epoch 1 - Batch 1639 - Loss 0.070074
2026-06-18 18:23:53 | Epoch 1 - Batch 1640 - Loss 0.066882
2026-06-18 18:23:53 | Epoch 1 - Batch 1641 - Loss 0.076140
2026-06-18 18:23:54 | Epoch 1 - Batch 1642 - Loss 0.076087
2026-06-18 18:23:54 | Epoch 1 - Batch 1643 - Loss 0.075952
2026-06-18 18:23:55 | Epoch 1 - Batch 1644 - Loss 0.075658
2026-06-18 18:23:55 | Epoch 1 - Batch 1645 - Loss 0.063557
2026-06-18 18:23:56 | Epoch 1 - Batch 1646 - Loss 0.069427
2026-06-18 18:23:56 | Epoch 1 - Batch 1647 - Loss 0.067382
2026-06-18 18:23:57 | Epoch 1 - Batch 1648 - Loss 0.074489
2026-06-18 18:23:57 | Epoch 1 - Batch 1649 - Loss 0.072740
2026-06-18 18:23:58 | Epoch 1 - Batch 1650 - Loss 0.065813
2026-06-18 18:23:58 | Epoch 1 - Batch 1651 - Loss 0.069161
2026-06-18 18:23:59 | Epoch 1 - Batch 1652 - Loss 0.072977
2026-06-18 18:23:59 | Epoch 1 - Batch 1653 - Loss 0.082072
2026-06-18 18:24:00 | Epoch 1 - Batch 1654 - Loss 0.073845
2026-06-18 18:24:00 | Epoch 1 - Batch 1655 - Loss 0.070736
2026-06-18 18:24:01 | Epoch 1 - Batch 1656 - Loss 0.070259
2026-06-18 18:24:01 | Epoch 1 - Batch 1657 - Loss 0.074911
2026-06-18 18:24:02 | Epoch 1 - Batch 1658 - Loss 0.071448
2026-06-18 18:24:02 | Epoch 1 - Batch 1659 - Loss 0.068093
2026-06-18 18:24:03 | Epoch 1 - Batch 1660 - Loss 0.064885
2026-06-18 18:24:03 | Epoch 1 - Batch 1661 - Loss 0.071573
2026-06-18 18:24:04 | Epoch 1 - Batch 1662 - Loss 0.068428
2026-06-18 18:24:04 | Epoch 1 - Batch 1663 - Loss 0.067341
2026-06-18 18:24:05 | Epoch 1 - Batch 1664 - Loss 0.071510
2026-06-18 18:24:05 | Epoch 1 - Batch 1665 - Loss 0.072039
2026-06-18 18:24:06 | Epoch 1 - Batch 1666 - Loss 0.070697
2026-06-18 18:24:06 | Epoch 1 - Batch 1667 - Loss 0.067783
2026-06-18 18:24:07 | Epoch 1 - Batch 1668 - Loss 0.067061
2026-06-18 18:24:07 | Epoch 1 - Batch 1669 - Loss 0.070554
2026-06-18 18:24:08 | Epoch 1 - Batch 1670 - Loss 0.073233
2026-06-18 18:24:08 | Epoch 1 - Batch 1671 - Loss 0.076419
2026-06-18 18:24:09 | Epoch 1 - Batch 1672 - Loss 0.079269
2026-06-18 18:24:09 | Epoch 1 - Batch 1673 - Loss 0.074857
2026-06-18 18:24:10 | Epoch 1 - Batch 1674 - Loss 0.068529
2026-06-18 18:24:10 | Epoch 1 - Batch 1675 - Loss 0.073496
2026-06-18 18:24:11 | Epoch 1 - Batch 1676 - Loss 0.072097
2026-06-18 18:24:11 | Epoch 1 - Batch 1677 - Loss 0.079839
2026-06-18 18:24:12 | Epoch 1 - Batch 1678 - Loss 0.061919
2026-06-18 18:24:12 | Epoch 1 - Batch 1679 - Loss 0.069168
2026-06-18 18:24:13 | Epoch 1 - Batch 1680 - Loss 0.070644
2026-06-18 18:24:13 | Epoch 1 - Batch 1681 - Loss 0.066733
2026-06-18 18:24:14 | Epoch 1 - Batch 1682 - Loss 0.074432
2026-06-18 18:24:14 | Epoch 1 - Batch 1683 - Loss 0.067277
2026-06-18 18:24:15 | Epoch 1 - Batch 1684 - Loss 0.068090
2026-06-18 18:24:15 | Epoch 1 - Batch 1685 - Loss 0.067640
2026-06-18 18:24:16 | Epoch 1 - Batch 1686 - Loss 0.076485
2026-06-18 18:24:16 | Epoch 1 - Batch 1687 - Loss 0.066345
2026-06-18 18:24:17 | Epoch 1 - Batch 1688 - Loss 0.071098
2026-06-18 18:24:17 | Epoch 1 - Batch 1689 - Loss 0.070002
2026-06-18 18:24:18 | Epoch 1 - Batch 1690 - Loss 0.066180
2026-06-18 18:24:18 | Epoch 1 - Batch 1691 - Loss 0.079257
2026-06-18 18:24:19 | Epoch 1 - Batch 1692 - Loss 0.072835
2026-06-18 18:24:19 | Epoch 1 - Batch 1693 - Loss 0.067906
2026-06-18 18:24:20 | Epoch 1 - Batch 1694 - Loss 0.071485
2026-06-18 18:24:20 | Epoch 1 - Batch 1695 - Loss 0.077415
2026-06-18 18:24:20 | Epoch 1 - Batch 1696 - Loss 0.072190
2026-06-18 18:24:21 | Epoch 1 - Batch 1697 - Loss 0.067584
2026-06-18 18:24:21 | Epoch 1 - Batch 1698 - Loss 0.075287
2026-06-18 18:24:22 | Epoch 1 - Batch 1699 - Loss 0.076174
2026-06-18 18:24:22 | Epoch 1 - Batch 1700 - Loss 0.078322
2026-06-18 18:24:23 | Epoch 1 - Batch 1701 - Loss 0.072207
2026-06-18 18:24:23 | Epoch 1 - Batch 1702 - Loss 0.068002
2026-06-18 18:24:24 | Epoch 1 - Batch 1703 - Loss 0.070994
2026-06-18 18:24:24 | Epoch 1 - Batch 1704 - Loss 0.071282
2026-06-18 18:24:25 | Epoch 1 - Batch 1705 - Loss 0.068006
2026-06-18 18:24:25 | Epoch 1 - Batch 1706 - Loss 0.067071
2026-06-18 18:24:26 | Epoch 1 - Batch 1707 - Loss 0.074169
2026-06-18 18:24:26 | Epoch 1 - Batch 1708 - Loss 0.068851
2026-06-18 18:24:27 | Epoch 1 - Batch 1709 - Loss 0.082285
2026-06-18 18:24:27 | Epoch 1 - Batch 1710 - Loss 0.078251
2026-06-18 18:24:28 | Epoch 1 - Batch 1711 - Loss 0.071172
2026-06-18 18:24:28 | Epoch 1 - Batch 1712 - Loss 0.071542
2026-06-18 18:24:29 | Epoch 1 - Batch 1713 - Loss 0.069433
2026-06-18 18:24:29 | Epoch 1 - Batch 1714 - Loss 0.073876
2026-06-18 18:24:30 | Epoch 1 - Batch 1715 - Loss 0.073552
2026-06-18 18:24:30 | Epoch 1 - Batch 1716 - Loss 0.061383
2026-06-18 18:24:31 | Epoch 1 - Batch 1717 - Loss 0.079501
2026-06-18 18:24:31 | Epoch 1 - Batch 1718 - Loss 0.070659
2026-06-18 18:24:32 | Epoch 1 - Batch 1719 - Loss 0.075965
2026-06-18 18:24:32 | Epoch 1 - Batch 1720 - Loss 0.069037
2026-06-18 18:24:33 | Epoch 1 - Batch 1721 - Loss 0.068332
2026-06-18 18:24:33 | Epoch 1 - Batch 1722 - Loss 0.069568
2026-06-18 18:24:34 | Epoch 1 - Batch 1723 - Loss 0.085833
2026-06-18 18:24:34 | Epoch 1 - Batch 1724 - Loss 0.077165
2026-06-18 18:24:35 | Epoch 1 - Batch 1725 - Loss 0.073239
2026-06-18 18:24:35 | Epoch 1 - Batch 1726 - Loss 0.079348
2026-06-18 18:24:36 | Epoch 1 - Batch 1727 - Loss 0.063327
2026-06-18 18:24:36 | Epoch 1 - Batch 1728 - Loss 0.075253
2026-06-18 18:24:37 | Epoch 1 - Batch 1729 - Loss 0.067993
2026-06-18 18:24:37 | Epoch 1 - Batch 1730 - Loss 0.067587
2026-06-18 18:24:38 | Epoch 1 - Batch 1731 - Loss 0.074407
2026-06-18 18:24:39 | Epoch 1 - Batch 1732 - Loss 0.068596
2026-06-18 18:24:39 | Epoch 1 - Batch 1733 - Loss 0.077665
2026-06-18 18:24:40 | Epoch 1 - Batch 1734 - Loss 0.072227
2026-06-18 18:24:40 | Epoch 1 - Batch 1735 - Loss 0.072858
2026-06-18 18:24:40 | Epoch 1 - Batch 1736 - Loss 0.064396
2026-06-18 18:24:41 | Epoch 1 - Batch 1737 - Loss 0.062157
2026-06-18 18:24:41 | Epoch 1 - Batch 1738 - Loss 0.072947
2026-06-18 18:24:42 | Epoch 1 - Batch 1739 - Loss 0.071015
2026-06-18 18:24:42 | Epoch 1 - Batch 1740 - Loss 0.072497
2026-06-18 18:24:43 | Epoch 1 - Batch 1741 - Loss 0.071313
2026-06-18 18:24:44 | Epoch 1 - Batch 1742 - Loss 0.070777
2026-06-18 18:24:44 | Epoch 1 - Batch 1743 - Loss 0.065256
2026-06-18 18:24:45 | Epoch 1 - Batch 1744 - Loss 0.077407
2026-06-18 18:24:45 | Epoch 1 - Batch 1745 - Loss 0.070231
2026-06-18 18:24:46 | Epoch 1 - Batch 1746 - Loss 0.062903
2026-06-18 18:24:46 | Epoch 1 - Batch 1747 - Loss 0.072369
2026-06-18 18:24:47 | Epoch 1 - Batch 1748 - Loss 0.072963
2026-06-18 18:24:47 | Epoch 1 - Batch 1749 - Loss 0.069020
2026-06-18 18:24:48 | Epoch 1 - Batch 1750 - Loss 0.067029
2026-06-18 18:24:48 | Epoch 1 - Batch 1751 - Loss 0.070697
2026-06-18 18:24:49 | Epoch 1 - Batch 1752 - Loss 0.075363
2026-06-18 18:24:49 | Epoch 1 - Batch 1753 - Loss 0.069660
2026-06-18 18:24:50 | Epoch 1 - Batch 1754 - Loss 0.072429
2026-06-18 18:24:50 | Epoch 1 - Batch 1755 - Loss 0.075157
2026-06-18 18:24:51 | Epoch 1 - Batch 1756 - Loss 0.072720
2026-06-18 18:24:51 | Epoch 1 - Batch 1757 - Loss 0.073149
2026-06-18 18:24:52 | Epoch 1 - Batch 1758 - Loss 0.076627
2026-06-18 18:24:52 | Epoch 1 - Batch 1759 - Loss 0.065584
2026-06-18 18:24:53 | Epoch 1 - Batch 1760 - Loss 0.069077
2026-06-18 18:24:53 | Epoch 1 - Batch 1761 - Loss 0.071631
2026-06-18 18:24:54 | Epoch 1 - Batch 1762 - Loss 0.070951
2026-06-18 18:24:54 | Epoch 1 - Batch 1763 - Loss 0.071301
2026-06-18 18:24:55 | Epoch 1 - Batch 1764 - Loss 0.074462
2026-06-18 18:24:55 | Epoch 1 - Batch 1765 - Loss 0.071980
2026-06-18 18:24:56 | Epoch 1 - Batch 1766 - Loss 0.074333
2026-06-18 18:24:56 | Epoch 1 - Batch 1767 - Loss 0.074617
2026-06-18 18:24:57 | Epoch 1 - Batch 1768 - Loss 0.077404
2026-06-18 18:24:57 | Epoch 1 - Batch 1769 - Loss 0.077138
2026-06-18 18:24:58 | Epoch 1 - Batch 1770 - Loss 0.073252
2026-06-18 18:24:58 | Epoch 1 - Batch 1771 - Loss 0.072836
2026-06-18 18:24:59 | Epoch 1 - Batch 1772 - Loss 0.071626
2026-06-18 18:24:59 | Epoch 1 - Batch 1773 - Loss 0.075151
2026-06-18 18:25:00 | Epoch 1 - Batch 1774 - Loss 0.069552
2026-06-18 18:25:00 | Epoch 1 - Batch 1775 - Loss 0.066633
2026-06-18 18:25:01 | Epoch 1 - Batch 1776 - Loss 0.070948
2026-06-18 18:25:01 | Epoch 1 - Batch 1777 - Loss 0.067756
2026-06-18 18:25:02 | Epoch 1 - Batch 1778 - Loss 0.076221
2026-06-18 18:25:02 | Epoch 1 - Batch 1779 - Loss 0.071587
2026-06-18 18:25:03 | Epoch 1 - Batch 1780 - Loss 0.076184
2026-06-18 18:25:03 | Epoch 1 - Batch 1781 - Loss 0.075251
2026-06-18 18:25:04 | Epoch 1 - Batch 1782 - Loss 0.062919
2026-06-18 18:25:04 | Epoch 1 - Batch 1783 - Loss 0.070050
2026-06-18 18:25:05 | Epoch 1 - Batch 1784 - Loss 0.075028
2026-06-18 18:25:05 | Epoch 1 - Batch 1785 - Loss 0.076227
2026-06-18 18:25:06 | Epoch 1 - Batch 1786 - Loss 0.070267
2026-06-18 18:25:06 | Epoch 1 - Batch 1787 - Loss 0.072695
2026-06-18 18:25:07 | Epoch 1 - Batch 1788 - Loss 0.069541
2026-06-18 18:25:07 | Epoch 1 - Batch 1789 - Loss 0.069086
2026-06-18 18:25:08 | Epoch 1 - Batch 1790 - Loss 0.071775
2026-06-18 18:25:08 | Epoch 1 - Batch 1791 - Loss 0.070645
2026-06-18 18:25:09 | Epoch 1 - Batch 1792 - Loss 0.074251
2026-06-18 18:25:09 | Epoch 1 - Batch 1793 - Loss 0.074922
2026-06-18 18:25:10 | Epoch 1 - Batch 1794 - Loss 0.074357
2026-06-18 18:25:10 | Epoch 1 - Batch 1795 - Loss 0.070723
2026-06-18 18:25:11 | Epoch 1 - Batch 1796 - Loss 0.068897
2026-06-18 18:25:11 | Epoch 1 - Batch 1797 - Loss 0.069341
2026-06-18 18:25:12 | Epoch 1 - Batch 1798 - Loss 0.063463
2026-06-18 18:25:12 | Epoch 1 - Batch 1799 - Loss 0.073840
2026-06-18 18:25:13 | Epoch 1 - Batch 1800 - Loss 0.072059
2026-06-18 18:25:13 | Epoch 1 - Batch 1801 - Loss 0.068198
2026-06-18 18:25:14 | Epoch 1 - Batch 1802 - Loss 0.075622
2026-06-18 18:25:14 | Epoch 1 - Batch 1803 - Loss 0.075532
2026-06-18 18:25:15 | Epoch 1 - Batch 1804 - Loss 0.068783
2026-06-18 18:25:15 | Epoch 1 - Batch 1805 - Loss 0.074439
2026-06-18 18:25:16 | Epoch 1 - Batch 1806 - Loss 0.065527
2026-06-18 18:25:16 | Epoch 1 - Batch 1807 - Loss 0.080015
2026-06-18 18:25:17 | Epoch 1 - Batch 1808 - Loss 0.074502
2026-06-18 18:25:17 | Epoch 1 - Batch 1809 - Loss 0.083793
2026-06-18 18:25:18 | Epoch 1 - Batch 1810 - Loss 0.074125
2026-06-18 18:25:18 | Epoch 1 - Batch 1811 - Loss 0.063758
2026-06-18 18:25:19 | Epoch 1 - Batch 1812 - Loss 0.073048
2026-06-18 18:25:19 | Epoch 1 - Batch 1813 - Loss 0.068070
2026-06-18 18:25:20 | Epoch 1 - Batch 1814 - Loss 0.071677
2026-06-18 18:25:20 | Epoch 1 - Batch 1815 - Loss 0.070514
2026-06-18 18:25:21 | Epoch 1 - Batch 1816 - Loss 0.068848
2026-06-18 18:25:21 | Epoch 1 - Batch 1817 - Loss 0.067320
2026-06-18 18:25:22 | Epoch 1 - Batch 1818 - Loss 0.077698
2026-06-18 18:25:22 | Epoch 1 - Batch 1819 - Loss 0.069492
2026-06-18 18:25:23 | Epoch 1 - Batch 1820 - Loss 0.076828
2026-06-18 18:25:23 | Epoch 1 - Batch 1821 - Loss 0.073949
2026-06-18 18:25:24 | Epoch 1 - Batch 1822 - Loss 0.071557
2026-06-18 18:25:24 | Epoch 1 - Batch 1823 - Loss 0.065299
2026-06-18 18:25:25 | Epoch 1 - Batch 1824 - Loss 0.074517
2026-06-18 18:25:25 | Epoch 1 - Batch 1825 - Loss 0.072691
2026-06-18 18:25:26 | Epoch 1 - Batch 1826 - Loss 0.065333
2026-06-18 18:25:26 | Epoch 1 - Batch 1827 - Loss 0.066018
2026-06-18 18:25:27 | Epoch 1 - Batch 1828 - Loss 0.076872
2026-06-18 18:25:27 | Epoch 1 - Batch 1829 - Loss 0.064775
2026-06-18 18:25:28 | Epoch 1 - Batch 1830 - Loss 0.079412
2026-06-18 18:25:28 | Epoch 1 - Batch 1831 - Loss 0.069202
2026-06-18 18:25:29 | Epoch 1 - Batch 1832 - Loss 0.081682
2026-06-18 18:25:29 | Epoch 1 - Batch 1833 - Loss 0.067327
2026-06-18 18:25:30 | Epoch 1 - Batch 1834 - Loss 0.063954
2026-06-18 18:25:30 | Epoch 1 - Batch 1835 - Loss 0.069549
2026-06-18 18:25:31 | Epoch 1 - Batch 1836 - Loss 0.074688
2026-06-18 18:25:31 | Epoch 1 - Batch 1837 - Loss 0.066145
2026-06-18 18:25:32 | Epoch 1 - Batch 1838 - Loss 0.076562
2026-06-18 18:25:32 | Epoch 1 - Batch 1839 - Loss 0.070296
2026-06-18 18:25:33 | Epoch 1 - Batch 1840 - Loss 0.067893
2026-06-18 18:25:33 | Epoch 1 - Batch 1841 - Loss 0.074278
2026-06-18 18:25:34 | Epoch 1 - Batch 1842 - Loss 0.068689
2026-06-18 18:25:34 | Epoch 1 - Batch 1843 - Loss 0.061742
2026-06-18 18:25:35 | Epoch 1 - Batch 1844 - Loss 0.075175
2026-06-18 18:25:35 | Epoch 1 - Batch 1845 - Loss 0.066632
2026-06-18 18:25:36 | Epoch 1 - Batch 1846 - Loss 0.074505
2026-06-18 18:25:36 | Epoch 1 - Batch 1847 - Loss 0.071774
2026-06-18 18:25:37 | Epoch 1 - Batch 1848 - Loss 0.072046
2026-06-18 18:25:37 | Epoch 1 - Batch 1849 - Loss 0.071895
2026-06-18 18:25:38 | Epoch 1 - Batch 1850 - Loss 0.070570
2026-06-18 18:25:38 | Epoch 1 - Batch 1851 - Loss 0.081652
2026-06-18 18:25:39 | Epoch 1 - Batch 1852 - Loss 0.068482
2026-06-18 18:25:39 | Epoch 1 - Batch 1853 - Loss 0.065444
2026-06-18 18:25:40 | Epoch 1 - Batch 1854 - Loss 0.067102
2026-06-18 18:25:40 | Epoch 1 - Batch 1855 - Loss 0.067799
2026-06-18 18:25:41 | Epoch 1 - Batch 1856 - Loss 0.064221
2026-06-18 18:25:41 | Epoch 1 - Batch 1857 - Loss 0.067856
2026-06-18 18:25:41 | Epoch 1 - Batch 1858 - Loss 0.066036
2026-06-18 18:25:42 | Epoch 1 - Batch 1859 - Loss 0.068011
2026-06-18 18:25:42 | Epoch 1 - Batch 1860 - Loss 0.066662
2026-06-18 18:25:43 | Epoch 1 - Batch 1861 - Loss 0.073908
2026-06-18 18:25:43 | Epoch 1 - Batch 1862 - Loss 0.077580
2026-06-18 18:25:44 | Epoch 1 - Batch 1863 - Loss 0.070825
2026-06-18 18:25:44 | Epoch 1 - Batch 1864 - Loss 0.062727
2026-06-18 18:25:45 | Epoch 1 - Batch 1865 - Loss 0.066469
2026-06-18 18:25:45 | Epoch 1 - Batch 1866 - Loss 0.062213
2026-06-18 18:25:46 | Epoch 1 - Batch 1867 - Loss 0.071506
2026-06-18 18:25:46 | Epoch 1 - Batch 1868 - Loss 0.070083
2026-06-18 18:25:47 | Epoch 1 - Batch 1869 - Loss 0.066174
2026-06-18 18:25:47 | Epoch 1 - Batch 1870 - Loss 0.078270
2026-06-18 18:25:48 | Epoch 1 - Batch 1871 - Loss 0.068874
2026-06-18 18:25:48 | Epoch 1 - Batch 1872 - Loss 0.066624
2026-06-18 18:25:49 | Epoch 1 - Batch 1873 - Loss 0.068476
2026-06-18 18:25:49 | Epoch 1 - Batch 1874 - Loss 0.082031
2026-06-18 18:25:50 | Epoch 1 - Batch 1875 - Loss 0.065054
2026-06-18 18:25:50 | Epoch 1 - Batch 1876 - Loss 0.077200
2026-06-18 18:25:51 | Epoch 1 - Batch 1877 - Loss 0.067196
2026-06-18 18:25:51 | Epoch 1 - Batch 1878 - Loss 0.064702
2026-06-18 18:25:52 | Epoch 1 - Batch 1879 - Loss 0.071621
2026-06-18 18:25:52 | Epoch 1 - Batch 1880 - Loss 0.078045
2026-06-18 18:25:53 | Epoch 1 - Batch 1881 - Loss 0.076412
2026-06-18 18:25:53 | Epoch 1 - Batch 1882 - Loss 0.080091
2026-06-18 18:25:54 | Epoch 1 - Batch 1883 - Loss 0.075088
2026-06-18 18:25:54 | Epoch 1 - Batch 1884 - Loss 0.065851
2026-06-18 18:25:55 | Epoch 1 - Batch 1885 - Loss 0.073131
2026-06-18 18:25:55 | Epoch 1 - Batch 1886 - Loss 0.072503
2026-06-18 18:25:56 | Epoch 1 - Batch 1887 - Loss 0.073792
2026-06-18 18:25:56 | Epoch 1 - Batch 1888 - Loss 0.074187
2026-06-18 18:25:57 | Epoch 1 - Batch 1889 - Loss 0.068724
2026-06-18 18:25:57 | Epoch 1 - Batch 1890 - Loss 0.068328
2026-06-18 18:25:58 | Epoch 1 - Batch 1891 - Loss 0.075170
2026-06-18 18:25:58 | Epoch 1 - Batch 1892 - Loss 0.066827
2026-06-18 18:25:59 | Epoch 1 - Batch 1893 - Loss 0.067184
2026-06-18 18:25:59 | Epoch 1 - Batch 1894 - Loss 0.070567
2026-06-18 18:26:00 | Epoch 1 - Batch 1895 - Loss 0.068151
2026-06-18 18:26:00 | Epoch 1 - Batch 1896 - Loss 0.070483
2026-06-18 18:26:01 | Epoch 1 - Batch 1897 - Loss 0.068123
2026-06-18 18:26:01 | Epoch 1 - Batch 1898 - Loss 0.073023
2026-06-18 18:26:02 | Epoch 1 - Batch 1899 - Loss 0.070857
2026-06-18 18:26:02 | Epoch 1 - Batch 1900 - Loss 0.069239
2026-06-18 18:26:03 | Epoch 1 - Batch 1901 - Loss 0.068658
2026-06-18 18:26:03 | Epoch 1 - Batch 1902 - Loss 0.071558
2026-06-18 18:26:04 | Epoch 1 - Batch 1903 - Loss 0.077772
2026-06-18 18:26:04 | Epoch 1 - Batch 1904 - Loss 0.075701
2026-06-18 18:26:05 | Epoch 1 - Batch 1905 - Loss 0.059222
2026-06-18 18:26:05 | Epoch 1 - Batch 1906 - Loss 0.066263
2026-06-18 18:26:06 | Epoch 1 - Batch 1907 - Loss 0.076282
2026-06-18 18:26:06 | Epoch 1 - Batch 1908 - Loss 0.066315
2026-06-18 18:26:07 | Epoch 1 - Batch 1909 - Loss 0.063571
2026-06-18 18:26:07 | Epoch 1 - Batch 1910 - Loss 0.062920
2026-06-18 18:26:08 | Epoch 1 - Batch 1911 - Loss 0.068163
2026-06-18 18:26:08 | Epoch 1 - Batch 1912 - Loss 0.061332
2026-06-18 18:26:09 | Epoch 1 - Batch 1913 - Loss 0.074822
2026-06-18 18:26:09 | Epoch 1 - Batch 1914 - Loss 0.068903
2026-06-18 18:26:10 | Epoch 1 - Batch 1915 - Loss 0.059772
2026-06-18 18:26:10 | Epoch 1 - Batch 1916 - Loss 0.066659
2026-06-18 18:26:11 | Epoch 1 - Batch 1917 - Loss 0.064044
2026-06-18 18:26:11 | Epoch 1 - Batch 1918 - Loss 0.067585
2026-06-18 18:26:12 | Epoch 1 - Batch 1919 - Loss 0.061985
2026-06-18 18:26:12 | Epoch 1 - Batch 1920 - Loss 0.066520
2026-06-18 18:26:13 | Epoch 1 - Batch 1921 - Loss 0.072003
2026-06-18 18:26:13 | Epoch 1 - Batch 1922 - Loss 0.066777
2026-06-18 18:26:14 | Epoch 1 - Batch 1923 - Loss 0.063162
2026-06-18 18:26:14 | Epoch 1 - Batch 1924 - Loss 0.072178
2026-06-18 18:26:15 | Epoch 1 - Batch 1925 - Loss 0.065688
2026-06-18 18:26:15 | Epoch 1 - Batch 1926 - Loss 0.065192
2026-06-18 18:26:16 | Epoch 1 - Batch 1927 - Loss 0.065771
2026-06-18 18:26:16 | Epoch 1 - Batch 1928 - Loss 0.067256
2026-06-18 18:26:17 | Epoch 1 - Batch 1929 - Loss 0.069905
2026-06-18 18:26:17 | Epoch 1 - Batch 1930 - Loss 0.071213
2026-06-18 18:26:18 | Epoch 1 - Batch 1931 - Loss 0.062428
2026-06-18 18:26:18 | Epoch 1 - Batch 1932 - Loss 0.070262
2026-06-18 18:26:19 | Epoch 1 - Batch 1933 - Loss 0.069167
2026-06-18 18:26:19 | Epoch 1 - Batch 1934 - Loss 0.062384
2026-06-18 18:26:20 | Epoch 1 - Batch 1935 - Loss 0.069037
2026-06-18 18:26:20 | Epoch 1 - Batch 1936 - Loss 0.065882
2026-06-18 18:26:21 | Epoch 1 - Batch 1937 - Loss 0.064311
2026-06-18 18:26:21 | Epoch 1 - Batch 1938 - Loss 0.072984
2026-06-18 18:26:22 | Epoch 1 - Batch 1939 - Loss 0.068873
2026-06-18 18:26:22 | Epoch 1 - Batch 1940 - Loss 0.068206
2026-06-18 18:26:23 | Epoch 1 - Batch 1941 - Loss 0.070899
2026-06-18 18:26:23 | Epoch 1 - Batch 1942 - Loss 0.072824
2026-06-18 18:26:24 | Epoch 1 - Batch 1943 - Loss 0.068961
2026-06-18 18:26:24 | Epoch 1 - Batch 1944 - Loss 0.074952
2026-06-18 18:26:25 | Epoch 1 - Batch 1945 - Loss 0.076186
2026-06-18 18:26:25 | Epoch 1 - Batch 1946 - Loss 0.073511
2026-06-18 18:26:26 | Epoch 1 - Batch 1947 - Loss 0.065116
2026-06-18 18:26:26 | Epoch 1 - Batch 1948 - Loss 0.074633
2026-06-18 18:26:27 | Epoch 1 - Batch 1949 - Loss 0.071873
2026-06-18 18:26:27 | Epoch 1 - Batch 1950 - Loss 0.071528
2026-06-18 18:26:28 | Epoch 1 - Batch 1951 - Loss 0.066594
2026-06-18 18:26:28 | Epoch 1 - Batch 1952 - Loss 0.069487
2026-06-18 18:26:29 | Epoch 1 - Batch 1953 - Loss 0.071335
2026-06-18 18:26:29 | Epoch 1 - Batch 1954 - Loss 0.073672
2026-06-18 18:26:30 | Epoch 1 - Batch 1955 - Loss 0.070171
2026-06-18 18:26:30 | Epoch 1 - Batch 1956 - Loss 0.073317
2026-06-18 18:26:31 | Epoch 1 - Batch 1957 - Loss 0.073620
2026-06-18 18:26:31 | Epoch 1 - Batch 1958 - Loss 0.071180
2026-06-18 18:26:32 | Epoch 1 - Batch 1959 - Loss 0.063915
2026-06-18 18:26:32 | Epoch 1 - Batch 1960 - Loss 0.061694
2026-06-18 18:26:33 | Epoch 1 - Batch 1961 - Loss 0.063877
2026-06-18 18:26:33 | Epoch 1 - Batch 1962 - Loss 0.065560
2026-06-18 18:26:34 | Epoch 1 - Batch 1963 - Loss 0.068408
2026-06-18 18:26:34 | Epoch 1 - Batch 1964 - Loss 0.073065
2026-06-18 18:26:35 | Epoch 1 - Batch 1965 - Loss 0.067122
2026-06-18 18:26:35 | Epoch 1 - Batch 1966 - Loss 0.065127
2026-06-18 18:26:36 | Epoch 1 - Batch 1967 - Loss 0.067352
2026-06-18 18:26:36 | Epoch 1 - Batch 1968 - Loss 0.075692
2026-06-18 18:26:37 | Epoch 1 - Batch 1969 - Loss 0.065204
2026-06-18 18:26:37 | Epoch 1 - Batch 1970 - Loss 0.063894
2026-06-18 18:26:38 | Epoch 1 - Batch 1971 - Loss 0.069243
2026-06-18 18:26:38 | Epoch 1 - Batch 1972 - Loss 0.067771
2026-06-18 18:26:39 | Epoch 1 - Batch 1973 - Loss 0.073517
2026-06-18 18:26:39 | Epoch 1 - Batch 1974 - Loss 0.068702
2026-06-18 18:26:40 | Epoch 1 - Batch 1975 - Loss 0.064101
2026-06-18 18:26:40 | Epoch 1 - Batch 1976 - Loss 0.066871
2026-06-18 18:26:41 | Epoch 1 - Batch 1977 - Loss 0.071322
2026-06-18 18:26:41 | Epoch 1 - Batch 1978 - Loss 0.067887
2026-06-18 18:26:42 | Epoch 1 - Batch 1979 - Loss 0.074944
2026-06-18 18:26:42 | Epoch 1 - Batch 1980 - Loss 0.069003
2026-06-18 18:26:43 | Epoch 1 - Batch 1981 - Loss 0.064632
2026-06-18 18:26:43 | Epoch 1 - Batch 1982 - Loss 0.071846
2026-06-18 18:26:44 | Epoch 1 - Batch 1983 - Loss 0.071528
2026-06-18 18:26:44 | Epoch 1 - Batch 1984 - Loss 0.068815
2026-06-18 18:26:45 | Epoch 1 - Batch 1985 - Loss 0.069237
2026-06-18 18:26:45 | Epoch 1 - Batch 1986 - Loss 0.072285
2026-06-18 18:26:46 | Epoch 1 - Batch 1987 - Loss 0.062200
2026-06-18 18:26:46 | Epoch 1 - Batch 1988 - Loss 0.073325
2026-06-18 18:26:47 | Epoch 1 - Batch 1989 - Loss 0.070678
2026-06-18 18:26:47 | Epoch 1 - Batch 1990 - Loss 0.071118
2026-06-18 18:26:48 | Epoch 1 - Batch 1991 - Loss 0.074628
2026-06-18 18:26:48 | Epoch 1 - Batch 1992 - Loss 0.064049
2026-06-18 18:26:49 | Epoch 1 - Batch 1993 - Loss 0.067606
2026-06-18 18:26:49 | Epoch 1 - Batch 1994 - Loss 0.067530
2026-06-18 18:26:50 | Epoch 1 - Batch 1995 - Loss 0.068883
2026-06-18 18:26:50 | Epoch 1 - Batch 1996 - Loss 0.065015
2026-06-18 18:26:51 | Epoch 1 - Batch 1997 - Loss 0.064753
2026-06-18 18:26:51 | Epoch 1 - Batch 1998 - Loss 0.067915
2026-06-18 18:26:52 | Epoch 1 - Batch 1999 - Loss 0.068975
2026-06-18 18:26:52 | Epoch 1 - Batch 2000 - Loss 0.066002
2026-06-18 18:26:53 | Epoch 1 - Batch 2001 - Loss 0.070325
2026-06-18 18:26:53 | Epoch 1 - Batch 2002 - Loss 0.067404
2026-06-18 18:26:54 | Epoch 1 - Batch 2003 - Loss 0.061185
2026-06-18 18:26:54 | Epoch 1 - Batch 2004 - Loss 0.070145
2026-06-18 18:26:55 | Epoch 1 - Batch 2005 - Loss 0.064233
2026-06-18 18:26:55 | Epoch 1 - Batch 2006 - Loss 0.067032
2026-06-18 18:26:56 | Epoch 1 - Batch 2007 - Loss 0.067812
2026-06-18 18:26:56 | Epoch 1 - Batch 2008 - Loss 0.069052
2026-06-18 18:26:57 | Epoch 1 - Batch 2009 - Loss 0.074062
2026-06-18 18:26:57 | Epoch 1 - Batch 2010 - Loss 0.079905
2026-06-18 18:26:58 | Epoch 1 - Batch 2011 - Loss 0.069575
2026-06-18 18:26:58 | Epoch 1 - Batch 2012 - Loss 0.071251
2026-06-18 18:26:59 | Epoch 1 - Batch 2013 - Loss 0.062217
2026-06-18 18:26:59 | Epoch 1 - Batch 2014 - Loss 0.065892
2026-06-18 18:27:00 | Epoch 1 - Batch 2015 - Loss 0.065372
2026-06-18 18:27:00 | Epoch 1 - Batch 2016 - Loss 0.073173
2026-06-18 18:27:01 | Epoch 1 - Batch 2017 - Loss 0.064701
2026-06-18 18:27:01 | Epoch 1 - Batch 2018 - Loss 0.066923
2026-06-18 18:27:02 | Epoch 1 - Batch 2019 - Loss 0.068208
2026-06-18 18:27:02 | Epoch 1 - Batch 2020 - Loss 0.063708
2026-06-18 18:27:03 | Epoch 1 - Batch 2021 - Loss 0.066112
2026-06-18 18:27:03 | Epoch 1 - Batch 2022 - Loss 0.067109
2026-06-18 18:27:04 | Epoch 1 - Batch 2023 - Loss 0.066178
2026-06-18 18:27:04 | Epoch 1 - Batch 2024 - Loss 0.069589
2026-06-18 18:27:05 | Epoch 1 - Batch 2025 - Loss 0.068549
2026-06-18 18:27:05 | Epoch 1 - Batch 2026 - Loss 0.065707
2026-06-18 18:27:06 | Epoch 1 - Batch 2027 - Loss 0.063552
2026-06-18 18:27:06 | Epoch 1 - Batch 2028 - Loss 0.062169
2026-06-18 18:27:07 | Epoch 1 - Batch 2029 - Loss 0.076815
2026-06-18 18:27:07 | Epoch 1 - Batch 2030 - Loss 0.075018
2026-06-18 18:27:08 | Epoch 1 - Batch 2031 - Loss 0.071613
2026-06-18 18:27:08 | Epoch 1 - Batch 2032 - Loss 0.063706
2026-06-18 18:27:09 | Epoch 1 - Batch 2033 - Loss 0.071715
2026-06-18 18:27:09 | Epoch 1 - Batch 2034 - Loss 0.069851
2026-06-18 18:27:10 | Epoch 1 - Batch 2035 - Loss 0.072367
2026-06-18 18:27:10 | Epoch 1 - Batch 2036 - Loss 0.064114
2026-06-18 18:27:11 | Epoch 1 - Batch 2037 - Loss 0.067026
2026-06-18 18:27:11 | Epoch 1 - Batch 2038 - Loss 0.074503
2026-06-18 18:27:12 | Epoch 1 - Batch 2039 - Loss 0.068331
2026-06-18 18:27:12 | Epoch 1 - Batch 2040 - Loss 0.066162
2026-06-18 18:27:13 | Epoch 1 - Batch 2041 - Loss 0.065894
2026-06-18 18:27:13 | Epoch 1 - Batch 2042 - Loss 0.068398
2026-06-18 18:27:14 | Epoch 1 - Batch 2043 - Loss 0.067223
2026-06-18 18:27:14 | Epoch 1 - Batch 2044 - Loss 0.068145
2026-06-18 18:27:15 | Epoch 1 - Batch 2045 - Loss 0.062792
2026-06-18 18:27:15 | Epoch 1 - Batch 2046 - Loss 0.065246
2026-06-18 18:27:16 | Epoch 1 - Batch 2047 - Loss 0.069054
2026-06-18 18:27:16 | Epoch 1 - Batch 2048 - Loss 0.069644
2026-06-18 18:27:17 | Epoch 1 - Batch 2049 - Loss 0.061668
2026-06-18 18:27:17 | Epoch 1 - Batch 2050 - Loss 0.063381
2026-06-18 18:27:18 | Epoch 1 - Batch 2051 - Loss 0.070211
2026-06-18 18:27:18 | Epoch 1 - Batch 2052 - Loss 0.068496
2026-06-18 18:27:19 | Epoch 1 - Batch 2053 - Loss 0.065876
2026-06-18 18:27:19 | Epoch 1 - Batch 2054 - Loss 0.069071
2026-06-18 18:27:20 | Epoch 1 - Batch 2055 - Loss 0.068022
2026-06-18 18:27:20 | Epoch 1 - Batch 2056 - Loss 0.066990
2026-06-18 18:27:21 | Epoch 1 - Batch 2057 - Loss 0.066819
2026-06-18 18:27:21 | Epoch 1 - Batch 2058 - Loss 0.069073
2026-06-18 18:27:22 | Epoch 1 - Batch 2059 - Loss 0.074772
2026-06-18 18:27:22 | Epoch 1 - Batch 2060 - Loss 0.070256
2026-06-18 18:27:23 | Epoch 1 - Batch 2061 - Loss 0.061146
2026-06-18 18:27:23 | Epoch 1 - Batch 2062 - Loss 0.068051
2026-06-18 18:27:24 | Epoch 1 - Batch 2063 - Loss 0.066570
2026-06-18 18:27:24 | Epoch 1 - Batch 2064 - Loss 0.072194
2026-06-18 18:27:25 | Epoch 1 - Batch 2065 - Loss 0.065114
2026-06-18 18:27:25 | Epoch 1 - Batch 2066 - Loss 0.064200
2026-06-18 18:27:26 | Epoch 1 - Batch 2067 - Loss 0.066021
2026-06-18 18:27:26 | Epoch 1 - Batch 2068 - Loss 0.064318
2026-06-18 18:27:27 | Epoch 1 - Batch 2069 - Loss 0.067728
2026-06-18 18:27:27 | Epoch 1 - Batch 2070 - Loss 0.071068
2026-06-18 18:27:28 | Epoch 1 - Batch 2071 - Loss 0.065110
2026-06-18 18:27:28 | Epoch 1 - Batch 2072 - Loss 0.064159
2026-06-18 18:27:29 | Epoch 1 - Batch 2073 - Loss 0.070549
2026-06-18 18:27:29 | Epoch 1 - Batch 2074 - Loss 0.070036
2026-06-18 18:27:30 | Epoch 1 - Batch 2075 - Loss 0.068503
2026-06-18 18:27:30 | Epoch 1 - Batch 2076 - Loss 0.070710
2026-06-18 18:27:31 | Epoch 1 - Batch 2077 - Loss 0.060092
2026-06-18 18:27:31 | Epoch 1 - Batch 2078 - Loss 0.066210
2026-06-18 18:27:32 | Epoch 1 - Batch 2079 - Loss 0.071957
2026-06-18 18:27:32 | Epoch 1 - Batch 2080 - Loss 0.063979
2026-06-18 18:27:33 | Epoch 1 - Batch 2081 - Loss 0.066061
2026-06-18 18:27:33 | Epoch 1 - Batch 2082 - Loss 0.064260
2026-06-18 18:27:33 | Epoch 1 - Batch 2083 - Loss 0.065445
2026-06-18 18:27:34 | Epoch 1 - Batch 2084 - Loss 0.068192
2026-06-18 18:27:34 | Epoch 1 - Batch 2085 - Loss 0.069721
2026-06-18 18:27:35 | Epoch 1 - Batch 2086 - Loss 0.070561
2026-06-18 18:27:35 | Epoch 1 - Batch 2087 - Loss 0.061208
2026-06-18 18:27:36 | Epoch 1 - Batch 2088 - Loss 0.068613
2026-06-18 18:27:36 | Epoch 1 - Batch 2089 - Loss 0.073193
2026-06-18 18:27:37 | Epoch 1 - Batch 2090 - Loss 0.060944
2026-06-18 18:27:37 | Epoch 1 - Batch 2091 - Loss 0.067881
2026-06-18 18:27:38 | Epoch 1 - Batch 2092 - Loss 0.071013
2026-06-18 18:27:38 | Epoch 1 - Batch 2093 - Loss 0.067146
2026-06-18 18:27:39 | Epoch 1 - Batch 2094 - Loss 0.065271
2026-06-18 18:27:39 | Epoch 1 - Batch 2095 - Loss 0.078002
2026-06-18 18:27:40 | Epoch 1 - Batch 2096 - Loss 0.069006
2026-06-18 18:27:40 | Epoch 1 - Batch 2097 - Loss 0.066449
2026-06-18 18:27:41 | Epoch 1 - Batch 2098 - Loss 0.066562
2026-06-18 18:27:41 | Epoch 1 - Batch 2099 - Loss 0.069777
2026-06-18 18:27:42 | Epoch 1 - Batch 2100 - Loss 0.067475
2026-06-18 18:27:42 | Epoch 1 - Batch 2101 - Loss 0.073235
2026-06-18 18:27:43 | Epoch 1 - Batch 2102 - Loss 0.065384
2026-06-18 18:27:43 | Epoch 1 - Batch 2103 - Loss 0.068196
2026-06-18 18:27:44 | Epoch 1 - Batch 2104 - Loss 0.066922
2026-06-18 18:27:44 | Epoch 1 - Batch 2105 - Loss 0.063367
2026-06-18 18:27:45 | Epoch 1 - Batch 2106 - Loss 0.068487
2026-06-18 18:27:45 | Epoch 1 - Batch 2107 - Loss 0.067767
2026-06-18 18:27:46 | Epoch 1 - Batch 2108 - Loss 0.069081
2026-06-18 18:27:46 | Epoch 1 - Batch 2109 - Loss 0.064242
2026-06-18 18:27:47 | Epoch 1 - Batch 2110 - Loss 0.066753
2026-06-18 18:27:47 | Epoch 1 - Batch 2111 - Loss 0.069836
2026-06-18 18:27:48 | Epoch 1 - Batch 2112 - Loss 0.069838
2026-06-18 18:27:48 | Epoch 1 - Batch 2113 - Loss 0.060789
2026-06-18 18:27:49 | Epoch 1 - Batch 2114 - Loss 0.070189
2026-06-18 18:27:49 | Epoch 1 - Batch 2115 - Loss 0.076526
2026-06-18 18:27:50 | Epoch 1 - Batch 2116 - Loss 0.060163
2026-06-18 18:27:50 | Epoch 1 - Batch 2117 - Loss 0.068950
2026-06-18 18:27:51 | Epoch 1 - Batch 2118 - Loss 0.064361
2026-06-18 18:27:51 | Epoch 1 - Batch 2119 - Loss 0.074757
2026-06-18 18:27:52 | Epoch 1 - Batch 2120 - Loss 0.068029
2026-06-18 18:27:52 | Epoch 1 - Batch 2121 - Loss 0.068001
2026-06-18 18:27:53 | Epoch 1 - Batch 2122 - Loss 0.067341
2026-06-18 18:27:53 | Epoch 1 - Batch 2123 - Loss 0.067510
2026-06-18 18:27:54 | Epoch 1 - Batch 2124 - Loss 0.063731
2026-06-18 18:27:54 | Epoch 1 - Batch 2125 - Loss 0.071114
2026-06-18 18:27:55 | Epoch 1 - Batch 2126 - Loss 0.067616
2026-06-18 18:27:55 | Epoch 1 - Batch 2127 - Loss 0.066766
2026-06-18 18:27:56 | Epoch 1 - Batch 2128 - Loss 0.067476
2026-06-18 18:27:56 | Epoch 1 - Batch 2129 - Loss 0.061448
2026-06-18 18:27:57 | Epoch 1 - Batch 2130 - Loss 0.074005
2026-06-18 18:27:57 | Epoch 1 - Batch 2131 - Loss 0.067973
2026-06-18 18:27:58 | Epoch 1 - Batch 2132 - Loss 0.066197
2026-06-18 18:27:58 | Epoch 1 - Batch 2133 - Loss 0.062873
2026-06-18 18:27:59 | Epoch 1 - Batch 2134 - Loss 0.067941
2026-06-18 18:27:59 | Epoch 1 - Batch 2135 - Loss 0.072308
2026-06-18 18:28:00 | Epoch 1 - Batch 2136 - Loss 0.065240
2026-06-18 18:28:00 | Epoch 1 - Batch 2137 - Loss 0.063781
2026-06-18 18:28:01 | Epoch 1 - Batch 2138 - Loss 0.072396
2026-06-18 18:28:01 | Epoch 1 - Batch 2139 - Loss 0.069982
2026-06-18 18:28:02 | Epoch 1 - Batch 2140 - Loss 0.071820
2026-06-18 18:28:02 | Epoch 1 - Batch 2141 - Loss 0.063641
2026-06-18 18:28:03 | Epoch 1 - Batch 2142 - Loss 0.063694
2026-06-18 18:28:03 | Epoch 1 - Batch 2143 - Loss 0.074670
2026-06-18 18:28:04 | Epoch 1 - Batch 2144 - Loss 0.065999
2026-06-18 18:28:04 | Epoch 1 - Batch 2145 - Loss 0.069180
2026-06-18 18:28:05 | Epoch 1 - Batch 2146 - Loss 0.071092
2026-06-18 18:28:05 | Epoch 1 - Batch 2147 - Loss 0.065061
2026-06-18 18:28:06 | Epoch 1 - Batch 2148 - Loss 0.079688
2026-06-18 18:28:06 | Epoch 1 - Batch 2149 - Loss 0.075996
2026-06-18 18:28:07 | Epoch 1 - Batch 2150 - Loss 0.067147
2026-06-18 18:28:07 | Epoch 1 - Batch 2151 - Loss 0.072098
2026-06-18 18:28:08 | Epoch 1 - Batch 2152 - Loss 0.070171
2026-06-18 18:28:08 | Epoch 1 - Batch 2153 - Loss 0.056331
2026-06-18 18:28:09 | Epoch 1 - Batch 2154 - Loss 0.069291
2026-06-18 18:28:09 | Epoch 1 - Batch 2155 - Loss 0.067242
2026-06-18 18:28:10 | Epoch 1 - Batch 2156 - Loss 0.067064
2026-06-18 18:28:10 | Epoch 1 - Batch 2157 - Loss 0.061288
2026-06-18 18:28:11 | Epoch 1 - Batch 2158 - Loss 0.070512
2026-06-18 18:28:11 | Epoch 1 - Batch 2159 - Loss 0.067730
2026-06-18 18:28:12 | Epoch 1 - Batch 2160 - Loss 0.072099
2026-06-18 18:28:12 | Epoch 1 - Batch 2161 - Loss 0.068604
2026-06-18 18:28:13 | Epoch 1 - Batch 2162 - Loss 0.069637
2026-06-18 18:28:13 | Epoch 1 - Batch 2163 - Loss 0.066888
2026-06-18 18:28:14 | Epoch 1 - Batch 2164 - Loss 0.065180
2026-06-18 18:28:14 | Epoch 1 - Batch 2165 - Loss 0.067999
2026-06-18 18:28:15 | Epoch 1 - Batch 2166 - Loss 0.066466
2026-06-18 18:28:15 | Epoch 1 - Batch 2167 - Loss 0.062755
2026-06-18 18:28:16 | Epoch 1 - Batch 2168 - Loss 0.065277
2026-06-18 18:28:16 | Epoch 1 - Batch 2169 - Loss 0.066818
2026-06-18 18:28:17 | Epoch 1 - Batch 2170 - Loss 0.075578
2026-06-18 18:28:17 | Epoch 1 - Batch 2171 - Loss 0.070631
2026-06-18 18:28:18 | Epoch 1 - Batch 2172 - Loss 0.072479
2026-06-18 18:28:18 | Epoch 1 - Batch 2173 - Loss 0.060639
2026-06-18 18:28:19 | Epoch 1 - Batch 2174 - Loss 0.069041
2026-06-18 18:28:19 | Epoch 1 - Batch 2175 - Loss 0.071425
2026-06-18 18:28:20 | Epoch 1 - Batch 2176 - Loss 0.063044
2026-06-18 18:28:20 | Epoch 1 - Batch 2177 - Loss 0.063652
2026-06-18 18:28:21 | Epoch 1 - Batch 2178 - Loss 0.066166
2026-06-18 18:28:21 | Epoch 1 - Batch 2179 - Loss 0.065054
2026-06-18 18:28:22 | Epoch 1 - Batch 2180 - Loss 0.063294
2026-06-18 18:28:22 | Epoch 1 - Batch 2181 - Loss 0.058700
2026-06-18 18:28:23 | Epoch 1 - Batch 2182 - Loss 0.067947
2026-06-18 18:28:23 | Epoch 1 - Batch 2183 - Loss 0.066716
2026-06-18 18:28:24 | Epoch 1 - Batch 2184 - Loss 0.068887
2026-06-18 18:28:24 | Epoch 1 - Batch 2185 - Loss 0.068718
2026-06-18 18:28:25 | Epoch 1 - Batch 2186 - Loss 0.067659
2026-06-18 18:28:25 | Epoch 1 - Batch 2187 - Loss 0.065864
2026-06-18 18:28:26 | Epoch 1 - Batch 2188 - Loss 0.064594
2026-06-18 18:28:26 | Epoch 1 - Batch 2189 - Loss 0.066980
2026-06-18 18:28:27 | Epoch 1 - Batch 2190 - Loss 0.064906
2026-06-18 18:28:27 | Epoch 1 - Batch 2191 - Loss 0.071710
2026-06-18 18:28:28 | Epoch 1 - Batch 2192 - Loss 0.063246
2026-06-18 18:28:28 | Epoch 1 - Batch 2193 - Loss 0.062231
2026-06-18 18:28:29 | Epoch 1 - Batch 2194 - Loss 0.067170
2026-06-18 18:28:29 | Epoch 1 - Batch 2195 - Loss 0.070823
2026-06-18 18:28:30 | Epoch 1 - Batch 2196 - Loss 0.065116
2026-06-18 18:28:30 | Epoch 1 - Batch 2197 - Loss 0.063151
2026-06-18 18:28:31 | Epoch 1 - Batch 2198 - Loss 0.064231
2026-06-18 18:28:31 | Epoch 1 - Batch 2199 - Loss 0.070706
2026-06-18 18:28:32 | Epoch 1 - Batch 2200 - Loss 0.063713
2026-06-18 18:28:32 | Epoch 1 - Batch 2201 - Loss 0.063138
2026-06-18 18:28:33 | Epoch 1 - Batch 2202 - Loss 0.067780
2026-06-18 18:28:33 | Epoch 1 - Batch 2203 - Loss 0.067436
2026-06-18 18:28:34 | Epoch 1 - Batch 2204 - Loss 0.069510
2026-06-18 18:28:34 | Epoch 1 - Batch 2205 - Loss 0.068036
2026-06-18 18:28:35 | Epoch 1 - Batch 2206 - Loss 0.059814
2026-06-18 18:28:35 | Epoch 1 - Batch 2207 - Loss 0.068619
2026-06-18 18:28:36 | Epoch 1 - Batch 2208 - Loss 0.069215
2026-06-18 18:28:36 | Epoch 1 - Batch 2209 - Loss 0.076005
2026-06-18 18:28:36 | Epoch 1 - Batch 2210 - Loss 0.059698
2026-06-18 18:28:37 | Epoch 1 - Batch 2211 - Loss 0.067507
2026-06-18 18:28:37 | Epoch 1 - Batch 2212 - Loss 0.071713
2026-06-18 18:28:38 | Epoch 1 - Batch 2213 - Loss 0.063871
2026-06-18 18:28:38 | Epoch 1 - Batch 2214 - Loss 0.069705
2026-06-18 18:28:39 | Epoch 1 - Batch 2215 - Loss 0.068284
2026-06-18 18:28:39 | Epoch 1 - Batch 2216 - Loss 0.064618
2026-06-18 18:28:40 | Epoch 1 - Batch 2217 - Loss 0.062072
2026-06-18 18:28:40 | Epoch 1 - Batch 2218 - Loss 0.072968
2026-06-18 18:28:41 | Epoch 1 - Batch 2219 - Loss 0.062712
2026-06-18 18:28:41 | Epoch 1 - Batch 2220 - Loss 0.071420
2026-06-18 18:28:42 | Epoch 1 - Batch 2221 - Loss 0.063934
2026-06-18 18:28:42 | Epoch 1 - Batch 2222 - Loss 0.078148
2026-06-18 18:28:43 | Epoch 1 - Batch 2223 - Loss 0.072015
2026-06-18 18:28:43 | Epoch 1 - Batch 2224 - Loss 0.070792
2026-06-18 18:28:44 | Epoch 1 - Batch 2225 - Loss 0.065778
2026-06-18 18:28:44 | Epoch 1 - Batch 2226 - Loss 0.070999
2026-06-18 18:28:45 | Epoch 1 - Batch 2227 - Loss 0.071375
2026-06-18 18:28:45 | Epoch 1 - Batch 2228 - Loss 0.070698
2026-06-18 18:28:46 | Epoch 1 - Batch 2229 - Loss 0.070092
2026-06-18 18:28:46 | Epoch 1 - Batch 2230 - Loss 0.065629
2026-06-18 18:28:47 | Epoch 1 - Batch 2231 - Loss 0.062002
2026-06-18 18:28:47 | Epoch 1 - Batch 2232 - Loss 0.071330
2026-06-18 18:28:48 | Epoch 1 - Batch 2233 - Loss 0.073103
2026-06-18 18:28:48 | Epoch 1 - Batch 2234 - Loss 0.065264
2026-06-18 18:28:49 | Epoch 1 - Batch 2235 - Loss 0.068589
2026-06-18 18:28:49 | Epoch 1 - Batch 2236 - Loss 0.064780
2026-06-18 18:28:50 | Epoch 1 - Batch 2237 - Loss 0.070671
2026-06-18 18:28:50 | Epoch 1 - Batch 2238 - Loss 0.065930
2026-06-18 18:28:51 | Epoch 1 - Batch 2239 - Loss 0.070720
2026-06-18 18:28:51 | Epoch 1 - Batch 2240 - Loss 0.066429
2026-06-18 18:28:52 | Epoch 1 - Batch 2241 - Loss 0.066392
2026-06-18 18:28:52 | Epoch 1 - Batch 2242 - Loss 0.062274
2026-06-18 18:28:53 | Epoch 1 - Batch 2243 - Loss 0.067639
2026-06-18 18:28:53 | Epoch 1 - Batch 2244 - Loss 0.063046
2026-06-18 18:28:54 | Epoch 1 - Batch 2245 - Loss 0.069835
2026-06-18 18:28:54 | Epoch 1 - Batch 2246 - Loss 0.065114
2026-06-18 18:28:55 | Epoch 1 - Batch 2247 - Loss 0.063298
2026-06-18 18:28:55 | Epoch 1 - Batch 2248 - Loss 0.067156
2026-06-18 18:28:56 | Epoch 1 - Batch 2249 - Loss 0.068689
2026-06-18 18:28:56 | Epoch 1 - Batch 2250 - Loss 0.067561
2026-06-18 18:28:57 | Epoch 1 - Batch 2251 - Loss 0.065151
2026-06-18 18:28:57 | Epoch 1 - Batch 2252 - Loss 0.065395
2026-06-18 18:28:58 | Epoch 1 - Batch 2253 - Loss 0.071069
2026-06-18 18:28:58 | Epoch 1 - Batch 2254 - Loss 0.068726
2026-06-18 18:28:59 | Epoch 1 - Batch 2255 - Loss 0.069018
2026-06-18 18:28:59 | Epoch 1 - Batch 2256 - Loss 0.062815
2026-06-18 18:29:00 | Epoch 1 - Batch 2257 - Loss 0.061424
2026-06-18 18:29:00 | Epoch 1 - Batch 2258 - Loss 0.070527
2026-06-18 18:29:01 | Epoch 1 - Batch 2259 - Loss 0.066476
2026-06-18 18:29:01 | Epoch 1 - Batch 2260 - Loss 0.087384
2026-06-18 18:29:02 | Epoch 1 - Batch 2261 - Loss 0.062614
2026-06-18 18:29:02 | Epoch 1 - Batch 2262 - Loss 0.063624
2026-06-18 18:29:03 | Epoch 1 - Batch 2263 - Loss 0.074936
2026-06-18 18:29:03 | Epoch 1 - Batch 2264 - Loss 0.065595
2026-06-18 18:29:04 | Epoch 1 - Batch 2265 - Loss 0.064475
2026-06-18 18:29:04 | Epoch 1 - Batch 2266 - Loss 0.073135
2026-06-18 18:29:05 | Epoch 1 - Batch 2267 - Loss 0.067165
2026-06-18 18:29:05 | Epoch 1 - Batch 2268 - Loss 0.062710
2026-06-18 18:29:06 | Epoch 1 - Batch 2269 - Loss 0.066519
2026-06-18 18:29:06 | Epoch 1 - Batch 2270 - Loss 0.068594
2026-06-18 18:29:07 | Epoch 1 - Batch 2271 - Loss 0.063223
2026-06-18 18:29:07 | Epoch 1 - Batch 2272 - Loss 0.067540
2026-06-18 18:29:08 | Epoch 1 - Batch 2273 - Loss 0.061848
2026-06-18 18:29:08 | Epoch 1 - Batch 2274 - Loss 0.065952
2026-06-18 18:29:09 | Epoch 1 - Batch 2275 - Loss 0.060563
2026-06-18 18:29:09 | Epoch 1 - Batch 2276 - Loss 0.069321
2026-06-18 18:29:10 | Epoch 1 - Batch 2277 - Loss 0.063495
2026-06-18 18:29:10 | Epoch 1 - Batch 2278 - Loss 0.063350
2026-06-18 18:29:11 | Epoch 1 - Batch 2279 - Loss 0.079473
2026-06-18 18:29:11 | Epoch 1 - Batch 2280 - Loss 0.064807
2026-06-18 18:29:12 | Epoch 1 - Batch 2281 - Loss 0.063349
2026-06-18 18:29:12 | Epoch 1 - Batch 2282 - Loss 0.067220
2026-06-18 18:29:13 | Epoch 1 - Batch 2283 - Loss 0.071795
2026-06-18 18:29:13 | Epoch 1 - Batch 2284 - Loss 0.072033
2026-06-18 18:29:14 | Epoch 1 - Batch 2285 - Loss 0.068205
2026-06-18 18:29:14 | Epoch 1 - Batch 2286 - Loss 0.068925
2026-06-18 18:29:15 | Epoch 1 - Batch 2287 - Loss 0.068209
2026-06-18 18:29:15 | Epoch 1 - Batch 2288 - Loss 0.070061
2026-06-18 18:29:16 | Epoch 1 - Batch 2289 - Loss 0.059048
2026-06-18 18:29:16 | Epoch 1 - Batch 2290 - Loss 0.065706
2026-06-18 18:29:17 | Epoch 1 - Batch 2291 - Loss 0.074985
2026-06-18 18:29:17 | Epoch 1 - Batch 2292 - Loss 0.058507
2026-06-18 18:29:18 | Epoch 1 - Batch 2293 - Loss 0.066047
2026-06-18 18:29:18 | Epoch 1 - Batch 2294 - Loss 0.074362
2026-06-18 18:29:19 | Epoch 1 - Batch 2295 - Loss 0.070628
2026-06-18 18:29:19 | Epoch 1 - Batch 2296 - Loss 0.067760
2026-06-18 18:29:20 | Epoch 1 - Batch 2297 - Loss 0.061246
2026-06-18 18:29:20 | Epoch 1 - Batch 2298 - Loss 0.063923
2026-06-18 18:29:21 | Epoch 1 - Batch 2299 - Loss 0.075809
2026-06-18 18:29:21 | Epoch 1 - Batch 2300 - Loss 0.069828
2026-06-18 18:29:22 | Epoch 1 - Batch 2301 - Loss 0.065467
2026-06-18 18:29:22 | Epoch 1 - Batch 2302 - Loss 0.063736
2026-06-18 18:29:23 | Epoch 1 - Batch 2303 - Loss 0.071475
2026-06-18 18:29:23 | Epoch 1 - Batch 2304 - Loss 0.061487
2026-06-18 18:29:24 | Epoch 1 - Batch 2305 - Loss 0.066485
2026-06-18 18:29:24 | Epoch 1 - Batch 2306 - Loss 0.066052
2026-06-18 18:29:25 | Epoch 1 - Batch 2307 - Loss 0.069375
2026-06-18 18:29:25 | Epoch 1 - Batch 2308 - Loss 0.069537
2026-06-18 18:29:26 | Epoch 1 - Batch 2309 - Loss 0.069316
2026-06-18 18:29:26 | Epoch 1 - Batch 2310 - Loss 0.066915
2026-06-18 18:29:27 | Epoch 1 - Batch 2311 - Loss 0.061073
2026-06-18 18:29:27 | Epoch 1 - Batch 2312 - Loss 0.070121
2026-06-18 18:29:28 | Epoch 1 - Batch 2313 - Loss 0.061583
2026-06-18 18:29:28 | Epoch 1 - Batch 2314 - Loss 0.068064
2026-06-18 18:29:29 | Epoch 1 - Batch 2315 - Loss 0.062937
2026-06-18 18:29:29 | Epoch 1 - Batch 2316 - Loss 0.066169
2026-06-18 18:29:30 | Epoch 1 - Batch 2317 - Loss 0.064808
2026-06-18 18:29:30 | Epoch 1 - Batch 2318 - Loss 0.057532
2026-06-18 18:29:31 | Epoch 1 - Batch 2319 - Loss 0.061101
2026-06-18 18:29:31 | Epoch 1 - Batch 2320 - Loss 0.067535
2026-06-18 18:29:32 | Epoch 1 - Batch 2321 - Loss 0.064687
2026-06-18 18:29:32 | Epoch 1 - Batch 2322 - Loss 0.068033
2026-06-18 18:29:33 | Epoch 1 - Batch 2323 - Loss 0.067319
2026-06-18 18:29:33 | Epoch 1 - Batch 2324 - Loss 0.063035
2026-06-18 18:29:34 | Epoch 1 - Batch 2325 - Loss 0.068491
2026-06-18 18:29:34 | Epoch 1 - Batch 2326 - Loss 0.069921
2026-06-18 18:29:35 | Epoch 1 - Batch 2327 - Loss 0.065320
2026-06-18 18:29:35 | Epoch 1 - Batch 2328 - Loss 0.064358
2026-06-18 18:29:36 | Epoch 1 - Batch 2329 - Loss 0.068843
2026-06-18 18:29:36 | Epoch 1 - Batch 2330 - Loss 0.067094
2026-06-18 18:29:37 | Epoch 1 - Batch 2331 - Loss 0.068854
2026-06-18 18:29:37 | Epoch 1 - Batch 2332 - Loss 0.073769
2026-06-18 18:29:38 | Epoch 1 - Batch 2333 - Loss 0.067478
2026-06-18 18:29:38 | Epoch 1 - Batch 2334 - Loss 0.064335
2026-06-18 18:29:39 | Epoch 1 - Batch 2335 - Loss 0.070813
2026-06-18 18:29:39 | Epoch 1 - Batch 2336 - Loss 0.074972
2026-06-18 18:29:40 | Epoch 1 - Batch 2337 - Loss 0.062406
2026-06-18 18:29:40 | Epoch 1 - Batch 2338 - Loss 0.066117
2026-06-18 18:29:41 | Epoch 1 - Batch 2339 - Loss 0.071946
2026-06-18 18:29:41 | Epoch 1 - Batch 2340 - Loss 0.062251
2026-06-18 18:29:42 | Epoch 1 - Batch 2341 - Loss 0.060538
2026-06-18 18:29:42 | Epoch 1 - Batch 2342 - Loss 0.066284
2026-06-18 18:29:43 | Epoch 1 - Batch 2343 - Loss 0.071773
2026-06-18 18:29:43 | Epoch 1 - Batch 2344 - Loss 0.066232
2026-06-18 18:29:44 | Epoch 1 - Batch 2345 - Loss 0.066424
2026-06-18 18:29:44 | Epoch 1 - Batch 2346 - Loss 0.060053
2026-06-18 18:29:45 | Epoch 1 - Batch 2347 - Loss 0.056121
2026-06-18 18:29:45 | Epoch 1 - Batch 2348 - Loss 0.062165
2026-06-18 18:29:46 | Epoch 1 - Batch 2349 - Loss 0.060163
2026-06-18 18:29:46 | Epoch 1 - Batch 2350 - Loss 0.065334
2026-06-18 18:29:47 | Epoch 1 - Batch 2351 - Loss 0.061376
2026-06-18 18:29:47 | Epoch 1 - Batch 2352 - Loss 0.071755
2026-06-18 18:29:48 | Epoch 1 - Batch 2353 - Loss 0.062905
2026-06-18 18:29:48 | Epoch 1 - Batch 2354 - Loss 0.067886
2026-06-18 18:29:49 | Epoch 1 - Batch 2355 - Loss 0.061306
2026-06-18 18:29:49 | Epoch 1 - Batch 2356 - Loss 0.061521
2026-06-18 18:29:50 | Epoch 1 - Batch 2357 - Loss 0.057685
2026-06-18 18:29:50 | Epoch 1 - Batch 2358 - Loss 0.073724
2026-06-18 18:29:51 | Epoch 1 - Batch 2359 - Loss 0.063718
2026-06-18 18:29:51 | Epoch 1 - Batch 2360 - Loss 0.067552
2026-06-18 18:29:51 | Epoch 1 - Batch 2361 - Loss 0.059524
2026-06-18 18:29:52 | Epoch 1 - Batch 2362 - Loss 0.062100
2026-06-18 18:29:52 | Epoch 1 - Batch 2363 - Loss 0.069573
2026-06-18 18:29:53 | Epoch 1 - Batch 2364 - Loss 0.077643
2026-06-18 18:29:53 | Epoch 1 - Batch 2365 - Loss 0.069393
2026-06-18 18:29:54 | Epoch 1 - Batch 2366 - Loss 0.064729
2026-06-18 18:29:54 | Epoch 1 - Batch 2367 - Loss 0.067792
2026-06-18 18:29:55 | Epoch 1 - Batch 2368 - Loss 0.073022
2026-06-18 18:29:55 | Epoch 1 - Batch 2369 - Loss 0.072075
2026-06-18 18:29:56 | Epoch 1 - Batch 2370 - Loss 0.071178
2026-06-18 18:29:56 | Epoch 1 - Batch 2371 - Loss 0.066780
2026-06-18 18:29:57 | Epoch 1 - Batch 2372 - Loss 0.062470
2026-06-18 18:29:57 | Epoch 1 - Batch 2373 - Loss 0.063618
2026-06-18 18:29:58 | Epoch 1 - Batch 2374 - Loss 0.063847
2026-06-18 18:29:58 | Epoch 1 - Batch 2375 - Loss 0.065055
2026-06-18 18:29:59 | Epoch 1 - Batch 2376 - Loss 0.063170
2026-06-18 18:29:59 | Epoch 1 - Batch 2377 - Loss 0.063070
2026-06-18 18:30:00 | Epoch 1 - Batch 2378 - Loss 0.070744
2026-06-18 18:30:00 | Epoch 1 - Batch 2379 - Loss 0.065031
2026-06-18 18:30:01 | Epoch 1 - Batch 2380 - Loss 0.070062
2026-06-18 18:30:01 | Epoch 1 - Batch 2381 - Loss 0.061663
2026-06-18 18:30:02 | Epoch 1 - Batch 2382 - Loss 0.059818
2026-06-18 18:30:02 | Epoch 1 - Batch 2383 - Loss 0.064163
2026-06-18 18:30:03 | Epoch 1 - Batch 2384 - Loss 0.063031
2026-06-18 18:30:03 | Epoch 1 - Batch 2385 - Loss 0.064741
2026-06-18 18:30:04 | Epoch 1 - Batch 2386 - Loss 0.064754
2026-06-18 18:30:04 | Epoch 1 - Batch 2387 - Loss 0.061830
2026-06-18 18:30:05 | Epoch 1 - Batch 2388 - Loss 0.062615
2026-06-18 18:30:05 | Epoch 1 - Batch 2389 - Loss 0.065777
2026-06-18 18:30:06 | Epoch 1 - Batch 2390 - Loss 0.064541
2026-06-18 18:30:06 | Epoch 1 - Batch 2391 - Loss 0.064937
2026-06-18 18:30:07 | Epoch 1 - Batch 2392 - Loss 0.060350
2026-06-18 18:30:07 | Epoch 1 - Batch 2393 - Loss 0.073923
2026-06-18 18:30:08 | Epoch 1 - Batch 2394 - Loss 0.062382
2026-06-18 18:30:08 | Epoch 1 - Batch 2395 - Loss 0.061461
2026-06-18 18:30:09 | Epoch 1 - Batch 2396 - Loss 0.065331
2026-06-18 18:30:09 | Epoch 1 - Batch 2397 - Loss 0.059918
2026-06-18 18:30:10 | Epoch 1 - Batch 2398 - Loss 0.076259
2026-06-18 18:30:10 | Epoch 1 - Batch 2399 - Loss 0.068497
2026-06-18 18:30:11 | Epoch 1 - Batch 2400 - Loss 0.063533
2026-06-18 18:30:11 | Epoch 1 - Batch 2401 - Loss 0.067007
2026-06-18 18:30:12 | Epoch 1 - Batch 2402 - Loss 0.064840
2026-06-18 18:30:12 | Epoch 1 - Batch 2403 - Loss 0.068127
2026-06-18 18:30:13 | Epoch 1 - Batch 2404 - Loss 0.066283
2026-06-18 18:30:13 | Epoch 1 - Batch 2405 - Loss 0.059153
2026-06-18 18:30:14 | Epoch 1 - Batch 2406 - Loss 0.075556
2026-06-18 18:30:14 | Epoch 1 - Batch 2407 - Loss 0.063708
2026-06-18 18:30:15 | Epoch 1 - Batch 2408 - Loss 0.066042
2026-06-18 18:30:15 | Epoch 1 - Batch 2409 - Loss 0.063691
2026-06-18 18:30:16 | Epoch 1 - Batch 2410 - Loss 0.072383
2026-06-18 18:30:16 | Epoch 1 - Batch 2411 - Loss 0.068126
2026-06-18 18:30:17 | Epoch 1 - Batch 2412 - Loss 0.067827
2026-06-18 18:30:17 | Epoch 1 - Batch 2413 - Loss 0.067476
2026-06-18 18:30:18 | Epoch 1 - Batch 2414 - Loss 0.068848
2026-06-18 18:30:18 | Epoch 1 - Batch 2415 - Loss 0.068923
2026-06-18 18:30:19 | Epoch 1 - Batch 2416 - Loss 0.074099
2026-06-18 18:30:19 | Epoch 1 - Batch 2417 - Loss 0.074005
2026-06-18 18:30:20 | Epoch 1 - Batch 2418 - Loss 0.065164
2026-06-18 18:30:20 | Epoch 1 - Batch 2419 - Loss 0.061452
2026-06-18 18:30:21 | Epoch 1 - Batch 2420 - Loss 0.063499
2026-06-18 18:30:21 | Epoch 1 - Batch 2421 - Loss 0.069257
2026-06-18 18:30:22 | Epoch 1 - Batch 2422 - Loss 0.064316
2026-06-18 18:30:22 | Epoch 1 - Batch 2423 - Loss 0.068157
2026-06-18 18:30:23 | Epoch 1 - Batch 2424 - Loss 0.063124
2026-06-18 18:30:23 | Epoch 1 - Batch 2425 - Loss 0.064528
2026-06-18 18:30:24 | Epoch 1 - Batch 2426 - Loss 0.067437
2026-06-18 18:30:24 | Epoch 1 - Batch 2427 - Loss 0.065938
2026-06-18 18:30:25 | Epoch 1 - Batch 2428 - Loss 0.062668
2026-06-18 18:30:25 | Epoch 1 - Batch 2429 - Loss 0.063102
2026-06-18 18:30:26 | Epoch 1 - Batch 2430 - Loss 0.064794
2026-06-18 18:30:26 | Epoch 1 - Batch 2431 - Loss 0.065580
2026-06-18 18:30:27 | Epoch 1 - Batch 2432 - Loss 0.065536
2026-06-18 18:30:27 | Epoch 1 - Batch 2433 - Loss 0.063302
2026-06-18 18:30:28 | Epoch 1 - Batch 2434 - Loss 0.064491
2026-06-18 18:30:28 | Epoch 1 - Batch 2435 - Loss 0.068722
2026-06-18 18:30:29 | Epoch 1 - Batch 2436 - Loss 0.067792
2026-06-18 18:30:29 | Epoch 1 - Batch 2437 - Loss 0.065848
2026-06-18 18:30:30 | Epoch 1 - Batch 2438 - Loss 0.062681
2026-06-18 18:30:30 | Epoch 1 - Batch 2439 - Loss 0.064887
2026-06-18 18:30:31 | Epoch 1 - Batch 2440 - Loss 0.066871
2026-06-18 18:30:31 | Epoch 1 - Batch 2441 - Loss 0.069890
2026-06-18 18:30:32 | Epoch 1 - Batch 2442 - Loss 0.063919
2026-06-18 18:30:32 | Epoch 1 - Batch 2443 - Loss 0.068201
2026-06-18 18:30:33 | Epoch 1 - Batch 2444 - Loss 0.063006
2026-06-18 18:30:33 | Epoch 1 - Batch 2445 - Loss 0.065548
2026-06-18 18:30:34 | Epoch 1 - Batch 2446 - Loss 0.065481
2026-06-18 18:30:34 | Epoch 1 - Batch 2447 - Loss 0.062611
2026-06-18 18:30:35 | Epoch 1 - Batch 2448 - Loss 0.056494
2026-06-18 18:30:35 | Epoch 1 - Batch 2449 - Loss 0.063019
2026-06-18 18:30:36 | Epoch 1 - Batch 2450 - Loss 0.067292
2026-06-18 18:30:36 | Epoch 1 - Batch 2451 - Loss 0.060261
2026-06-18 18:30:37 | Epoch 1 - Batch 2452 - Loss 0.061480
2026-06-18 18:30:37 | Epoch 1 - Batch 2453 - Loss 0.059533
2026-06-18 18:30:38 | Epoch 1 - Batch 2454 - Loss 0.066462
2026-06-18 18:30:38 | Epoch 1 - Batch 2455 - Loss 0.071606
2026-06-18 18:30:39 | Epoch 1 - Batch 2456 - Loss 0.065421
2026-06-18 18:30:39 | Epoch 1 - Batch 2457 - Loss 0.062383
2026-06-18 18:30:40 | Epoch 1 - Batch 2458 - Loss 0.059397
2026-06-18 18:30:40 | Epoch 1 - Batch 2459 - Loss 0.061559
2026-06-18 18:30:41 | Epoch 1 - Batch 2460 - Loss 0.064465
2026-06-18 18:30:41 | Epoch 1 - Batch 2461 - Loss 0.062720
2026-06-18 18:30:42 | Epoch 1 - Batch 2462 - Loss 0.066243
2026-06-18 18:30:42 | Epoch 1 - Batch 2463 - Loss 0.065387
2026-06-18 18:30:43 | Epoch 1 - Batch 2464 - Loss 0.063609
2026-06-18 18:30:43 | Epoch 1 - Batch 2465 - Loss 0.066086
2026-06-18 18:30:44 | Epoch 1 - Batch 2466 - Loss 0.065637
2026-06-18 18:30:44 | Epoch 1 - Batch 2467 - Loss 0.068442
2026-06-18 18:30:45 | Epoch 1 - Batch 2468 - Loss 0.068550
2026-06-18 18:30:45 | Epoch 1 - Batch 2469 - Loss 0.063512
2026-06-18 18:30:45 | Epoch 1 - Batch 2470 - Loss 0.063336
2026-06-18 18:30:46 | Epoch 1 - Batch 2471 - Loss 0.076272
2026-06-18 18:30:46 | Epoch 1 - Batch 2472 - Loss 0.065537
2026-06-18 18:30:47 | Epoch 1 - Batch 2473 - Loss 0.066133
2026-06-18 18:30:47 | Epoch 1 - Batch 2474 - Loss 0.064716
2026-06-18 18:30:48 | Epoch 1 - Batch 2475 - Loss 0.066837
2026-06-18 18:30:48 | Epoch 1 - Batch 2476 - Loss 0.068608
2026-06-18 18:30:49 | Epoch 1 - Batch 2477 - Loss 0.061885
2026-06-18 18:30:49 | Epoch 1 - Batch 2478 - Loss 0.075125
2026-06-18 18:30:50 | Epoch 1 - Batch 2479 - Loss 0.056739
2026-06-18 18:30:50 | Epoch 1 - Batch 2480 - Loss 0.063651
2026-06-18 18:30:51 | Epoch 1 - Batch 2481 - Loss 0.067816
2026-06-18 18:30:51 | Epoch 1 - Batch 2482 - Loss 0.063708
2026-06-18 18:30:52 | Epoch 1 - Batch 2483 - Loss 0.064874
2026-06-18 18:30:52 | Epoch 1 - Batch 2484 - Loss 0.066003
2026-06-18 18:30:53 | Epoch 1 - Batch 2485 - Loss 0.067785
2026-06-18 18:30:53 | Epoch 1 - Batch 2486 - Loss 0.067495
2026-06-18 18:30:54 | Epoch 1 - Batch 2487 - Loss 0.056879
2026-06-18 18:30:54 | Epoch 1 - Batch 2488 - Loss 0.068224
2026-06-18 18:30:55 | Epoch 1 - Batch 2489 - Loss 0.069266
2026-06-18 18:30:55 | Epoch 1 - Batch 2490 - Loss 0.065102
2026-06-18 18:30:56 | Epoch 1 - Batch 2491 - Loss 0.060143
2026-06-18 18:30:56 | Epoch 1 - Batch 2492 - Loss 0.065362
2026-06-18 18:30:57 | Epoch 1 - Batch 2493 - Loss 0.067211
2026-06-18 18:30:57 | Epoch 1 - Batch 2494 - Loss 0.065536
2026-06-18 18:30:58 | Epoch 1 - Batch 2495 - Loss 0.064745
2026-06-18 18:30:58 | Epoch 1 - Batch 2496 - Loss 0.061133
2026-06-18 18:30:59 | Epoch 1 - Batch 2497 - Loss 0.062272
2026-06-18 18:30:59 | Epoch 1 - Batch 2498 - Loss 0.063926
2026-06-18 18:31:00 | Epoch 1 - Batch 2499 - Loss 0.071709
2026-06-18 18:31:00 | Epoch 1 - Batch 2500 - Loss 0.065534
2026-06-18 18:31:01 | Epoch 1 - Batch 2501 - Loss 0.062923
2026-06-18 18:31:01 | Epoch 1 - Batch 2502 - Loss 0.065068
2026-06-18 18:31:02 | Epoch 1 - Batch 2503 - Loss 0.059497
2026-06-18 18:31:02 | Epoch 1 - Batch 2504 - Loss 0.069210
2026-06-18 18:31:03 | Epoch 1 - Batch 2505 - Loss 0.061520
2026-06-18 18:31:03 | Epoch 1 - Batch 2506 - Loss 0.062486
2026-06-18 18:31:04 | Epoch 1 - Batch 2507 - Loss 0.066845
2026-06-18 18:31:04 | Epoch 1 - Batch 2508 - Loss 0.068258
2026-06-18 18:31:05 | Epoch 1 - Batch 2509 - Loss 0.071281
2026-06-18 18:31:05 | Epoch 1 - Batch 2510 - Loss 0.069510
2026-06-18 18:31:06 | Epoch 1 - Batch 2511 - Loss 0.063725
2026-06-18 18:31:06 | Epoch 1 - Batch 2512 - Loss 0.068295
2026-06-18 18:31:07 | Epoch 1 - Batch 2513 - Loss 0.056611
2026-06-18 18:31:07 | Epoch 1 - Batch 2514 - Loss 0.059497
2026-06-18 18:31:08 | Epoch 1 - Batch 2515 - Loss 0.063034
2026-06-18 18:31:08 | Epoch 1 - Batch 2516 - Loss 0.058692
2026-06-18 18:31:09 | Epoch 1 - Batch 2517 - Loss 0.067543
2026-06-18 18:31:09 | Epoch 1 - Batch 2518 - Loss 0.063888
2026-06-18 18:31:10 | Epoch 1 - Batch 2519 - Loss 0.061179
2026-06-18 18:31:10 | Epoch 1 - Batch 2520 - Loss 0.063692
2026-06-18 18:31:11 | Epoch 1 - Batch 2521 - Loss 0.064550
2026-06-18 18:31:11 | Epoch 1 - Batch 2522 - Loss 0.058466
2026-06-18 18:31:12 | Epoch 1 - Batch 2523 - Loss 0.073953
2026-06-18 18:31:12 | Epoch 1 - Batch 2524 - Loss 0.063856
2026-06-18 18:31:13 | Epoch 1 - Batch 2525 - Loss 0.060896
2026-06-18 18:31:13 | Epoch 1 - Batch 2526 - Loss 0.061447
2026-06-18 18:31:14 | Epoch 1 - Batch 2527 - Loss 0.066227
2026-06-18 18:31:14 | Epoch 1 - Batch 2528 - Loss 0.065624
2026-06-18 18:31:15 | Epoch 1 - Batch 2529 - Loss 0.057394
2026-06-18 18:31:15 | Epoch 1 - Batch 2530 - Loss 0.059743
2026-06-18 18:31:16 | Epoch 1 - Batch 2531 - Loss 0.071600
2026-06-18 18:31:16 | Epoch 1 - Batch 2532 - Loss 0.071505
2026-06-18 18:31:17 | Epoch 1 - Batch 2533 - Loss 0.060929
2026-06-18 18:31:17 | Epoch 1 - Batch 2534 - Loss 0.066470
2026-06-18 18:31:18 | Epoch 1 - Batch 2535 - Loss 0.065456
2026-06-18 18:31:18 | Epoch 1 - Batch 2536 - Loss 0.070411
2026-06-18 18:31:19 | Epoch 1 - Batch 2537 - Loss 0.064847
2026-06-18 18:31:19 | Epoch 1 - Batch 2538 - Loss 0.066305
2026-06-18 18:31:20 | Epoch 1 - Batch 2539 - Loss 0.064715
2026-06-18 18:31:20 | Epoch 1 - Batch 2540 - Loss 0.066515
2026-06-18 18:31:21 | Epoch 1 - Batch 2541 - Loss 0.068731
2026-06-18 18:31:21 | Epoch 1 - Batch 2542 - Loss 0.061768
2026-06-18 18:31:22 | Epoch 1 - Batch 2543 - Loss 0.071075
2026-06-18 18:31:22 | Epoch 1 - Batch 2544 - Loss 0.063686
2026-06-18 18:31:23 | Epoch 1 - Batch 2545 - Loss 0.062296
2026-06-18 18:31:23 | Epoch 1 - Batch 2546 - Loss 0.067845
2026-06-18 18:31:24 | Epoch 1 - Batch 2547 - Loss 0.063195
2026-06-18 18:31:24 | Epoch 1 - Batch 2548 - Loss 0.066481
2026-06-18 18:31:25 | Epoch 1 - Batch 2549 - Loss 0.065969
2026-06-18 18:31:25 | Epoch 1 - Batch 2550 - Loss 0.065265
2026-06-18 18:31:26 | Epoch 1 - Batch 2551 - Loss 0.068698
2026-06-18 18:31:26 | Epoch 1 - Batch 2552 - Loss 0.066654
2026-06-18 18:31:27 | Epoch 1 - Batch 2553 - Loss 0.070684
2026-06-18 18:31:27 | Epoch 1 - Batch 2554 - Loss 0.065821
2026-06-18 18:31:28 | Epoch 1 - Batch 2555 - Loss 0.059652
2026-06-18 18:31:28 | Epoch 1 - Batch 2556 - Loss 0.069309
2026-06-18 18:31:29 | Epoch 1 - Batch 2557 - Loss 0.065130
2026-06-18 18:31:29 | Epoch 1 - Batch 2558 - Loss 0.066115
2026-06-18 18:31:30 | Epoch 1 - Batch 2559 - Loss 0.063215
2026-06-18 18:31:30 | Epoch 1 - Batch 2560 - Loss 0.058615
2026-06-18 18:31:31 | Epoch 1 - Batch 2561 - Loss 0.061503
2026-06-18 18:31:31 | Epoch 1 - Batch 2562 - Loss 0.060986
2026-06-18 18:31:32 | Epoch 1 - Batch 2563 - Loss 0.067782
2026-06-18 18:31:32 | Epoch 1 - Batch 2564 - Loss 0.069431
2026-06-18 18:31:33 | Epoch 1 - Batch 2565 - Loss 0.061704
2026-06-18 18:31:33 | Epoch 1 - Batch 2566 - Loss 0.068830
2026-06-18 18:31:34 | Epoch 1 - Batch 2567 - Loss 0.067970
2026-06-18 18:31:34 | Epoch 1 - Batch 2568 - Loss 0.071757
2026-06-18 18:31:35 | Epoch 1 - Batch 2569 - Loss 0.063550
2026-06-18 18:31:35 | Epoch 1 - Batch 2570 - Loss 0.061907
2026-06-18 18:31:36 | Epoch 1 - Batch 2571 - Loss 0.062140
2026-06-18 18:31:36 | Epoch 1 - Batch 2572 - Loss 0.063739
2026-06-18 18:31:37 | Epoch 1 - Batch 2573 - Loss 0.067217
2026-06-18 18:31:37 | Epoch 1 - Batch 2574 - Loss 0.061762
2026-06-18 18:31:38 | Epoch 1 - Batch 2575 - Loss 0.065039
2026-06-18 18:31:38 | Epoch 1 - Batch 2576 - Loss 0.064552
2026-06-18 18:31:39 | Epoch 1 - Batch 2577 - Loss 0.064054
2026-06-18 18:31:39 | Epoch 1 - Batch 2578 - Loss 0.063424
2026-06-18 18:31:40 | Epoch 1 - Batch 2579 - Loss 0.070459
2026-06-18 18:31:40 | Epoch 1 - Batch 2580 - Loss 0.066401
2026-06-18 18:31:41 | Epoch 1 - Batch 2581 - Loss 0.062021
2026-06-18 18:31:41 | Epoch 1 - Batch 2582 - Loss 0.062350
2026-06-18 18:31:42 | Epoch 1 - Batch 2583 - Loss 0.064450
2026-06-18 18:31:42 | Epoch 1 - Batch 2584 - Loss 0.067546
2026-06-18 18:31:43 | Epoch 1 - Batch 2585 - Loss 0.069347
2026-06-18 18:31:43 | Epoch 1 - Batch 2586 - Loss 0.061244
2026-06-18 18:31:44 | Epoch 1 - Batch 2587 - Loss 0.057852
2026-06-18 18:31:44 | Epoch 1 - Batch 2588 - Loss 0.069202
2026-06-18 18:31:45 | Epoch 1 - Batch 2589 - Loss 0.062529
2026-06-18 18:31:45 | Epoch 1 - Batch 2590 - Loss 0.062944
2026-06-18 18:31:46 | Epoch 1 - Batch 2591 - Loss 0.062128
2026-06-18 18:31:46 | Epoch 1 - Batch 2592 - Loss 0.063561
2026-06-18 18:31:47 | Epoch 1 - Batch 2593 - Loss 0.064351
2026-06-18 18:31:47 | Epoch 1 - Batch 2594 - Loss 0.064950
2026-06-18 18:31:48 | Epoch 1 - Batch 2595 - Loss 0.061127
2026-06-18 18:31:48 | Epoch 1 - Batch 2596 - Loss 0.062055
2026-06-18 18:31:49 | Epoch 1 - Batch 2597 - Loss 0.067426
2026-06-18 18:31:49 | Epoch 1 - Batch 2598 - Loss 0.073732
2026-06-18 18:31:50 | Epoch 1 - Batch 2599 - Loss 0.062398
2026-06-18 18:31:50 | Epoch 1 - Batch 2600 - Loss 0.062045
2026-06-18 18:31:51 | Epoch 1 - Batch 2601 - Loss 0.063210
2026-06-18 18:31:51 | Epoch 1 - Batch 2602 - Loss 0.066852
2026-06-18 18:31:52 | Epoch 1 - Batch 2603 - Loss 0.062181
2026-06-18 18:31:52 | Epoch 1 - Batch 2604 - Loss 0.066264
2026-06-18 18:31:53 | Epoch 1 - Batch 2605 - Loss 0.062031
2026-06-18 18:31:53 | Epoch 1 - Batch 2606 - Loss 0.059493
2026-06-18 18:31:54 | Epoch 1 - Batch 2607 - Loss 0.064075
2026-06-18 18:31:54 | Epoch 1 - Batch 2608 - Loss 0.065099
2026-06-18 18:31:55 | Epoch 1 - Batch 2609 - Loss 0.064192
2026-06-18 18:31:55 | Epoch 1 - Batch 2610 - Loss 0.056504
2026-06-18 18:31:56 | Epoch 1 - Batch 2611 - Loss 0.059306
2026-06-18 18:31:56 | Epoch 1 - Batch 2612 - Loss 0.064680
2026-06-18 18:31:57 | Epoch 1 - Batch 2613 - Loss 0.053646
2026-06-18 18:31:57 | Epoch 1 - Batch 2614 - Loss 0.064880
2026-06-18 18:31:58 | Epoch 1 - Batch 2615 - Loss 0.057474
2026-06-18 18:31:58 | Epoch 1 - Batch 2616 - Loss 0.068181
2026-06-18 18:31:59 | Epoch 1 - Batch 2617 - Loss 0.064503
2026-06-18 18:31:59 | Epoch 1 - Batch 2618 - Loss 0.062722
2026-06-18 18:32:00 | Epoch 1 - Batch 2619 - Loss 0.063630
2026-06-18 18:32:00 | Epoch 1 - Batch 2620 - Loss 0.055165
2026-06-18 18:32:01 | Epoch 1 - Batch 2621 - Loss 0.068560
2026-06-18 18:32:01 | Epoch 1 - Batch 2622 - Loss 0.061213
2026-06-18 18:32:02 | Epoch 1 - Batch 2623 - Loss 0.064205
2026-06-18 18:32:02 | Epoch 1 - Batch 2624 - Loss 0.062211
2026-06-18 18:32:03 | Epoch 1 - Batch 2625 - Loss 0.060092
2026-06-18 18:32:03 | Epoch 1 - Batch 2626 - Loss 0.066702
2026-06-18 18:32:04 | Epoch 1 - Batch 2627 - Loss 0.060315
2026-06-18 18:32:04 | Epoch 1 - Batch 2628 - Loss 0.057894
2026-06-18 18:32:05 | Epoch 1 - Batch 2629 - Loss 0.066500
2026-06-18 18:32:05 | Epoch 1 - Batch 2630 - Loss 0.060618
2026-06-18 18:32:05 | Epoch 1 - Batch 2631 - Loss 0.065233
2026-06-18 18:32:06 | Epoch 1 - Batch 2632 - Loss 0.055988
2026-06-18 18:32:06 | Epoch 1 - Batch 2633 - Loss 0.062984
2026-06-18 18:32:07 | Epoch 1 - Batch 2634 - Loss 0.062489
2026-06-18 18:32:07 | Epoch 1 - Batch 2635 - Loss 0.064315
2026-06-18 18:32:08 | Epoch 1 - Batch 2636 - Loss 0.065045
2026-06-18 18:32:08 | Epoch 1 - Batch 2637 - Loss 0.058154
2026-06-18 18:32:09 | Epoch 1 - Batch 2638 - Loss 0.066411
2026-06-18 18:32:09 | Epoch 1 - Batch 2639 - Loss 0.061979
2026-06-18 18:32:10 | Epoch 1 - Batch 2640 - Loss 0.070840
2026-06-18 18:32:10 | Epoch 1 - Batch 2641 - Loss 0.061918
2026-06-18 18:32:11 | Epoch 1 - Batch 2642 - Loss 0.061034
2026-06-18 18:32:11 | Epoch 1 - Batch 2643 - Loss 0.062924
2026-06-18 18:32:12 | Epoch 1 - Batch 2644 - Loss 0.068464
2026-06-18 18:32:12 | Epoch 1 - Batch 2645 - Loss 0.062596
2026-06-18 18:32:13 | Epoch 1 - Batch 2646 - Loss 0.072273
2026-06-18 18:32:13 | Epoch 1 - Batch 2647 - Loss 0.067679
2026-06-18 18:32:14 | Epoch 1 - Batch 2648 - Loss 0.065925
2026-06-18 18:32:14 | Epoch 1 - Batch 2649 - Loss 0.070625
2026-06-18 18:32:15 | Epoch 1 - Batch 2650 - Loss 0.064182
2026-06-18 18:32:15 | Epoch 1 - Batch 2651 - Loss 0.065066
2026-06-18 18:32:16 | Epoch 1 - Batch 2652 - Loss 0.070128
2026-06-18 18:32:16 | Epoch 1 - Batch 2653 - Loss 0.070728
2026-06-18 18:32:17 | Epoch 1 - Batch 2654 - Loss 0.065088
2026-06-18 18:32:17 | Epoch 1 - Batch 2655 - Loss 0.069408
2026-06-18 18:32:18 | Epoch 1 - Batch 2656 - Loss 0.070937
2026-06-18 18:32:18 | Epoch 1 - Batch 2657 - Loss 0.065879
2026-06-18 18:32:19 | Epoch 1 - Batch 2658 - Loss 0.063231
2026-06-18 18:32:19 | Epoch 1 - Batch 2659 - Loss 0.062759
2026-06-18 18:32:20 | Epoch 1 - Batch 2660 - Loss 0.063179
2026-06-18 18:32:20 | Epoch 1 - Batch 2661 - Loss 0.066170
2026-06-18 18:32:21 | Epoch 1 - Batch 2662 - Loss 0.070223
2026-06-18 18:32:21 | Epoch 1 - Batch 2663 - Loss 0.065401
2026-06-18 18:32:22 | Epoch 1 - Batch 2664 - Loss 0.065412
2026-06-18 18:32:22 | Epoch 1 - Batch 2665 - Loss 0.063080
2026-06-18 18:32:23 | Epoch 1 - Batch 2666 - Loss 0.060528
2026-06-18 18:32:23 | Epoch 1 - Batch 2667 - Loss 0.057643
2026-06-18 18:32:24 | Epoch 1 - Batch 2668 - Loss 0.064181
2026-06-18 18:32:24 | Epoch 1 - Batch 2669 - Loss 0.061164
2026-06-18 18:32:25 | Epoch 1 - Batch 2670 - Loss 0.066999
2026-06-18 18:32:25 | Epoch 1 - Batch 2671 - Loss 0.067591
2026-06-18 18:32:26 | Epoch 1 - Batch 2672 - Loss 0.065148
2026-06-18 18:32:26 | Epoch 1 - Batch 2673 - Loss 0.073443
2026-06-18 18:32:27 | Epoch 1 - Batch 2674 - Loss 0.062648
2026-06-18 18:32:27 | Epoch 1 - Batch 2675 - Loss 0.064494
2026-06-18 18:32:28 | Epoch 1 - Batch 2676 - Loss 0.068330
2026-06-18 18:32:28 | Epoch 1 - Batch 2677 - Loss 0.064665
2026-06-18 18:32:29 | Epoch 1 - Batch 2678 - Loss 0.069293
2026-06-18 18:32:29 | Epoch 1 - Batch 2679 - Loss 0.062891
2026-06-18 18:32:30 | Epoch 1 - Batch 2680 - Loss 0.066783
2026-06-18 18:32:30 | Epoch 1 - Batch 2681 - Loss 0.063618
2026-06-18 18:32:31 | Epoch 1 - Batch 2682 - Loss 0.066996
2026-06-18 18:32:31 | Epoch 1 - Batch 2683 - Loss 0.064522
2026-06-18 18:32:32 | Epoch 1 - Batch 2684 - Loss 0.060064
2026-06-18 18:32:32 | Epoch 1 - Batch 2685 - Loss 0.065090
2026-06-18 18:32:33 | Epoch 1 - Batch 2686 - Loss 0.065476
2026-06-18 18:32:33 | Epoch 1 - Batch 2687 - Loss 0.073233
2026-06-18 18:32:34 | Epoch 1 - Batch 2688 - Loss 0.066956
2026-06-18 18:32:34 | Epoch 1 - Batch 2689 - Loss 0.060785
2026-06-18 18:32:35 | Epoch 1 - Batch 2690 - Loss 0.064704
2026-06-18 18:32:35 | Epoch 1 - Batch 2691 - Loss 0.068976
2026-06-18 18:32:36 | Epoch 1 - Batch 2692 - Loss 0.068104
2026-06-18 18:32:36 | Epoch 1 - Batch 2693 - Loss 0.062632
2026-06-18 18:32:37 | Epoch 1 - Batch 2694 - Loss 0.067816
2026-06-18 18:32:37 | Epoch 1 - Batch 2695 - Loss 0.073503
2026-06-18 18:32:38 | Epoch 1 - Batch 2696 - Loss 0.059712
2026-06-18 18:32:38 | Epoch 1 - Batch 2697 - Loss 0.070526
2026-06-18 18:32:39 | Epoch 1 - Batch 2698 - Loss 0.062540
2026-06-18 18:32:39 | Epoch 1 - Batch 2699 - Loss 0.065699
2026-06-18 18:32:40 | Epoch 1 - Batch 2700 - Loss 0.061940
2026-06-18 18:32:40 | Epoch 1 - Batch 2701 - Loss 0.060157
2026-06-18 18:32:41 | Epoch 1 - Batch 2702 - Loss 0.063112
2026-06-18 18:32:41 | Epoch 1 - Batch 2703 - Loss 0.062988
2026-06-18 18:32:42 | Epoch 1 - Batch 2704 - Loss 0.066862
2026-06-18 18:32:42 | Epoch 1 - Batch 2705 - Loss 0.061500
2026-06-18 18:32:43 | Epoch 1 - Batch 2706 - Loss 0.060946
2026-06-18 18:32:43 | Epoch 1 - Batch 2707 - Loss 0.060485
2026-06-18 18:32:44 | Epoch 1 - Batch 2708 - Loss 0.067130
2026-06-18 18:32:44 | Epoch 1 - Batch 2709 - Loss 0.066191
2026-06-18 18:32:45 | Epoch 1 - Batch 2710 - Loss 0.062426
2026-06-18 18:32:45 | Epoch 1 - Batch 2711 - Loss 0.068295
2026-06-18 18:32:46 | Epoch 1 - Batch 2712 - Loss 0.068609
2026-06-18 18:32:46 | Epoch 1 - Batch 2713 - Loss 0.062570
2026-06-18 18:32:47 | Epoch 1 - Batch 2714 - Loss 0.059119
2026-06-18 18:32:47 | Epoch 1 - Batch 2715 - Loss 0.060934
2026-06-18 18:32:48 | Epoch 1 - Batch 2716 - Loss 0.061583
2026-06-18 18:32:48 | Epoch 1 - Batch 2717 - Loss 0.065171
2026-06-18 18:32:49 | Epoch 1 - Batch 2718 - Loss 0.067281
2026-06-18 18:32:49 | Epoch 1 - Batch 2719 - Loss 0.066600
2026-06-18 18:32:50 | Epoch 1 - Batch 2720 - Loss 0.064847
2026-06-18 18:32:50 | Epoch 1 - Batch 2721 - Loss 0.073905
2026-06-18 18:32:51 | Epoch 1 - Batch 2722 - Loss 0.065909
2026-06-18 18:32:51 | Epoch 1 - Batch 2723 - Loss 0.058385
2026-06-18 18:32:52 | Epoch 1 - Batch 2724 - Loss 0.066924
2026-06-18 18:32:52 | Epoch 1 - Batch 2725 - Loss 0.069494
2026-06-18 18:32:53 | Epoch 1 - Batch 2726 - Loss 0.056035
2026-06-18 18:32:53 | Epoch 1 - Batch 2727 - Loss 0.058686
2026-06-18 18:32:54 | Epoch 1 - Batch 2728 - Loss 0.066795
2026-06-18 18:32:54 | Epoch 1 - Batch 2729 - Loss 0.058214
2026-06-18 18:32:55 | Epoch 1 - Batch 2730 - Loss 0.062727
2026-06-18 18:32:55 | Epoch 1 - Batch 2731 - Loss 0.066307
2026-06-18 18:32:56 | Epoch 1 - Batch 2732 - Loss 0.064191
2026-06-18 18:32:56 | Epoch 1 - Batch 2733 - Loss 0.065109
2026-06-18 18:32:57 | Epoch 1 - Batch 2734 - Loss 0.060668
2026-06-18 18:32:57 | Epoch 1 - Batch 2735 - Loss 0.065902
2026-06-18 18:32:58 | Epoch 1 - Batch 2736 - Loss 0.059390
2026-06-18 18:32:58 | Epoch 1 - Batch 2737 - Loss 0.061759
2026-06-18 18:32:59 | Epoch 1 - Batch 2738 - Loss 0.061114
2026-06-18 18:32:59 | Epoch 1 - Batch 2739 - Loss 0.064684
2026-06-18 18:33:00 | Epoch 1 - Batch 2740 - Loss 0.055770
2026-06-18 18:33:00 | Epoch 1 - Batch 2741 - Loss 0.063148
2026-06-18 18:33:01 | Epoch 1 - Batch 2742 - Loss 0.068713
2026-06-18 18:33:01 | Epoch 1 - Batch 2743 - Loss 0.066534
2026-06-18 18:33:02 | Epoch 1 - Batch 2744 - Loss 0.068442
2026-06-18 18:33:02 | Epoch 1 - Batch 2745 - Loss 0.065398
2026-06-18 18:33:03 | Epoch 1 - Batch 2746 - Loss 0.062210
2026-06-18 18:33:03 | Epoch 1 - Batch 2747 - Loss 0.063170
2026-06-18 18:33:04 | Epoch 1 - Batch 2748 - Loss 0.069186
2026-06-18 18:33:04 | Epoch 1 - Batch 2749 - Loss 0.064103
2026-06-18 18:33:05 | Epoch 1 - Batch 2750 - Loss 0.062135
2026-06-18 18:33:05 | Epoch 1 - Batch 2751 - Loss 0.058090
2026-06-18 18:33:06 | Epoch 1 - Batch 2752 - Loss 0.059793
2026-06-18 18:33:06 | Epoch 1 - Batch 2753 - Loss 0.063690
2026-06-18 18:33:07 | Epoch 1 - Batch 2754 - Loss 0.063730
2026-06-18 18:33:07 | Epoch 1 - Batch 2755 - Loss 0.059615
2026-06-18 18:33:08 | Epoch 1 - Batch 2756 - Loss 0.061179
2026-06-18 18:33:08 | Epoch 1 - Batch 2757 - Loss 0.054793
2026-06-18 18:33:09 | Epoch 1 - Batch 2758 - Loss 0.067819
2026-06-18 18:33:09 | Epoch 1 - Batch 2759 - Loss 0.064935
2026-06-18 18:33:10 | Epoch 1 - Batch 2760 - Loss 0.057629
2026-06-18 18:33:10 | Epoch 1 - Batch 2761 - Loss 0.067166
2026-06-18 18:33:11 | Epoch 1 - Batch 2762 - Loss 0.065827
2026-06-18 18:33:11 | Epoch 1 - Batch 2763 - Loss 0.063491
2026-06-18 18:33:12 | Epoch 1 - Batch 2764 - Loss 0.065485
2026-06-18 18:33:12 | Epoch 1 - Batch 2765 - Loss 0.060549
2026-06-18 18:33:13 | Epoch 1 - Batch 2766 - Loss 0.056711
2026-06-18 18:33:13 | Epoch 1 - Batch 2767 - Loss 0.060420
2026-06-18 18:33:14 | Epoch 1 - Batch 2768 - Loss 0.062074
2026-06-18 18:33:14 | Epoch 1 - Batch 2769 - Loss 0.066919
2026-06-18 18:33:15 | Epoch 1 - Batch 2770 - Loss 0.061639
2026-06-18 18:33:15 | Epoch 1 - Batch 2771 - Loss 0.065959
2026-06-18 18:33:16 | Epoch 1 - Batch 2772 - Loss 0.073466
2026-06-18 18:33:16 | Epoch 1 - Batch 2773 - Loss 0.063073
2026-06-18 18:33:17 | Epoch 1 - Batch 2774 - Loss 0.063600
2026-06-18 18:33:17 | Epoch 1 - Batch 2775 - Loss 0.065592
2026-06-18 18:33:18 | Epoch 1 - Batch 2776 - Loss 0.061630
2026-06-18 18:33:18 | Epoch 1 - Batch 2777 - Loss 0.063458
2026-06-18 18:33:19 | Epoch 1 - Batch 2778 - Loss 0.066046
2026-06-18 18:33:19 | Epoch 1 - Batch 2779 - Loss 0.062597
2026-06-18 18:33:20 | Epoch 1 - Batch 2780 - Loss 0.062089
2026-06-18 18:33:20 | Epoch 1 - Batch 2781 - Loss 0.059604
2026-06-18 18:33:21 | Epoch 1 - Batch 2782 - Loss 0.066740
2026-06-18 18:33:21 | Epoch 1 - Batch 2783 - Loss 0.060326
2026-06-18 18:33:22 | Epoch 1 - Batch 2784 - Loss 0.055812
2026-06-18 18:33:22 | Epoch 1 - Batch 2785 - Loss 0.066879
2026-06-18 18:33:23 | Epoch 1 - Batch 2786 - Loss 0.058421
2026-06-18 18:33:23 | Epoch 1 - Batch 2787 - Loss 0.065774
2026-06-18 18:33:24 | Epoch 1 - Batch 2788 - Loss 0.061405
2026-06-18 18:33:24 | Epoch 1 - Batch 2789 - Loss 0.061830
2026-06-18 18:33:25 | Epoch 1 - Batch 2790 - Loss 0.065561
2026-06-18 18:33:25 | Epoch 1 - Batch 2791 - Loss 0.062130
2026-06-18 18:33:26 | Epoch 1 - Batch 2792 - Loss 0.064625
2026-06-18 18:33:26 | Epoch 1 - Batch 2793 - Loss 0.058964
2026-06-18 18:33:27 | Epoch 1 - Batch 2794 - Loss 0.063852
2026-06-18 18:33:27 | Epoch 1 - Batch 2795 - Loss 0.057001
2026-06-18 18:33:28 | Epoch 1 - Batch 2796 - Loss 0.060899
2026-06-18 18:33:28 | Epoch 1 - Batch 2797 - Loss 0.070551
2026-06-18 18:33:28 | Epoch 1 - Batch 2798 - Loss 0.061800
2026-06-18 18:33:29 | Epoch 1 - Batch 2799 - Loss 0.064589
2026-06-18 18:33:29 | Epoch 1 - Batch 2800 - Loss 0.060932
2026-06-18 18:33:30 | Epoch 1 - Batch 2801 - Loss 0.057783
2026-06-18 18:33:30 | Epoch 1 - Batch 2802 - Loss 0.062942
2026-06-18 18:33:31 | Epoch 1 - Batch 2803 - Loss 0.065317
2026-06-18 18:33:31 | Epoch 1 - Batch 2804 - Loss 0.059690
2026-06-18 18:33:32 | Epoch 1 - Batch 2805 - Loss 0.060662
2026-06-18 18:33:32 | Epoch 1 - Batch 2806 - Loss 0.067743
2026-06-18 18:33:33 | Epoch 1 - Batch 2807 - Loss 0.059347
2026-06-18 18:33:33 | Epoch 1 - Batch 2808 - Loss 0.064192
2026-06-18 18:33:34 | Epoch 1 - Batch 2809 - Loss 0.063813
2026-06-18 18:33:34 | Epoch 1 - Batch 2810 - Loss 0.063013
2026-06-18 18:33:35 | Epoch 1 - Batch 2811 - Loss 0.066368
2026-06-18 18:33:35 | Epoch 1 - Batch 2812 - Loss 0.059057
2026-06-18 18:33:36 | Epoch 1 - Batch 2813 - Loss 0.060126
2026-06-18 18:33:36 | Epoch 1 - Batch 2814 - Loss 0.068956
2026-06-18 18:33:37 | Epoch 1 - Batch 2815 - Loss 0.061853
2026-06-18 18:33:37 | Epoch 1 - Batch 2816 - Loss 0.059539
2026-06-18 18:33:38 | Epoch 1 - Batch 2817 - Loss 0.063505
2026-06-18 18:33:38 | Epoch 1 - Batch 2818 - Loss 0.065357
2026-06-18 18:33:39 | Epoch 1 - Batch 2819 - Loss 0.061419
2026-06-18 18:33:39 | Epoch 1 - Batch 2820 - Loss 0.057966
2026-06-18 18:33:40 | Epoch 1 - Batch 2821 - Loss 0.060089
2026-06-18 18:33:40 | Epoch 1 - Batch 2822 - Loss 0.059653
2026-06-18 18:33:41 | Epoch 1 - Batch 2823 - Loss 0.065977
2026-06-18 18:33:41 | Epoch 1 - Batch 2824 - Loss 0.066737
2026-06-18 18:33:42 | Epoch 1 - Batch 2825 - Loss 0.061226
2026-06-18 18:33:42 | Epoch 1 - Batch 2826 - Loss 0.058100
2026-06-18 18:33:43 | Epoch 1 - Batch 2827 - Loss 0.060797
2026-06-18 18:33:43 | Epoch 1 - Batch 2828 - Loss 0.064926
2026-06-18 18:33:44 | Epoch 1 - Batch 2829 - Loss 0.061501
2026-06-18 18:33:44 | Epoch 1 - Batch 2830 - Loss 0.058680
2026-06-18 18:33:45 | Epoch 1 - Batch 2831 - Loss 0.058535
2026-06-18 18:33:45 | Epoch 1 - Batch 2832 - Loss 0.059155
2026-06-18 18:33:46 | Epoch 1 - Batch 2833 - Loss 0.063095
2026-06-18 18:33:46 | Epoch 1 - Batch 2834 - Loss 0.065022
2026-06-18 18:33:47 | Epoch 1 - Batch 2835 - Loss 0.071008
2026-06-18 18:33:47 | Epoch 1 - Batch 2836 - Loss 0.062187
2026-06-18 18:33:48 | Epoch 1 - Batch 2837 - Loss 0.073414
2026-06-18 18:33:48 | Epoch 1 - Batch 2838 - Loss 0.060607
2026-06-18 18:33:49 | Epoch 1 - Batch 2839 - Loss 0.066759
2026-06-18 18:33:49 | Epoch 1 - Batch 2840 - Loss 0.067586
2026-06-18 18:33:50 | Epoch 1 - Batch 2841 - Loss 0.061917
2026-06-18 18:33:50 | Epoch 1 - Batch 2842 - Loss 0.054809
2026-06-18 18:33:51 | Epoch 1 - Batch 2843 - Loss 0.057973
2026-06-18 18:33:51 | Epoch 1 - Batch 2844 - Loss 0.062897
2026-06-18 18:33:52 | Epoch 1 - Batch 2845 - Loss 0.062599
2026-06-18 18:33:52 | Epoch 1 - Batch 2846 - Loss 0.056386
2026-06-18 18:33:53 | Epoch 1 - Batch 2847 - Loss 0.063536
2026-06-18 18:33:53 | Epoch 1 - Batch 2848 - Loss 0.057901
2026-06-18 18:33:54 | Epoch 1 - Batch 2849 - Loss 0.064274
2026-06-18 18:33:54 | Epoch 1 - Batch 2850 - Loss 0.061228
2026-06-18 18:33:55 | Epoch 1 - Batch 2851 - Loss 0.064965
2026-06-18 18:33:55 | Epoch 1 - Batch 2852 - Loss 0.061472
2026-06-18 18:33:56 | Epoch 1 - Batch 2853 - Loss 0.066718
2026-06-18 18:33:56 | Epoch 1 - Batch 2854 - Loss 0.074606
2026-06-18 18:33:57 | Epoch 1 - Batch 2855 - Loss 0.067581
2026-06-18 18:33:57 | Epoch 1 - Batch 2856 - Loss 0.062820
2026-06-18 18:33:58 | Epoch 1 - Batch 2857 - Loss 0.067022
2026-06-18 18:33:58 | Epoch 1 - Batch 2858 - Loss 0.064268
2026-06-18 18:33:59 | Epoch 1 - Batch 2859 - Loss 0.062885
2026-06-18 18:33:59 | Epoch 1 - Batch 2860 - Loss 0.065615
2026-06-18 18:34:00 | Epoch 1 - Batch 2861 - Loss 0.066147
2026-06-18 18:34:00 | Epoch 1 - Batch 2862 - Loss 0.065072
2026-06-18 18:34:01 | Epoch 1 - Batch 2863 - Loss 0.065191
2026-06-18 18:34:01 | Epoch 1 - Batch 2864 - Loss 0.060392
2026-06-18 18:34:02 | Epoch 1 - Batch 2865 - Loss 0.064800
2026-06-18 18:34:02 | Epoch 1 - Batch 2866 - Loss 0.065481
2026-06-18 18:34:03 | Epoch 1 - Batch 2867 - Loss 0.061333
2026-06-18 18:34:03 | Epoch 1 - Batch 2868 - Loss 0.067337
2026-06-18 18:34:04 | Epoch 1 - Batch 2869 - Loss 0.069225
2026-06-18 18:34:04 | Epoch 1 - Batch 2870 - Loss 0.059525
2026-06-18 18:34:05 | Epoch 1 - Batch 2871 - Loss 0.070997
2026-06-18 18:34:05 | Epoch 1 - Batch 2872 - Loss 0.059514
2026-06-18 18:34:06 | Epoch 1 - Batch 2873 - Loss 0.060649
2026-06-18 18:34:06 | Epoch 1 - Batch 2874 - Loss 0.058587
2026-06-18 18:34:06 | Epoch 1 - Batch 2875 - Loss 0.066691
2026-06-18 18:34:07 | Epoch 1 - Batch 2876 - Loss 0.062824
2026-06-18 18:34:07 | Epoch 1 - Batch 2877 - Loss 0.065281
2026-06-18 18:34:08 | Epoch 1 - Batch 2878 - Loss 0.060112
2026-06-18 18:34:08 | Epoch 1 - Batch 2879 - Loss 0.061175
2026-06-18 18:34:09 | Epoch 1 - Batch 2880 - Loss 0.059446
2026-06-18 18:34:09 | Epoch 1 - Batch 2881 - Loss 0.060462
2026-06-18 18:34:10 | Epoch 1 - Batch 2882 - Loss 0.060643
2026-06-18 18:34:10 | Epoch 1 - Batch 2883 - Loss 0.061590
2026-06-18 18:34:11 | Epoch 1 - Batch 2884 - Loss 0.060968
2026-06-18 18:34:11 | Epoch 1 - Batch 2885 - Loss 0.062427
2026-06-18 18:34:12 | Epoch 1 - Batch 2886 - Loss 0.061439
2026-06-18 18:34:12 | Epoch 1 - Batch 2887 - Loss 0.068356
2026-06-18 18:34:13 | Epoch 1 - Batch 2888 - Loss 0.056663
2026-06-18 18:34:13 | Epoch 1 - Batch 2889 - Loss 0.060852
2026-06-18 18:34:14 | Epoch 1 - Batch 2890 - Loss 0.072122
2026-06-18 18:34:14 | Epoch 1 - Batch 2891 - Loss 0.060103
2026-06-18 18:34:15 | Epoch 1 - Batch 2892 - Loss 0.061499
2026-06-18 18:34:15 | Epoch 1 - Batch 2893 - Loss 0.061508
2026-06-18 18:34:16 | Epoch 1 - Batch 2894 - Loss 0.068365
2026-06-18 18:34:16 | Epoch 1 - Batch 2895 - Loss 0.064258
2026-06-18 18:34:17 | Epoch 1 - Batch 2896 - Loss 0.070526
2026-06-18 18:34:17 | Epoch 1 - Batch 2897 - Loss 0.069430
2026-06-18 18:34:18 | Epoch 1 - Batch 2898 - Loss 0.058806
2026-06-18 18:34:18 | Epoch 1 - Batch 2899 - Loss 0.065591
2026-06-18 18:34:19 | Epoch 1 - Batch 2900 - Loss 0.065314
2026-06-18 18:34:19 | Epoch 1 - Batch 2901 - Loss 0.060965
2026-06-18 18:34:20 | Epoch 1 - Batch 2902 - Loss 0.060194
2026-06-18 18:34:20 | Epoch 1 - Batch 2903 - Loss 0.066378
2026-06-18 18:34:21 | Epoch 1 - Batch 2904 - Loss 0.063274
2026-06-18 18:34:21 | Epoch 1 - Batch 2905 - Loss 0.062239
2026-06-18 18:34:22 | Epoch 1 - Batch 2906 - Loss 0.063387
2026-06-18 18:34:22 | Epoch 1 - Batch 2907 - Loss 0.061488
2026-06-18 18:34:23 | Epoch 1 - Batch 2908 - Loss 0.055492
2026-06-18 18:34:24 | Epoch 1 - Batch 2909 - Loss 0.073328
2026-06-18 18:34:24 | Epoch 1 - Batch 2910 - Loss 0.055471
2026-06-18 18:34:25 | Epoch 1 - Batch 2911 - Loss 0.065254
2026-06-18 18:34:25 | Epoch 1 - Batch 2912 - Loss 0.061238
2026-06-18 18:34:26 | Epoch 1 - Batch 2913 - Loss 0.067767
2026-06-18 18:34:26 | Epoch 1 - Batch 2914 - Loss 0.061662
2026-06-18 18:34:27 | Epoch 1 - Batch 2915 - Loss 0.060535
2026-06-18 18:34:27 | Epoch 1 - Batch 2916 - Loss 0.062901
2026-06-18 18:34:27 | Epoch 1 - Batch 2917 - Loss 0.062674
2026-06-18 18:34:28 | Epoch 1 - Batch 2918 - Loss 0.055187
2026-06-18 18:34:29 | Epoch 1 - Batch 2919 - Loss 0.058210
2026-06-18 18:34:29 | Epoch 1 - Batch 2920 - Loss 0.058548
2026-06-18 18:34:30 | Epoch 1 - Batch 2921 - Loss 0.063155
2026-06-18 18:34:30 | Epoch 1 - Batch 2922 - Loss 0.057452
2026-06-18 18:34:31 | Epoch 1 - Batch 2923 - Loss 0.060003
2026-06-18 18:34:31 | Epoch 1 - Batch 2924 - Loss 0.063289
2026-06-18 18:34:32 | Epoch 1 - Batch 2925 - Loss 0.055329
2026-06-18 18:34:32 | Epoch 1 - Batch 2926 - Loss 0.055749
2026-06-18 18:34:33 | Epoch 1 - Batch 2927 - Loss 0.064414
2026-06-18 18:34:33 | Epoch 1 - Batch 2928 - Loss 0.065803
2026-06-18 18:34:33 | Epoch 1 - Batch 2929 - Loss 0.061863
2026-06-18 18:34:34 | Epoch 1 - Batch 2930 - Loss 0.062025
2026-06-18 18:34:34 | Epoch 1 - Batch 2931 - Loss 0.058771
2026-06-18 18:34:35 | Epoch 1 - Batch 2932 - Loss 0.070501
2026-06-18 18:34:35 | Epoch 1 - Batch 2933 - Loss 0.059997
2026-06-18 18:34:36 | Epoch 1 - Batch 2934 - Loss 0.057834
2026-06-18 18:34:36 | Epoch 1 - Batch 2935 - Loss 0.059139
2026-06-18 18:34:37 | Epoch 1 - Batch 2936 - Loss 0.060778
2026-06-18 18:34:37 | Epoch 1 - Batch 2937 - Loss 0.056758
2026-06-18 18:34:38 | Epoch 1 - Batch 2938 - Loss 0.059257
2026-06-18 18:34:38 | Epoch 1 - Batch 2939 - Loss 0.063653
2026-06-18 18:34:39 | Epoch 1 - Batch 2940 - Loss 0.063599
2026-06-18 18:34:39 | Epoch 1 - Batch 2941 - Loss 0.061156
2026-06-18 18:34:40 | Epoch 1 - Batch 2942 - Loss 0.060286
2026-06-18 18:34:40 | Epoch 1 - Batch 2943 - Loss 0.071207
2026-06-18 18:34:41 | Epoch 1 - Batch 2944 - Loss 0.063569
2026-06-18 18:34:41 | Epoch 1 - Batch 2945 - Loss 0.059144
2026-06-18 18:34:42 | Epoch 1 - Batch 2946 - Loss 0.070707
2026-06-18 18:34:42 | Epoch 1 - Batch 2947 - Loss 0.060253
2026-06-18 18:34:43 | Epoch 1 - Batch 2948 - Loss 0.063302
2026-06-18 18:34:43 | Epoch 1 - Batch 2949 - Loss 0.064693
2026-06-18 18:34:44 | Epoch 1 - Batch 2950 - Loss 0.060412
2026-06-18 18:34:44 | Epoch 1 - Batch 2951 - Loss 0.056577
2026-06-18 18:34:45 | Epoch 1 - Batch 2952 - Loss 0.061062
2026-06-18 18:34:45 | Epoch 1 - Batch 2953 - Loss 0.061312
2026-06-18 18:34:46 | Epoch 1 - Batch 2954 - Loss 0.062991
2026-06-18 18:34:46 | Epoch 1 - Batch 2955 - Loss 0.061579
2026-06-18 18:34:47 | Epoch 1 - Batch 2956 - Loss 0.065192
2026-06-18 18:34:47 | Epoch 1 - Batch 2957 - Loss 0.062371
2026-06-18 18:34:48 | Epoch 1 - Batch 2958 - Loss 0.059872
2026-06-18 18:34:48 | Epoch 1 - Batch 2959 - Loss 0.064613
2026-06-18 18:34:49 | Epoch 1 - Batch 2960 - Loss 0.060701
2026-06-18 18:34:49 | Epoch 1 - Batch 2961 - Loss 0.058425
2026-06-18 18:34:50 | Epoch 1 - Batch 2962 - Loss 0.065851
2026-06-18 18:34:50 | Epoch 1 - Batch 2963 - Loss 0.056299
2026-06-18 18:34:51 | Epoch 1 - Batch 2964 - Loss 0.060333
2026-06-18 18:34:51 | Epoch 1 - Batch 2965 - Loss 0.069165
2026-06-18 18:34:52 | Epoch 1 - Batch 2966 - Loss 0.067614
2026-06-18 18:34:52 | Epoch 1 - Batch 2967 - Loss 0.071469
2026-06-18 18:34:53 | Epoch 1 - Batch 2968 - Loss 0.063560
2026-06-18 18:34:53 | Epoch 1 - Batch 2969 - Loss 0.065651
2026-06-18 18:34:54 | Epoch 1 - Batch 2970 - Loss 0.063007
2026-06-18 18:34:54 | Epoch 1 - Batch 2971 - Loss 0.063920
2026-06-18 18:34:55 | Epoch 1 - Batch 2972 - Loss 0.066358
2026-06-18 18:34:55 | Epoch 1 - Batch 2973 - Loss 0.062475
2026-06-18 18:34:56 | Epoch 1 - Batch 2974 - Loss 0.065674
2026-06-18 18:34:56 | Epoch 1 - Batch 2975 - Loss 0.060544
2026-06-18 18:34:57 | Epoch 1 - Batch 2976 - Loss 0.061727
2026-06-18 18:34:57 | Epoch 1 - Batch 2977 - Loss 0.059145
2026-06-18 18:34:58 | Epoch 1 - Batch 2978 - Loss 0.062476
2026-06-18 18:34:58 | Epoch 1 - Batch 2979 - Loss 0.059708
2026-06-18 18:34:59 | Epoch 1 - Batch 2980 - Loss 0.061983
2026-06-18 18:34:59 | Epoch 1 - Batch 2981 - Loss 0.058655
2026-06-18 18:35:00 | Epoch 1 - Batch 2982 - Loss 0.061055
2026-06-18 18:35:00 | Epoch 1 - Batch 2983 - Loss 0.063880
2026-06-18 18:35:01 | Epoch 1 - Batch 2984 - Loss 0.065581
2026-06-18 18:35:01 | Epoch 1 - Batch 2985 - Loss 0.057873
2026-06-18 18:35:02 | Epoch 1 - Batch 2986 - Loss 0.061437
2026-06-18 18:35:02 | Epoch 1 - Batch 2987 - Loss 0.058010
2026-06-18 18:35:03 | Epoch 1 - Batch 2988 - Loss 0.067538
2026-06-18 18:35:03 | Epoch 1 - Batch 2989 - Loss 0.059431
2026-06-18 18:35:04 | Epoch 1 - Batch 2990 - Loss 0.057811
2026-06-18 18:35:04 | Epoch 1 - Batch 2991 - Loss 0.058410
2026-06-18 18:35:05 | Epoch 1 - Batch 2992 - Loss 0.066079
2026-06-18 18:35:05 | Epoch 1 - Batch 2993 - Loss 0.057250
2026-06-18 18:35:06 | Epoch 1 - Batch 2994 - Loss 0.058424
2026-06-18 18:35:06 | Epoch 1 - Batch 2995 - Loss 0.060286
2026-06-18 18:35:07 | Epoch 1 - Batch 2996 - Loss 0.065400
2026-06-18 18:35:07 | Epoch 1 - Batch 2997 - Loss 0.060941
2026-06-18 18:35:08 | Epoch 1 - Batch 2998 - Loss 0.065629
2026-06-18 18:35:08 | Epoch 1 - Batch 2999 - Loss 0.063478
2026-06-18 18:35:09 | Epoch 1 - Batch 3000 - Loss 0.063548
2026-06-18 18:35:09 | Epoch 1 - Batch 3001 - Loss 0.062717
2026-06-18 18:35:10 | Epoch 1 - Batch 3002 - Loss 0.063505
2026-06-18 18:35:10 | Epoch 1 - Batch 3003 - Loss 0.063367
2026-06-18 18:35:11 | Epoch 1 - Batch 3004 - Loss 0.067971
2026-06-18 18:35:11 | Epoch 1 - Batch 3005 - Loss 0.065888
2026-06-18 18:35:12 | Epoch 1 - Batch 3006 - Loss 0.068039
2026-06-18 18:35:12 | Epoch 1 - Batch 3007 - Loss 0.062773
2026-06-18 18:35:13 | Epoch 1 - Batch 3008 - Loss 0.057640
2026-06-18 18:35:13 | Epoch 1 - Batch 3009 - Loss 0.070480
2026-06-18 18:35:14 | Epoch 1 - Batch 3010 - Loss 0.063280
2026-06-18 18:35:14 | Epoch 1 - Batch 3011 - Loss 0.064228
2026-06-18 18:35:15 | Epoch 1 - Batch 3012 - Loss 0.066199
2026-06-18 18:35:15 | Epoch 1 - Batch 3013 - Loss 0.060138
2026-06-18 18:35:16 | Epoch 1 - Batch 3014 - Loss 0.068797
2026-06-18 18:35:16 | Epoch 1 - Batch 3015 - Loss 0.061611
2026-06-18 18:35:17 | Epoch 1 - Batch 3016 - Loss 0.065179
2026-06-18 18:35:17 | Epoch 1 - Batch 3017 - Loss 0.059012
2026-06-18 18:35:18 | Epoch 1 - Batch 3018 - Loss 0.063385
2026-06-18 18:35:18 | Epoch 1 - Batch 3019 - Loss 0.063670
2026-06-18 18:35:19 | Epoch 1 - Batch 3020 - Loss 0.064190
2026-06-18 18:35:19 | Epoch 1 - Batch 3021 - Loss 0.061165
2026-06-18 18:35:20 | Epoch 1 - Batch 3022 - Loss 0.057841
2026-06-18 18:35:20 | Epoch 1 - Batch 3023 - Loss 0.054821
2026-06-18 18:35:20 | Epoch 1 - Batch 3024 - Loss 0.064874
2026-06-18 18:35:21 | Epoch 1 - Batch 3025 - Loss 0.058357
2026-06-18 18:35:21 | Epoch 1 - Batch 3026 - Loss 0.057249
2026-06-18 18:35:22 | Epoch 1 - Batch 3027 - Loss 0.055809
2026-06-18 18:35:22 | Epoch 1 - Batch 3028 - Loss 0.059368
2026-06-18 18:35:23 | Epoch 1 - Batch 3029 - Loss 0.063797
2026-06-18 18:35:23 | Epoch 1 - Batch 3030 - Loss 0.066911
2026-06-18 18:35:24 | Epoch 1 - Batch 3031 - Loss 0.055455
2026-06-18 18:35:24 | Epoch 1 - Batch 3032 - Loss 0.065899
2026-06-18 18:35:25 | Epoch 1 - Batch 3033 - Loss 0.064358
2026-06-18 18:35:25 | Epoch 1 - Batch 3034 - Loss 0.058686
2026-06-18 18:35:26 | Epoch 1 - Batch 3035 - Loss 0.065175
2026-06-18 18:35:26 | Epoch 1 - Batch 3036 - Loss 0.065439
2026-06-18 18:35:27 | Epoch 1 - Batch 3037 - Loss 0.060568
2026-06-18 18:35:27 | Epoch 1 - Batch 3038 - Loss 0.064624
2026-06-18 18:35:28 | Epoch 1 - Batch 3039 - Loss 0.059061
2026-06-18 18:35:28 | Epoch 1 - Batch 3040 - Loss 0.055401
2026-06-18 18:35:29 | Epoch 1 - Batch 3041 - Loss 0.059267
2026-06-18 18:35:29 | Epoch 1 - Batch 3042 - Loss 0.059320
2026-06-18 18:35:30 | Epoch 1 - Batch 3043 - Loss 0.061778
2026-06-18 18:35:30 | Epoch 1 - Batch 3044 - Loss 0.063687
2026-06-18 18:35:31 | Epoch 1 - Batch 3045 - Loss 0.055873
2026-06-18 18:35:31 | Epoch 1 - Batch 3046 - Loss 0.059850
2026-06-18 18:35:32 | Epoch 1 - Batch 3047 - Loss 0.059224
2026-06-18 18:35:32 | Epoch 1 - Batch 3048 - Loss 0.067980
2026-06-18 18:35:33 | Epoch 1 - Batch 3049 - Loss 0.061147
2026-06-18 18:35:33 | Epoch 1 - Batch 3050 - Loss 0.057817
2026-06-18 18:35:34 | Epoch 1 - Batch 3051 - Loss 0.062391
2026-06-18 18:35:34 | Epoch 1 - Batch 3052 - Loss 0.061746
2026-06-18 18:35:35 | Epoch 1 - Batch 3053 - Loss 0.058289
2026-06-18 18:35:35 | Epoch 1 - Batch 3054 - Loss 0.058991
2026-06-18 18:35:36 | Epoch 1 - Batch 3055 - Loss 0.055957
2026-06-18 18:35:36 | Epoch 1 - Batch 3056 - Loss 0.064111
2026-06-18 18:35:37 | Epoch 1 - Batch 3057 - Loss 0.058899
2026-06-18 18:35:37 | Epoch 1 - Batch 3058 - Loss 0.061254
2026-06-18 18:35:38 | Epoch 1 - Batch 3059 - Loss 0.063518
2026-06-18 18:35:38 | Epoch 1 - Batch 3060 - Loss 0.060160
2026-06-18 18:35:39 | Epoch 1 - Batch 3061 - Loss 0.061699
2026-06-18 18:35:39 | Epoch 1 - Batch 3062 - Loss 0.061098
2026-06-18 18:35:40 | Epoch 1 - Batch 3063 - Loss 0.063315
2026-06-18 18:35:40 | Epoch 1 - Batch 3064 - Loss 0.058459
2026-06-18 18:35:41 | Epoch 1 - Batch 3065 - Loss 0.057359
2026-06-18 18:35:41 | Epoch 1 - Batch 3066 - Loss 0.056661
2026-06-18 18:35:42 | Epoch 1 - Batch 3067 - Loss 0.062794
2026-06-18 18:35:42 | Epoch 1 - Batch 3068 - Loss 0.058996
2026-06-18 18:35:43 | Epoch 1 - Batch 3069 - Loss 0.056550
2026-06-18 18:35:43 | Epoch 1 - Batch 3070 - Loss 0.058696
2026-06-18 18:35:44 | Epoch 1 - Batch 3071 - Loss 0.057454
2026-06-18 18:35:44 | Epoch 1 - Batch 3072 - Loss 0.060220
2026-06-18 18:35:45 | Epoch 1 - Batch 3073 - Loss 0.061329
2026-06-18 18:35:45 | Epoch 1 - Batch 3074 - Loss 0.059370
2026-06-18 18:35:46 | Epoch 1 - Batch 3075 - Loss 0.064047
2026-06-18 18:35:46 | Epoch 1 - Batch 3076 - Loss 0.064964
2026-06-18 18:35:47 | Epoch 1 - Batch 3077 - Loss 0.063326
2026-06-18 18:35:47 | Epoch 1 - Batch 3078 - Loss 0.066449
2026-06-18 18:35:48 | Epoch 1 - Batch 3079 - Loss 0.058540
2026-06-18 18:35:48 | Epoch 1 - Batch 3080 - Loss 0.057870
2026-06-18 18:35:49 | Epoch 1 - Batch 3081 - Loss 0.059418
2026-06-18 18:35:49 | Epoch 1 - Batch 3082 - Loss 0.065809
2026-06-18 18:35:50 | Epoch 1 - Batch 3083 - Loss 0.059424
2026-06-18 18:35:50 | Epoch 1 - Batch 3084 - Loss 0.058442
2026-06-18 18:35:51 | Epoch 1 - Batch 3085 - Loss 0.063119
2026-06-18 18:35:51 | Epoch 1 - Batch 3086 - Loss 0.064592
2026-06-18 18:35:52 | Epoch 1 - Batch 3087 - Loss 0.058163
2026-06-18 18:35:52 | Epoch 1 - Batch 3088 - Loss 0.056836
2026-06-18 18:35:53 | Epoch 1 - Batch 3089 - Loss 0.057971
2026-06-18 18:35:53 | Epoch 1 - Batch 3090 - Loss 0.055299
2026-06-18 18:35:54 | Epoch 1 - Batch 3091 - Loss 0.054005
2026-06-18 18:35:54 | Epoch 1 - Batch 3092 - Loss 0.061694
2026-06-18 18:35:55 | Epoch 1 - Batch 3093 - Loss 0.060555
2026-06-18 18:35:55 | Epoch 1 - Batch 3094 - Loss 0.056734
2026-06-18 18:35:56 | Epoch 1 - Batch 3095 - Loss 0.063228
2026-06-18 18:35:56 | Epoch 1 - Batch 3096 - Loss 0.057772
2026-06-18 18:35:57 | Epoch 1 - Batch 3097 - Loss 0.061613
2026-06-18 18:35:57 | Epoch 1 - Batch 3098 - Loss 0.060258
2026-06-18 18:35:58 | Epoch 1 - Batch 3099 - Loss 0.059309
2026-06-18 18:35:58 | Epoch 1 - Batch 3100 - Loss 0.065377
2026-06-18 18:35:59 | Epoch 1 - Batch 3101 - Loss 0.065773
2026-06-18 18:35:59 | Epoch 1 - Batch 3102 - Loss 0.063600
2026-06-18 18:36:00 | Epoch 1 - Batch 3103 - Loss 0.058166
2026-06-18 18:36:00 | Epoch 1 - Batch 3104 - Loss 0.060494
2026-06-18 18:36:01 | Epoch 1 - Batch 3105 - Loss 0.064464
2026-06-18 18:36:01 | Epoch 1 - Batch 3106 - Loss 0.061612
2026-06-18 18:36:02 | Epoch 1 - Batch 3107 - Loss 0.061324
2026-06-18 18:36:02 | Epoch 1 - Batch 3108 - Loss 0.064554
2026-06-18 18:36:03 | Epoch 1 - Batch 3109 - Loss 0.063831
2026-06-18 18:36:03 | Epoch 1 - Batch 3110 - Loss 0.063635
2026-06-18 18:36:04 | Epoch 1 - Batch 3111 - Loss 0.062138
2026-06-18 18:36:04 | Epoch 1 - Batch 3112 - Loss 0.056530
2026-06-18 18:36:05 | Epoch 1 - Batch 3113 - Loss 0.057662
2026-06-18 18:36:05 | Epoch 1 - Batch 3114 - Loss 0.065991
2026-06-18 18:36:06 | Epoch 1 - Batch 3115 - Loss 0.063877
2026-06-18 18:36:06 | Epoch 1 - Batch 3116 - Loss 0.064619
2026-06-18 18:36:07 | Epoch 1 - Batch 3117 - Loss 0.056340
2026-06-18 18:36:07 | Epoch 1 - Batch 3118 - Loss 0.068320
2026-06-18 18:36:08 | Epoch 1 - Batch 3119 - Loss 0.064569
2026-06-18 18:36:08 | Epoch 1 - Batch 3120 - Loss 0.059424
2026-06-18 18:36:09 | Epoch 1 - Batch 3121 - Loss 0.058917
2026-06-18 18:36:09 | Epoch 1 - Batch 3122 - Loss 0.060698
2026-06-18 18:36:10 | Epoch 1 - Batch 3123 - Loss 0.063940
2026-06-18 18:36:10 | Epoch 1 - Batch 3124 - Loss 0.061206
2026-06-18 18:36:11 | Epoch 1 - Batch 3125 - Loss 0.053432
2026-06-18 18:36:11 | Epoch 1 - Batch 3126 - Loss 0.057997
2026-06-18 18:36:12 | Epoch 1 - Batch 3127 - Loss 0.063369
2026-06-18 18:36:12 | Epoch 1 - Batch 3128 - Loss 0.065223
2026-06-18 18:36:13 | Epoch 1 - Batch 3129 - Loss 0.056241
2026-06-18 18:36:13 | Epoch 1 - Batch 3130 - Loss 0.059355
2026-06-18 18:36:14 | Epoch 1 - Batch 3131 - Loss 0.058531
2026-06-18 18:36:14 | Epoch 1 - Batch 3132 - Loss 0.059148
2026-06-18 18:36:15 | Epoch 1 - Batch 3133 - Loss 0.060579
2026-06-18 18:36:15 | Epoch 1 - Batch 3134 - Loss 0.062579
2026-06-18 18:36:16 | Epoch 1 - Batch 3135 - Loss 0.063599
2026-06-18 18:36:16 | Epoch 1 - Batch 3136 - Loss 0.061279
2026-06-18 18:36:17 | Epoch 1 - Batch 3137 - Loss 0.060399
2026-06-18 18:36:17 | Epoch 1 - Batch 3138 - Loss 0.064225
2026-06-18 18:36:18 | Epoch 1 - Batch 3139 - Loss 0.057567
2026-06-18 18:36:18 | Epoch 1 - Batch 3140 - Loss 0.059400
2026-06-18 18:36:19 | Epoch 1 - Batch 3141 - Loss 0.059290
2026-06-18 18:36:19 | Epoch 1 - Batch 3142 - Loss 0.063951
2026-06-18 18:36:20 | Epoch 1 - Batch 3143 - Loss 0.052542
2026-06-18 18:36:20 | Epoch 1 - Batch 3144 - Loss 0.059801
2026-06-18 18:36:21 | Epoch 1 - Batch 3145 - Loss 0.058682
2026-06-18 18:36:21 | Epoch 1 - Batch 3146 - Loss 0.058812
2026-06-18 18:36:22 | Epoch 1 - Batch 3147 - Loss 0.062547
2026-06-18 18:36:22 | Epoch 1 - Batch 3148 - Loss 0.064552
2026-06-18 18:36:23 | Epoch 1 - Batch 3149 - Loss 0.057333
2026-06-18 18:36:23 | Epoch 1 - Batch 3150 - Loss 0.062543
2026-06-18 18:36:23 | Epoch 1 - Batch 3151 - Loss 0.062367
2026-06-18 18:36:24 | Epoch 1 - Batch 3152 - Loss 0.062949
2026-06-18 18:36:24 | Epoch 1 - Batch 3153 - Loss 0.059537
2026-06-18 18:36:25 | Epoch 1 - Batch 3154 - Loss 0.064597
2026-06-18 18:36:25 | Epoch 1 - Batch 3155 - Loss 0.060245
2026-06-18 18:36:26 | Epoch 1 - Batch 3156 - Loss 0.060628
2026-06-18 18:36:26 | Epoch 1 - Batch 3157 - Loss 0.062770
2026-06-18 18:36:27 | Epoch 1 - Batch 3158 - Loss 0.061798
2026-06-18 18:36:27 | Epoch 1 - Batch 3159 - Loss 0.059868
2026-06-18 18:36:28 | Epoch 1 - Batch 3160 - Loss 0.064198
2026-06-18 18:36:28 | Epoch 1 - Batch 3161 - Loss 0.062765
2026-06-18 18:36:29 | Epoch 1 - Batch 3162 - Loss 0.065266
2026-06-18 18:36:29 | Epoch 1 - Batch 3163 - Loss 0.058352
2026-06-18 18:36:30 | Epoch 1 - Batch 3164 - Loss 0.061753
2026-06-18 18:36:30 | Epoch 1 - Batch 3165 - Loss 0.054075
2026-06-18 18:36:31 | Epoch 1 - Batch 3166 - Loss 0.060429
2026-06-18 18:36:31 | Epoch 1 - Batch 3167 - Loss 0.062804
2026-06-18 18:36:32 | Epoch 1 - Batch 3168 - Loss 0.058277
2026-06-18 18:36:32 | Epoch 1 - Batch 3169 - Loss 0.065211
2026-06-18 18:36:33 | Epoch 1 - Batch 3170 - Loss 0.055773
2026-06-18 18:36:33 | Epoch 1 - Batch 3171 - Loss 0.054406
2026-06-18 18:36:34 | Epoch 1 - Batch 3172 - Loss 0.057337
2026-06-18 18:36:34 | Epoch 1 - Batch 3173 - Loss 0.056214
2026-06-18 18:36:35 | Epoch 1 - Batch 3174 - Loss 0.059795
2026-06-18 18:36:35 | Epoch 1 - Batch 3175 - Loss 0.061006
2026-06-18 18:36:36 | Epoch 1 - Batch 3176 - Loss 0.055430
2026-06-18 18:36:36 | Epoch 1 - Batch 3177 - Loss 0.061696
2026-06-18 18:36:37 | Epoch 1 - Batch 3178 - Loss 0.056656
2026-06-18 18:36:37 | Epoch 1 - Batch 3179 - Loss 0.059713
2026-06-18 18:36:38 | Epoch 1 - Batch 3180 - Loss 0.060149
2026-06-18 18:36:38 | Epoch 1 - Batch 3181 - Loss 0.066264
2026-06-18 18:36:39 | Epoch 1 - Batch 3182 - Loss 0.062144
2026-06-18 18:36:39 | Epoch 1 - Batch 3183 - Loss 0.060156
2026-06-18 18:36:40 | Epoch 1 - Batch 3184 - Loss 0.062815
2026-06-18 18:36:40 | Epoch 1 - Batch 3185 - Loss 0.069031
2026-06-18 18:36:41 | Epoch 1 - Batch 3186 - Loss 0.060600
2026-06-18 18:36:41 | Epoch 1 - Batch 3187 - Loss 0.063618
2026-06-18 18:36:42 | Epoch 1 - Batch 3188 - Loss 0.063934
2026-06-18 18:36:42 | Epoch 1 - Batch 3189 - Loss 0.060974
2026-06-18 18:36:43 | Epoch 1 - Batch 3190 - Loss 0.064808
2026-06-18 18:36:43 | Epoch 1 - Batch 3191 - Loss 0.061456
2026-06-18 18:36:44 | Epoch 1 - Batch 3192 - Loss 0.055717
2026-06-18 18:36:44 | Epoch 1 - Batch 3193 - Loss 0.060964
2026-06-18 18:36:45 | Epoch 1 - Batch 3194 - Loss 0.059423
2026-06-18 18:36:45 | Epoch 1 - Batch 3195 - Loss 0.062313
2026-06-18 18:36:46 | Epoch 1 - Batch 3196 - Loss 0.056175
2026-06-18 18:36:46 | Epoch 1 - Batch 3197 - Loss 0.064304
2026-06-18 18:36:47 | Epoch 1 - Batch 3198 - Loss 0.060503
2026-06-18 18:36:47 | Epoch 1 - Batch 3199 - Loss 0.059968
2026-06-18 18:36:48 | Epoch 1 - Batch 3200 - Loss 0.060331
2026-06-18 18:36:48 | Epoch 1 - Batch 3201 - Loss 0.053008
2026-06-18 18:36:49 | Epoch 1 - Batch 3202 - Loss 0.060290
2026-06-18 18:36:49 | Epoch 1 - Batch 3203 - Loss 0.056427
2026-06-18 18:36:50 | Epoch 1 - Batch 3204 - Loss 0.063803
2026-06-18 18:36:50 | Epoch 1 - Batch 3205 - Loss 0.064125
2026-06-18 18:36:51 | Epoch 1 - Batch 3206 - Loss 0.059033
2026-06-18 18:36:51 | Epoch 1 - Batch 3207 - Loss 0.055924
2026-06-18 18:36:52 | Epoch 1 - Batch 3208 - Loss 0.058474
2026-06-18 18:36:52 | Epoch 1 - Batch 3209 - Loss 0.055086
2026-06-18 18:36:53 | Epoch 1 - Batch 3210 - Loss 0.065210
2026-06-18 18:36:53 | Epoch 1 - Batch 3211 - Loss 0.061065
2026-06-18 18:36:54 | Epoch 1 - Batch 3212 - Loss 0.065546
2026-06-18 18:36:54 | Epoch 1 - Batch 3213 - Loss 0.062876
2026-06-18 18:36:55 | Epoch 1 - Batch 3214 - Loss 0.058667
2026-06-18 18:36:55 | Epoch 1 - Batch 3215 - Loss 0.059852
2026-06-18 18:36:56 | Epoch 1 - Batch 3216 - Loss 0.064087
2026-06-18 18:36:56 | Epoch 1 - Batch 3217 - Loss 0.057144
2026-06-18 18:36:57 | Epoch 1 - Batch 3218 - Loss 0.059993
2026-06-18 18:36:57 | Epoch 1 - Batch 3219 - Loss 0.054193
2026-06-18 18:36:58 | Epoch 1 - Batch 3220 - Loss 0.058513
2026-06-18 18:36:58 | Epoch 1 - Batch 3221 - Loss 0.054229
2026-06-18 18:36:59 | Epoch 1 - Batch 3222 - Loss 0.062473
2026-06-18 18:36:59 | Epoch 1 - Batch 3223 - Loss 0.065042
2026-06-18 18:37:00 | Epoch 1 - Batch 3224 - Loss 0.058380
2026-06-18 18:37:00 | Epoch 1 - Batch 3225 - Loss 0.057176
2026-06-18 18:37:01 | Epoch 1 - Batch 3226 - Loss 0.059007
2026-06-18 18:37:01 | Epoch 1 - Batch 3227 - Loss 0.060826
2026-06-18 18:37:02 | Epoch 1 - Batch 3228 - Loss 0.060936
2026-06-18 18:37:02 | Epoch 1 - Batch 3229 - Loss 0.062574
2026-06-18 18:37:03 | Epoch 1 - Batch 3230 - Loss 0.059184
2026-06-18 18:37:03 | Epoch 1 - Batch 3231 - Loss 0.065461
2026-06-18 18:37:04 | Epoch 1 - Batch 3232 - Loss 0.066303
2026-06-18 18:37:04 | Epoch 1 - Batch 3233 - Loss 0.059979
2026-06-18 18:37:05 | Epoch 1 - Batch 3234 - Loss 0.063969
2026-06-18 18:37:05 | Epoch 1 - Batch 3235 - Loss 0.064468
2026-06-18 18:37:06 | Epoch 1 - Batch 3236 - Loss 0.056990
2026-06-18 18:37:06 | Epoch 1 - Batch 3237 - Loss 0.051400
2026-06-18 18:37:07 | Epoch 1 - Batch 3238 - Loss 0.064423
2026-06-18 18:37:07 | Epoch 1 - Batch 3239 - Loss 0.055689
2026-06-18 18:37:08 | Epoch 1 - Batch 3240 - Loss 0.063077
2026-06-18 18:37:08 | Epoch 1 - Batch 3241 - Loss 0.070160
2026-06-18 18:37:09 | Epoch 1 - Batch 3242 - Loss 0.056639
2026-06-18 18:37:09 | Epoch 1 - Batch 3243 - Loss 0.059161
2026-06-18 18:37:10 | Epoch 1 - Batch 3244 - Loss 0.063826
2026-06-18 18:37:10 | Epoch 1 - Batch 3245 - Loss 0.055647
2026-06-18 18:37:11 | Epoch 1 - Batch 3246 - Loss 0.071507
2026-06-18 18:37:11 | Epoch 1 - Batch 3247 - Loss 0.067644
2026-06-18 18:37:12 | Epoch 1 - Batch 3248 - Loss 0.060294
2026-06-18 18:37:12 | Epoch 1 - Batch 3249 - Loss 0.059229
2026-06-18 18:37:13 | Epoch 1 - Batch 3250 - Loss 0.058585
2026-06-18 18:37:13 | Epoch 1 - Batch 3251 - Loss 0.060573
2026-06-18 18:37:14 | Epoch 1 - Batch 3252 - Loss 0.070326
2026-06-18 18:37:14 | Epoch 1 - Batch 3253 - Loss 0.065633
2026-06-18 18:37:15 | Epoch 1 - Batch 3254 - Loss 0.064944
2026-06-18 18:37:15 | Epoch 1 - Batch 3255 - Loss 0.063901
2026-06-18 18:37:16 | Epoch 1 - Batch 3256 - Loss 0.060642
2026-06-18 18:37:16 | Epoch 1 - Batch 3257 - Loss 0.062565
2026-06-18 18:37:17 | Epoch 1 - Batch 3258 - Loss 0.061114
2026-06-18 18:37:17 | Epoch 1 - Batch 3259 - Loss 0.060076
2026-06-18 18:37:18 | Epoch 1 - Batch 3260 - Loss 0.055522
2026-06-18 18:37:18 | Epoch 1 - Batch 3261 - Loss 0.060199
2026-06-18 18:37:19 | Epoch 1 - Batch 3262 - Loss 0.061063
2026-06-18 18:37:19 | Epoch 1 - Batch 3263 - Loss 0.065396
2026-06-18 18:37:20 | Epoch 1 - Batch 3264 - Loss 0.055743
2026-06-18 18:37:20 | Epoch 1 - Batch 3265 - Loss 0.064920
2026-06-18 18:37:21 | Epoch 1 - Batch 3266 - Loss 0.060446
2026-06-18 18:37:21 | Epoch 1 - Batch 3267 - Loss 0.054530
2026-06-18 18:37:21 | Epoch 1 - Batch 3268 - Loss 0.057784
2026-06-18 18:37:22 | Epoch 1 - Batch 3269 - Loss 0.063983
2026-06-18 18:37:22 | Epoch 1 - Batch 3270 - Loss 0.061739
2026-06-18 18:37:23 | Epoch 1 - Batch 3271 - Loss 0.068845
2026-06-18 18:37:23 | Epoch 1 - Batch 3272 - Loss 0.058364
2026-06-18 18:37:24 | Epoch 1 - Batch 3273 - Loss 0.056864
2026-06-18 18:37:24 | Epoch 1 - Batch 3274 - Loss 0.057971
2026-06-18 18:37:25 | Epoch 1 - Batch 3275 - Loss 0.056641
2026-06-18 18:37:25 | Epoch 1 - Batch 3276 - Loss 0.059063
2026-06-18 18:37:26 | Epoch 1 - Batch 3277 - Loss 0.060251
2026-06-18 18:37:26 | Epoch 1 - Batch 3278 - Loss 0.060476
2026-06-18 18:37:27 | Epoch 1 - Batch 3279 - Loss 0.064056
2026-06-18 18:37:27 | Epoch 1 - Batch 3280 - Loss 0.059259
2026-06-18 18:37:28 | Epoch 1 - Batch 3281 - Loss 0.060356
2026-06-18 18:37:28 | Epoch 1 - Batch 3282 - Loss 0.066471
2026-06-18 18:37:29 | Epoch 1 - Batch 3283 - Loss 0.057766
2026-06-18 18:37:29 | Epoch 1 - Batch 3284 - Loss 0.063533
2026-06-18 18:37:30 | Epoch 1 - Batch 3285 - Loss 0.061313
2026-06-18 18:37:30 | Epoch 1 - Batch 3286 - Loss 0.066564
2026-06-18 18:37:31 | Epoch 1 - Batch 3287 - Loss 0.054892
2026-06-18 18:37:31 | Epoch 1 - Batch 3288 - Loss 0.060366
2026-06-18 18:37:32 | Epoch 1 - Batch 3289 - Loss 0.056829
2026-06-18 18:37:32 | Epoch 1 - Batch 3290 - Loss 0.057484
2026-06-18 18:37:33 | Epoch 1 - Batch 3291 - Loss 0.055655
2026-06-18 18:37:33 | Epoch 1 - Batch 3292 - Loss 0.061058
2026-06-18 18:37:34 | Epoch 1 - Batch 3293 - Loss 0.069145
2026-06-18 18:37:34 | Epoch 1 - Batch 3294 - Loss 0.068279
2026-06-18 18:37:35 | Epoch 1 - Batch 3295 - Loss 0.058066
2026-06-18 18:37:35 | Epoch 1 - Batch 3296 - Loss 0.059717
2026-06-18 18:37:36 | Epoch 1 - Batch 3297 - Loss 0.057558
2026-06-18 18:37:36 | Epoch 1 - Batch 3298 - Loss 0.058478
2026-06-18 18:37:37 | Epoch 1 - Batch 3299 - Loss 0.057670
2026-06-18 18:37:37 | Epoch 1 - Batch 3300 - Loss 0.059595
2026-06-18 18:37:38 | Epoch 1 - Batch 3301 - Loss 0.060621
2026-06-18 18:37:38 | Epoch 1 - Batch 3302 - Loss 0.053691
2026-06-18 18:37:39 | Epoch 1 - Batch 3303 - Loss 0.057077
2026-06-18 18:37:39 | Epoch 1 - Batch 3304 - Loss 0.060980
2026-06-18 18:37:40 | Epoch 1 - Batch 3305 - Loss 0.055632
2026-06-18 18:37:40 | Epoch 1 - Batch 3306 - Loss 0.057052
2026-06-18 18:37:41 | Epoch 1 - Batch 3307 - Loss 0.058972
2026-06-18 18:37:41 | Epoch 1 - Batch 3308 - Loss 0.062257
2026-06-18 18:37:42 | Epoch 1 - Batch 3309 - Loss 0.058868
2026-06-18 18:37:42 | Epoch 1 - Batch 3310 - Loss 0.054608
2026-06-18 18:37:43 | Epoch 1 - Batch 3311 - Loss 0.061156
2026-06-18 18:37:43 | Epoch 1 - Batch 3312 - Loss 0.059630
2026-06-18 18:37:44 | Epoch 1 - Batch 3313 - Loss 0.054016
2026-06-18 18:37:44 | Epoch 1 - Batch 3314 - Loss 0.053750
2026-06-18 18:37:45 | Epoch 1 - Batch 3315 - Loss 0.064810
2026-06-18 18:37:45 | Epoch 1 - Batch 3316 - Loss 0.063238
2026-06-18 18:37:46 | Epoch 1 - Batch 3317 - Loss 0.064199
2026-06-18 18:37:46 | Epoch 1 - Batch 3318 - Loss 0.060924
2026-06-18 18:37:47 | Epoch 1 - Batch 3319 - Loss 0.059937
2026-06-18 18:37:47 | Epoch 1 - Batch 3320 - Loss 0.062912
2026-06-18 18:37:48 | Epoch 1 - Batch 3321 - Loss 0.058229
2026-06-18 18:37:48 | Epoch 1 - Batch 3322 - Loss 0.055328
2026-06-18 18:37:49 | Epoch 1 - Batch 3323 - Loss 0.058606
2026-06-18 18:37:49 | Epoch 1 - Batch 3324 - Loss 0.059669
2026-06-18 18:37:50 | Epoch 1 - Batch 3325 - Loss 0.060334
2026-06-18 18:37:50 | Epoch 1 - Batch 3326 - Loss 0.056890
2026-06-18 18:37:51 | Epoch 1 - Batch 3327 - Loss 0.057607
2026-06-18 18:37:51 | Epoch 1 - Batch 3328 - Loss 0.061534
2026-06-18 18:37:52 | Epoch 1 - Batch 3329 - Loss 0.061393
2026-06-18 18:37:52 | Epoch 1 - Batch 3330 - Loss 0.055228
2026-06-18 18:37:53 | Epoch 1 - Batch 3331 - Loss 0.059154
2026-06-18 18:37:53 | Epoch 1 - Batch 3332 - Loss 0.055735
2026-06-18 18:37:54 | Epoch 1 - Batch 3333 - Loss 0.057958
2026-06-18 18:37:54 | Epoch 1 - Batch 3334 - Loss 0.057604
2026-06-18 18:37:55 | Epoch 1 - Batch 3335 - Loss 0.059824
2026-06-18 18:37:55 | Epoch 1 - Batch 3336 - Loss 0.064216
2026-06-18 18:37:56 | Epoch 1 - Batch 3337 - Loss 0.060129
2026-06-18 18:37:56 | Epoch 1 - Batch 3338 - Loss 0.056198
2026-06-18 18:37:57 | Epoch 1 - Batch 3339 - Loss 0.055617
2026-06-18 18:37:57 | Epoch 1 - Batch 3340 - Loss 0.057800
2026-06-18 18:37:58 | Epoch 1 - Batch 3341 - Loss 0.054491
2026-06-18 18:37:58 | Epoch 1 - Batch 3342 - Loss 0.061988
2026-06-18 18:37:59 | Epoch 1 - Batch 3343 - Loss 0.062887
2026-06-18 18:37:59 | Epoch 1 - Batch 3344 - Loss 0.068148
2026-06-18 18:38:00 | Epoch 1 - Batch 3345 - Loss 0.062073
2026-06-18 18:38:00 | Epoch 1 - Batch 3346 - Loss 0.060943
2026-06-18 18:38:01 | Epoch 1 - Batch 3347 - Loss 0.063879
2026-06-18 18:38:01 | Epoch 1 - Batch 3348 - Loss 0.069194
2026-06-18 18:38:02 | Epoch 1 - Batch 3349 - Loss 0.058434
2026-06-18 18:38:02 | Epoch 1 - Batch 3350 - Loss 0.053906
2026-06-18 18:38:03 | Epoch 1 - Batch 3351 - Loss 0.056590
2026-06-18 18:38:03 | Epoch 1 - Batch 3352 - Loss 0.060188
2026-06-18 18:38:04 | Epoch 1 - Batch 3353 - Loss 0.058305
2026-06-18 18:38:04 | Epoch 1 - Batch 3354 - Loss 0.063988
2026-06-18 18:38:05 | Epoch 1 - Batch 3355 - Loss 0.059175
2026-06-18 18:38:05 | Epoch 1 - Batch 3356 - Loss 0.065400
2026-06-18 18:38:06 | Epoch 1 - Batch 3357 - Loss 0.055139
2026-06-18 18:38:06 | Epoch 1 - Batch 3358 - Loss 0.059997
2026-06-18 18:38:07 | Epoch 1 - Batch 3359 - Loss 0.060695
2026-06-18 18:38:07 | Epoch 1 - Batch 3360 - Loss 0.057666
2026-06-18 18:38:08 | Epoch 1 - Batch 3361 - Loss 0.059217
2026-06-18 18:38:08 | Epoch 1 - Batch 3362 - Loss 0.061937
2026-06-18 18:38:09 | Epoch 1 - Batch 3363 - Loss 0.061329
2026-06-18 18:38:09 | Epoch 1 - Batch 3364 - Loss 0.058248
2026-06-18 18:38:10 | Epoch 1 - Batch 3365 - Loss 0.059612
2026-06-18 18:38:10 | Epoch 1 - Batch 3366 - Loss 0.060395
2026-06-18 18:38:11 | Epoch 1 - Batch 3367 - Loss 0.057979
2026-06-18 18:38:11 | Epoch 1 - Batch 3368 - Loss 0.058939
2026-06-18 18:38:12 | Epoch 1 - Batch 3369 - Loss 0.058138
2026-06-18 18:38:12 | Epoch 1 - Batch 3370 - Loss 0.060456
2026-06-18 18:38:13 | Epoch 1 - Batch 3371 - Loss 0.055029
2026-06-18 18:38:13 | Epoch 1 - Batch 3372 - Loss 0.061794
2026-06-18 18:38:14 | Epoch 1 - Batch 3373 - Loss 0.058774
2026-06-18 18:38:14 | Epoch 1 - Batch 3374 - Loss 0.055646
2026-06-18 18:38:14 | Epoch 1 - Batch 3375 - Loss 0.060811
2026-06-18 18:38:15 | Epoch 1 - Batch 3376 - Loss 0.059508
2026-06-18 18:38:15 | Epoch 1 - Batch 3377 - Loss 0.060005
2026-06-18 18:38:16 | Epoch 1 - Batch 3378 - Loss 0.059968
2026-06-18 18:38:16 | Epoch 1 - Batch 3379 - Loss 0.059045
2026-06-18 18:38:17 | Epoch 1 - Batch 3380 - Loss 0.056732
2026-06-18 18:38:17 | Epoch 1 - Batch 3381 - Loss 0.057094
2026-06-18 18:38:18 | Epoch 1 - Batch 3382 - Loss 0.056422
2026-06-18 18:38:18 | Epoch 1 - Batch 3383 - Loss 0.062761
2026-06-18 18:38:19 | Epoch 1 - Batch 3384 - Loss 0.058580
2026-06-18 18:38:19 | Epoch 1 - Batch 3385 - Loss 0.055565
2026-06-18 18:38:20 | Epoch 1 - Batch 3386 - Loss 0.054645
2026-06-18 18:38:20 | Epoch 1 - Batch 3387 - Loss 0.056218
2026-06-18 18:38:21 | Epoch 1 - Batch 3388 - Loss 0.057049
2026-06-18 18:38:21 | Epoch 1 - Batch 3389 - Loss 0.060402
2026-06-18 18:38:22 | Epoch 1 - Batch 3390 - Loss 0.057309
2026-06-18 18:38:22 | Epoch 1 - Batch 3391 - Loss 0.061022
2026-06-18 18:38:23 | Epoch 1 - Batch 3392 - Loss 0.058387
2026-06-18 18:38:23 | Epoch 1 - Batch 3393 - Loss 0.059864
2026-06-18 18:38:24 | Epoch 1 - Batch 3394 - Loss 0.061405
2026-06-18 18:38:24 | Epoch 1 - Batch 3395 - Loss 0.062020
2026-06-18 18:38:25 | Epoch 1 - Batch 3396 - Loss 0.055388
2026-06-18 18:38:25 | Epoch 1 - Batch 3397 - Loss 0.059935
2026-06-18 18:38:26 | Epoch 1 - Batch 3398 - Loss 0.061440
2026-06-18 18:38:26 | Epoch 1 - Batch 3399 - Loss 0.063470
2026-06-18 18:38:27 | Epoch 1 - Batch 3400 - Loss 0.059771
2026-06-18 18:38:27 | Epoch 1 - Batch 3401 - Loss 0.061654
2026-06-18 18:38:28 | Epoch 1 - Batch 3402 - Loss 0.057287
2026-06-18 18:38:28 | Epoch 1 - Batch 3403 - Loss 0.058781
2026-06-18 18:38:29 | Epoch 1 - Batch 3404 - Loss 0.051971
2026-06-18 18:38:29 | Epoch 1 - Batch 3405 - Loss 0.064583
2026-06-18 18:38:30 | Epoch 1 - Batch 3406 - Loss 0.062700
2026-06-18 18:38:30 | Epoch 1 - Batch 3407 - Loss 0.054192
2026-06-18 18:38:31 | Epoch 1 - Batch 3408 - Loss 0.069067
2026-06-18 18:38:31 | Epoch 1 - Batch 3409 - Loss 0.056537
2026-06-18 18:38:32 | Epoch 1 - Batch 3410 - Loss 0.060032
2026-06-18 18:38:32 | Epoch 1 - Batch 3411 - Loss 0.062497
2026-06-18 18:38:33 | Epoch 1 - Batch 3412 - Loss 0.059844
2026-06-18 18:38:33 | Epoch 1 - Batch 3413 - Loss 0.055597
2026-06-18 18:38:34 | Epoch 1 - Batch 3414 - Loss 0.058836
2026-06-18 18:38:34 | Epoch 1 - Batch 3415 - Loss 0.058517
2026-06-18 18:38:35 | Epoch 1 - Batch 3416 - Loss 0.053334
2026-06-18 18:38:35 | Epoch 1 - Batch 3417 - Loss 0.056492
2026-06-18 18:38:36 | Epoch 1 - Batch 3418 - Loss 0.064125
2026-06-18 18:38:36 | Epoch 1 - Batch 3419 - Loss 0.054438
2026-06-18 18:38:37 | Epoch 1 - Batch 3420 - Loss 0.057356
2026-06-18 18:38:37 | Epoch 1 - Batch 3421 - Loss 0.066847
2026-06-18 18:38:38 | Epoch 1 - Batch 3422 - Loss 0.055403
2026-06-18 18:38:38 | Epoch 1 - Batch 3423 - Loss 0.059346
2026-06-18 18:38:39 | Epoch 1 - Batch 3424 - Loss 0.061410
2026-06-18 18:38:39 | Epoch 1 - Batch 3425 - Loss 0.058520
2026-06-18 18:38:40 | Epoch 1 - Batch 3426 - Loss 0.061925
2026-06-18 18:38:40 | Epoch 1 - Batch 3427 - Loss 0.057990
2026-06-18 18:38:41 | Epoch 1 - Batch 3428 - Loss 0.061173
2026-06-18 18:38:41 | Epoch 1 - Batch 3429 - Loss 0.058786
2026-06-18 18:38:42 | Epoch 1 - Batch 3430 - Loss 0.057785
2026-06-18 18:38:42 | Epoch 1 - Batch 3431 - Loss 0.059211
2026-06-18 18:38:43 | Epoch 1 - Batch 3432 - Loss 0.057748
2026-06-18 18:38:43 | Epoch 1 - Batch 3433 - Loss 0.064926
2026-06-18 18:38:44 | Epoch 1 - Batch 3434 - Loss 0.058311
2026-06-18 18:38:44 | Epoch 1 - Batch 3435 - Loss 0.060188
2026-06-18 18:38:45 | Epoch 1 - Batch 3436 - Loss 0.065742
2026-06-18 18:38:45 | Epoch 1 - Batch 3437 - Loss 0.057400
2026-06-18 18:38:46 | Epoch 1 - Batch 3438 - Loss 0.050999
2026-06-18 18:38:46 | Epoch 1 - Batch 3439 - Loss 0.064409
2026-06-18 18:38:47 | Epoch 1 - Batch 3440 - Loss 0.059638
2026-06-18 18:38:47 | Epoch 1 - Batch 3441 - Loss 0.056152
2026-06-18 18:38:48 | Epoch 1 - Batch 3442 - Loss 0.059976
2026-06-18 18:38:48 | Epoch 1 - Batch 3443 - Loss 0.061418
2026-06-18 18:38:49 | Epoch 1 - Batch 3444 - Loss 0.057250
2026-06-18 18:38:49 | Epoch 1 - Batch 3445 - Loss 0.064817
2026-06-18 18:38:50 | Epoch 1 - Batch 3446 - Loss 0.060072
2026-06-18 18:38:50 | Epoch 1 - Batch 3447 - Loss 0.061767
2026-06-18 18:38:51 | Epoch 1 - Batch 3448 - Loss 0.061573
2026-06-18 18:38:51 | Epoch 1 - Batch 3449 - Loss 0.059115
2026-06-18 18:38:52 | Epoch 1 - Batch 3450 - Loss 0.057282
2026-06-18 18:38:52 | Epoch 1 - Batch 3451 - Loss 0.063374
2026-06-18 18:38:53 | Epoch 1 - Batch 3452 - Loss 0.063889
2026-06-18 18:38:53 | Epoch 1 - Batch 3453 - Loss 0.058970
2026-06-18 18:38:54 | Epoch 1 - Batch 3454 - Loss 0.063687
2026-06-18 18:38:54 | Epoch 1 - Batch 3455 - Loss 0.057872
2026-06-18 18:38:55 | Epoch 1 - Batch 3456 - Loss 0.059096
2026-06-18 18:38:55 | Epoch 1 - Batch 3457 - Loss 0.061115
2026-06-18 18:38:56 | Epoch 1 - Batch 3458 - Loss 0.056308
2026-06-18 18:38:56 | Epoch 1 - Batch 3459 - Loss 0.056009
2026-06-18 18:38:57 | Epoch 1 - Batch 3460 - Loss 0.064650
2026-06-18 18:38:57 | Epoch 1 - Batch 3461 - Loss 0.055386
2026-06-18 18:38:58 | Epoch 1 - Batch 3462 - Loss 0.057644
2026-06-18 18:38:58 | Epoch 1 - Batch 3463 - Loss 0.056459
2026-06-18 18:38:59 | Epoch 1 - Batch 3464 - Loss 0.053556
2026-06-18 18:38:59 | Epoch 1 - Batch 3465 - Loss 0.060885
2026-06-18 18:39:00 | Epoch 1 - Batch 3466 - Loss 0.055429
2026-06-18 18:39:00 | Epoch 1 - Batch 3467 - Loss 0.060784
2026-06-18 18:39:01 | Epoch 1 - Batch 3468 - Loss 0.056391
2026-06-18 18:39:01 | Epoch 1 - Batch 3469 - Loss 0.059933
2026-06-18 18:39:02 | Epoch 1 - Batch 3470 - Loss 0.061277
2026-06-18 18:39:02 | Epoch 1 - Batch 3471 - Loss 0.062028
2026-06-18 18:39:03 | Epoch 1 - Batch 3472 - Loss 0.062285
2026-06-18 18:39:03 | Epoch 1 - Batch 3473 - Loss 0.059797
2026-06-18 18:39:04 | Epoch 1 - Batch 3474 - Loss 0.055794
2026-06-18 18:39:04 | Epoch 1 - Batch 3475 - Loss 0.060756
2026-06-18 18:39:05 | Epoch 1 - Batch 3476 - Loss 0.057313
2026-06-18 18:39:05 | Epoch 1 - Batch 3477 - Loss 0.066640
2026-06-18 18:39:06 | Epoch 1 - Batch 3478 - Loss 0.059891
2026-06-18 18:39:06 | Epoch 1 - Batch 3479 - Loss 0.058165
2026-06-18 18:39:07 | Epoch 1 - Batch 3480 - Loss 0.058047
2026-06-18 18:39:07 | Epoch 1 - Batch 3481 - Loss 0.057245
2026-06-18 18:39:08 | Epoch 1 - Batch 3482 - Loss 0.061078
2026-06-18 18:39:08 | Epoch 1 - Batch 3483 - Loss 0.057460
2026-06-18 18:39:09 | Epoch 1 - Batch 3484 - Loss 0.054358
2026-06-18 18:39:09 | Epoch 1 - Batch 3485 - Loss 0.071512
2026-06-18 18:39:10 | Epoch 1 - Batch 3486 - Loss 0.061447
2026-06-18 18:39:10 | Epoch 1 - Batch 3487 - Loss 0.057707
2026-06-18 18:39:11 | Epoch 1 - Batch 3488 - Loss 0.058126
2026-06-18 18:39:11 | Epoch 1 - Batch 3489 - Loss 0.062779
2026-06-18 18:39:12 | Epoch 1 - Batch 3490 - Loss 0.061281
2026-06-18 18:39:12 | Epoch 1 - Batch 3491 - Loss 0.059751
2026-06-18 18:39:13 | Epoch 1 - Batch 3492 - Loss 0.066314
2026-06-18 18:39:13 | Epoch 1 - Batch 3493 - Loss 0.065291
2026-06-18 18:39:14 | Epoch 1 - Batch 3494 - Loss 0.058717
2026-06-18 18:39:14 | Epoch 1 - Batch 3495 - Loss 0.060944
2026-06-18 18:39:15 | Epoch 1 - Batch 3496 - Loss 0.057956
2026-06-18 18:39:15 | Epoch 1 - Batch 3497 - Loss 0.058517
2026-06-18 18:39:15 | Epoch 1 - Batch 3498 - Loss 0.061991
2026-06-18 18:39:16 | Epoch 1 - Batch 3499 - Loss 0.059408
2026-06-18 18:39:17 | Epoch 1 - Batch 3500 - Loss 0.055473
2026-06-18 18:39:17 | Epoch 1 - Batch 3501 - Loss 0.055606
2026-06-18 18:39:18 | Epoch 1 - Batch 3502 - Loss 0.068170
2026-06-18 18:39:18 | Epoch 1 - Batch 3503 - Loss 0.064989
2026-06-18 18:39:19 | Epoch 1 - Batch 3504 - Loss 0.051904
2026-06-18 18:39:19 | Epoch 1 - Batch 3505 - Loss 0.055340
2026-06-18 18:39:20 | Epoch 1 - Batch 3506 - Loss 0.055675
2026-06-18 18:39:20 | Epoch 1 - Batch 3507 - Loss 0.056021
2026-06-18 18:39:21 | Epoch 1 - Batch 3508 - Loss 0.062260
2026-06-18 18:39:21 | Epoch 1 - Batch 3509 - Loss 0.060213
2026-06-18 18:39:22 | Epoch 1 - Batch 3510 - Loss 0.053441
2026-06-18 18:39:22 | Epoch 1 - Batch 3511 - Loss 0.061628
2026-06-18 18:39:23 | Epoch 1 - Batch 3512 - Loss 0.061201
2026-06-18 18:39:23 | Epoch 1 - Batch 3513 - Loss 0.059511
2026-06-18 18:39:24 | Epoch 1 - Batch 3514 - Loss 0.055294
2026-06-18 18:39:24 | Epoch 1 - Batch 3515 - Loss 0.058952
2026-06-18 18:39:25 | Epoch 1 - Batch 3516 - Loss 0.060425
2026-06-18 18:39:25 | Epoch 1 - Batch 3517 - Loss 0.059017
2026-06-18 18:39:26 | Epoch 1 - Batch 3518 - Loss 0.057082
2026-06-18 18:39:26 | Epoch 1 - Batch 3519 - Loss 0.059560
2026-06-18 18:39:27 | Epoch 1 - Batch 3520 - Loss 0.059636
2026-06-18 18:39:27 | Epoch 1 - Batch 3521 - Loss 0.060276
2026-06-18 18:39:28 | Epoch 1 - Batch 3522 - Loss 0.056845
2026-06-18 18:39:28 | Epoch 1 - Batch 3523 - Loss 0.055350
2026-06-18 18:39:29 | Epoch 1 - Batch 3524 - Loss 0.060263
2026-06-18 18:39:29 | Epoch 1 - Batch 3525 - Loss 0.058660
2026-06-18 18:39:30 | Epoch 1 - Batch 3526 - Loss 0.062725
2026-06-18 18:39:30 | Epoch 1 - Batch 3527 - Loss 0.054138
2026-06-18 18:39:31 | Epoch 1 - Batch 3528 - Loss 0.054736
2026-06-18 18:39:31 | Epoch 1 - Batch 3529 - Loss 0.060023
2026-06-18 18:39:32 | Epoch 1 - Batch 3530 - Loss 0.067335
2026-06-18 18:39:32 | Epoch 1 - Batch 3531 - Loss 0.061610
2026-06-18 18:39:33 | Epoch 1 - Batch 3532 - Loss 0.061627
2026-06-18 18:39:33 | Epoch 1 - Batch 3533 - Loss 0.058813
2026-06-18 18:39:34 | Epoch 1 - Batch 3534 - Loss 0.059045
2026-06-18 18:39:34 | Epoch 1 - Batch 3535 - Loss 0.062740
2026-06-18 18:39:35 | Epoch 1 - Batch 3536 - Loss 0.060498
2026-06-18 18:39:35 | Epoch 1 - Batch 3537 - Loss 0.060810
2026-06-18 18:39:36 | Epoch 1 - Batch 3538 - Loss 0.059077
2026-06-18 18:39:36 | Epoch 1 - Batch 3539 - Loss 0.056347
2026-06-18 18:39:36 | Epoch 1 - Batch 3540 - Loss 0.058274
2026-06-18 18:39:37 | Epoch 1 - Batch 3541 - Loss 0.058441
2026-06-18 18:39:37 | Epoch 1 - Batch 3542 - Loss 0.063708
2026-06-18 18:39:38 | Epoch 1 - Batch 3543 - Loss 0.057759
2026-06-18 18:39:38 | Epoch 1 - Batch 3544 - Loss 0.059202
2026-06-18 18:39:39 | Epoch 1 - Batch 3545 - Loss 0.058461
2026-06-18 18:39:39 | Epoch 1 - Batch 3546 - Loss 0.056886
2026-06-18 18:39:40 | Epoch 1 - Batch 3547 - Loss 0.059286
2026-06-18 18:39:40 | Epoch 1 - Batch 3548 - Loss 0.063289
2026-06-18 18:39:41 | Epoch 1 - Batch 3549 - Loss 0.065155
2026-06-18 18:39:41 | Epoch 1 - Batch 3550 - Loss 0.060016
2026-06-18 18:39:42 | Epoch 1 - Batch 3551 - Loss 0.056378
2026-06-18 18:39:42 | Epoch 1 - Batch 3552 - Loss 0.058213
2026-06-18 18:39:43 | Epoch 1 - Batch 3553 - Loss 0.061916
2026-06-18 18:39:43 | Epoch 1 - Batch 3554 - Loss 0.050857
2026-06-18 18:39:44 | Epoch 1 - Batch 3555 - Loss 0.063034
2026-06-18 18:39:44 | Epoch 1 - Batch 3556 - Loss 0.061538
2026-06-18 18:39:45 | Epoch 1 - Batch 3557 - Loss 0.062315
2026-06-18 18:39:45 | Epoch 1 - Batch 3558 - Loss 0.056500
2026-06-18 18:39:46 | Epoch 1 - Batch 3559 - Loss 0.058381
2026-06-18 18:39:46 | Epoch 1 - Batch 3560 - Loss 0.066674
2026-06-18 18:39:47 | Epoch 1 - Batch 3561 - Loss 0.061352
2026-06-18 18:39:47 | Epoch 1 - Batch 3562 - Loss 0.057581
2026-06-18 18:39:48 | Epoch 1 - Batch 3563 - Loss 0.056037
2026-06-18 18:39:48 | Epoch 1 - Batch 3564 - Loss 0.064250
2026-06-18 18:39:49 | Epoch 1 - Batch 3565 - Loss 0.060215
2026-06-18 18:39:49 | Epoch 1 - Batch 3566 - Loss 0.057386
2026-06-18 18:39:50 | Epoch 1 - Batch 3567 - Loss 0.055913
2026-06-18 18:39:50 | Epoch 1 - Batch 3568 - Loss 0.056861
2026-06-18 18:39:51 | Epoch 1 - Batch 3569 - Loss 0.061176
2026-06-18 18:39:51 | Epoch 1 - Batch 3570 - Loss 0.060326
2026-06-18 18:39:52 | Epoch 1 - Batch 3571 - Loss 0.065407
2026-06-18 18:39:52 | Epoch 1 - Batch 3572 - Loss 0.056612
2026-06-18 18:39:53 | Epoch 1 - Batch 3573 - Loss 0.062078
2026-06-18 18:39:53 | Epoch 1 - Batch 3574 - Loss 0.057248
2026-06-18 18:39:54 | Epoch 1 - Batch 3575 - Loss 0.053768
2026-06-18 18:39:54 | Epoch 1 - Batch 3576 - Loss 0.058902
2026-06-18 18:39:55 | Epoch 1 - Batch 3577 - Loss 0.059651
2026-06-18 18:39:55 | Epoch 1 - Batch 3578 - Loss 0.055070
2026-06-18 18:39:56 | Epoch 1 - Batch 3579 - Loss 0.070094
2026-06-18 18:39:56 | Epoch 1 - Batch 3580 - Loss 0.059315
2026-06-18 18:39:57 | Epoch 1 - Batch 3581 - Loss 0.060965
2026-06-18 18:39:57 | Epoch 1 - Batch 3582 - Loss 0.056433
2026-06-18 18:39:58 | Epoch 1 - Batch 3583 - Loss 0.058902
2026-06-18 18:39:58 | Epoch 1 - Batch 3584 - Loss 0.053592
2026-06-18 18:39:59 | Epoch 1 - Batch 3585 - Loss 0.054438
2026-06-18 18:39:59 | Epoch 1 - Batch 3586 - Loss 0.052510
2026-06-18 18:40:00 | Epoch 1 - Batch 3587 - Loss 0.059811
2026-06-18 18:40:00 | Epoch 1 - Batch 3588 - Loss 0.057791
2026-06-18 18:40:01 | Epoch 1 - Batch 3589 - Loss 0.055687
2026-06-18 18:40:01 | Epoch 1 - Batch 3590 - Loss 0.061371
2026-06-18 18:40:02 | Epoch 1 - Batch 3591 - Loss 0.061287
2026-06-18 18:40:02 | Epoch 1 - Batch 3592 - Loss 0.059825
2026-06-18 18:40:03 | Epoch 1 - Batch 3593 - Loss 0.059171
2026-06-18 18:40:03 | Epoch 1 - Batch 3594 - Loss 0.058000
2026-06-18 18:40:04 | Epoch 1 - Batch 3595 - Loss 0.054460
2026-06-18 18:40:04 | Epoch 1 - Batch 3596 - Loss 0.062667
2026-06-18 18:40:05 | Epoch 1 - Batch 3597 - Loss 0.055588
2026-06-18 18:40:05 | Epoch 1 - Batch 3598 - Loss 0.059343
2026-06-18 18:40:06 | Epoch 1 - Batch 3599 - Loss 0.053956
2026-06-18 18:40:06 | Epoch 1 - Batch 3600 - Loss 0.057587
2026-06-18 18:40:07 | Epoch 1 - Batch 3601 - Loss 0.063538
2026-06-18 18:40:07 | Epoch 1 - Batch 3602 - Loss 0.056567
2026-06-18 18:40:08 | Epoch 1 - Batch 3603 - Loss 0.058241
2026-06-18 18:40:08 | Epoch 1 - Batch 3604 - Loss 0.057947
2026-06-18 18:40:09 | Epoch 1 - Batch 3605 - Loss 0.058228
2026-06-18 18:40:09 | Epoch 1 - Batch 3606 - Loss 0.057264
2026-06-18 18:40:10 | Epoch 1 - Batch 3607 - Loss 0.062778
2026-06-18 18:40:10 | Epoch 1 - Batch 3608 - Loss 0.054916
2026-06-18 18:40:11 | Epoch 1 - Batch 3609 - Loss 0.060386
2026-06-18 18:40:11 | Epoch 1 - Batch 3610 - Loss 0.060877
2026-06-18 18:40:12 | Epoch 1 - Batch 3611 - Loss 0.059525
2026-06-18 18:40:12 | Epoch 1 - Batch 3612 - Loss 0.057065
2026-06-18 18:40:13 | Epoch 1 - Batch 3613 - Loss 0.063923
2026-06-18 18:40:13 | Epoch 1 - Batch 3614 - Loss 0.058442
2026-06-18 18:40:14 | Epoch 1 - Batch 3615 - Loss 0.057879
2026-06-18 18:40:14 | Epoch 1 - Batch 3616 - Loss 0.060106
2026-06-18 18:40:15 | Epoch 1 - Batch 3617 - Loss 0.057442
2026-06-18 18:40:15 | Epoch 1 - Batch 3618 - Loss 0.053106
2026-06-18 18:40:16 | Epoch 1 - Batch 3619 - Loss 0.061851
2026-06-18 18:40:16 | Epoch 1 - Batch 3620 - Loss 0.060326
2026-06-18 18:40:17 | Epoch 1 - Batch 3621 - Loss 0.061372
2026-06-18 18:40:17 | Epoch 1 - Batch 3622 - Loss 0.055265
2026-06-18 18:40:18 | Epoch 1 - Batch 3623 - Loss 0.063435
2026-06-18 18:40:18 | Epoch 1 - Batch 3624 - Loss 0.054265
2026-06-18 18:40:19 | Epoch 1 - Batch 3625 - Loss 0.063965
2026-06-18 18:40:19 | Epoch 1 - Batch 3626 - Loss 0.056110
2026-06-18 18:40:20 | Epoch 1 - Batch 3627 - Loss 0.055651
2026-06-18 18:40:20 | Epoch 1 - Batch 3628 - Loss 0.062090
2026-06-18 18:40:21 | Epoch 1 - Batch 3629 - Loss 0.056311
2026-06-18 18:40:21 | Epoch 1 - Batch 3630 - Loss 0.055838
2026-06-18 18:40:22 | Epoch 1 - Batch 3631 - Loss 0.060048
2026-06-18 18:40:22 | Epoch 1 - Batch 3632 - Loss 0.058034
2026-06-18 18:40:23 | Epoch 1 - Batch 3633 - Loss 0.056131
2026-06-18 18:40:23 | Epoch 1 - Batch 3634 - Loss 0.059006
2026-06-18 18:40:24 | Epoch 1 - Batch 3635 - Loss 0.057622
2026-06-18 18:40:24 | Epoch 1 - Batch 3636 - Loss 0.060328
2026-06-18 18:40:25 | Epoch 1 - Batch 3637 - Loss 0.070051
2026-06-18 18:40:25 | Epoch 1 - Batch 3638 - Loss 0.058191
2026-06-18 18:40:26 | Epoch 1 - Batch 3639 - Loss 0.057588
2026-06-18 18:40:26 | Epoch 1 - Batch 3640 - Loss 0.060221
2026-06-18 18:40:27 | Epoch 1 - Batch 3641 - Loss 0.063268
2026-06-18 18:40:27 | Epoch 1 - Batch 3642 - Loss 0.062237
2026-06-18 18:40:28 | Epoch 1 - Batch 3643 - Loss 0.057051
2026-06-18 18:40:28 | Epoch 1 - Batch 3644 - Loss 0.060226
2026-06-18 18:40:29 | Epoch 1 - Batch 3645 - Loss 0.057215
2026-06-18 18:40:29 | Epoch 1 - Batch 3646 - Loss 0.055880
2026-06-18 18:40:30 | Epoch 1 - Batch 3647 - Loss 0.061658
2026-06-18 18:40:30 | Epoch 1 - Batch 3648 - Loss 0.057275
2026-06-18 18:40:31 | Epoch 1 - Batch 3649 - Loss 0.061864
2026-06-18 18:40:31 | Epoch 1 - Batch 3650 - Loss 0.050856
2026-06-18 18:40:32 | Epoch 1 - Batch 3651 - Loss 0.060739
2026-06-18 18:40:32 | Epoch 1 - Batch 3652 - Loss 0.058806
2026-06-18 18:40:33 | Epoch 1 - Batch 3653 - Loss 0.057698
2026-06-18 18:40:33 | Epoch 1 - Batch 3654 - Loss 0.057858
2026-06-18 18:40:34 | Epoch 1 - Batch 3655 - Loss 0.062950
2026-06-18 18:40:34 | Epoch 1 - Batch 3656 - Loss 0.061611
2026-06-18 18:40:35 | Epoch 1 - Batch 3657 - Loss 0.053825
2026-06-18 18:40:35 | Epoch 1 - Batch 3658 - Loss 0.057951
2026-06-18 18:40:36 | Epoch 1 - Batch 3659 - Loss 0.057915
2026-06-18 18:40:36 | Epoch 1 - Batch 3660 - Loss 0.055791
2026-06-18 18:40:36 | Epoch 1 - Batch 3661 - Loss 0.054961
2026-06-18 18:40:37 | Epoch 1 - Batch 3662 - Loss 0.053310
2026-06-18 18:40:37 | Epoch 1 - Batch 3663 - Loss 0.056029
2026-06-18 18:40:38 | Epoch 1 - Batch 3664 - Loss 0.062351
2026-06-18 18:40:38 | Epoch 1 - Batch 3665 - Loss 0.061422
2026-06-18 18:40:39 | Epoch 1 - Batch 3666 - Loss 0.063603
2026-06-18 18:40:39 | Epoch 1 - Batch 3667 - Loss 0.060534
2026-06-18 18:40:40 | Epoch 1 - Batch 3668 - Loss 0.068335
2026-06-18 18:40:40 | Epoch 1 - Batch 3669 - Loss 0.053379
2026-06-18 18:40:41 | Epoch 1 - Batch 3670 - Loss 0.059082
2026-06-18 18:40:41 | Epoch 1 - Batch 3671 - Loss 0.056835
2026-06-18 18:40:42 | Epoch 1 - Batch 3672 - Loss 0.064808
2026-06-18 18:40:42 | Epoch 1 - Batch 3673 - Loss 0.054301
2026-06-18 18:40:43 | Epoch 1 - Batch 3674 - Loss 0.066975
2026-06-18 18:40:43 | Epoch 1 - Batch 3675 - Loss 0.054249
2026-06-18 18:40:44 | Epoch 1 - Batch 3676 - Loss 0.056402
2026-06-18 18:40:44 | Epoch 1 - Batch 3677 - Loss 0.058642
2026-06-18 18:40:45 | Epoch 1 - Batch 3678 - Loss 0.062378
2026-06-18 18:40:45 | Epoch 1 - Batch 3679 - Loss 0.068816
2026-06-18 18:40:46 | Epoch 1 - Batch 3680 - Loss 0.060129
2026-06-18 18:40:46 | Epoch 1 - Batch 3681 - Loss 0.053394
2026-06-18 18:40:47 | Epoch 1 - Batch 3682 - Loss 0.060474
2026-06-18 18:40:47 | Epoch 1 - Batch 3683 - Loss 0.060755
2026-06-18 18:40:48 | Epoch 1 - Batch 3684 - Loss 0.056238
2026-06-18 18:40:48 | Epoch 1 - Batch 3685 - Loss 0.052078
2026-06-18 18:40:49 | Epoch 1 - Batch 3686 - Loss 0.060614
2026-06-18 18:40:49 | Epoch 1 - Batch 3687 - Loss 0.055729
2026-06-18 18:40:50 | Epoch 1 - Batch 3688 - Loss 0.061018
2026-06-18 18:40:50 | Epoch 1 - Batch 3689 - Loss 0.058295
2026-06-18 18:40:51 | Epoch 1 - Batch 3690 - Loss 0.053817
2026-06-18 18:40:51 | Epoch 1 - Batch 3691 - Loss 0.057341
2026-06-18 18:40:52 | Epoch 1 - Batch 3692 - Loss 0.065991
2026-06-18 18:40:52 | Epoch 1 - Batch 3693 - Loss 0.061864
2026-06-18 18:40:53 | Epoch 1 - Batch 3694 - Loss 0.057630
2026-06-18 18:40:53 | Epoch 1 - Batch 3695 - Loss 0.066279
2026-06-18 18:40:54 | Epoch 1 - Batch 3696 - Loss 0.054492
2026-06-18 18:40:54 | Epoch 1 - Batch 3697 - Loss 0.056100
2026-06-18 18:40:55 | Epoch 1 - Batch 3698 - Loss 0.053956
2026-06-18 18:40:55 | Epoch 1 - Batch 3699 - Loss 0.061254
2026-06-18 18:40:56 | Epoch 1 - Batch 3700 - Loss 0.061740
2026-06-18 18:40:56 | Epoch 1 - Batch 3701 - Loss 0.067235
2026-06-18 18:40:57 | Epoch 1 - Batch 3702 - Loss 0.057258
2026-06-18 18:40:57 | Epoch 1 - Batch 3703 - Loss 0.064910
2026-06-18 18:40:58 | Epoch 1 - Batch 3704 - Loss 0.053750
2026-06-18 18:40:58 | Epoch 1 - Batch 3705 - Loss 0.061079
2026-06-18 18:40:59 | Epoch 1 - Batch 3706 - Loss 0.061645
2026-06-18 18:40:59 | Epoch 1 - Batch 3707 - Loss 0.056287
2026-06-18 18:41:00 | Epoch 1 - Batch 3708 - Loss 0.057188
2026-06-18 18:41:00 | Epoch 1 - Batch 3709 - Loss 0.057233
2026-06-18 18:41:01 | Epoch 1 - Batch 3710 - Loss 0.063024
2026-06-18 18:41:01 | Epoch 1 - Batch 3711 - Loss 0.057332
2026-06-18 18:41:02 | Epoch 1 - Batch 3712 - Loss 0.066306
2026-06-18 18:41:02 | Epoch 1 - Batch 3713 - Loss 0.064575
2026-06-18 18:41:03 | Epoch 1 - Batch 3714 - Loss 0.060865
2026-06-18 18:41:03 | Epoch 1 - Batch 3715 - Loss 0.057333
2026-06-18 18:41:04 | Epoch 1 - Batch 3716 - Loss 0.059573
2026-06-18 18:41:04 | Epoch 1 - Batch 3717 - Loss 0.057347
2026-06-18 18:41:05 | Epoch 1 - Batch 3718 - Loss 0.053722
2026-06-18 18:41:05 | Epoch 1 - Batch 3719 - Loss 0.057814
2026-06-18 18:41:06 | Epoch 1 - Batch 3720 - Loss 0.058993
2026-06-18 18:41:06 | Epoch 1 - Batch 3721 - Loss 0.056554
2026-06-18 18:41:07 | Epoch 1 - Batch 3722 - Loss 0.069514
2026-06-18 18:41:07 | Epoch 1 - Batch 3723 - Loss 0.060682
2026-06-18 18:41:08 | Epoch 1 - Batch 3724 - Loss 0.058803
2026-06-18 18:41:08 | Epoch 1 - Batch 3725 - Loss 0.056600
2026-06-18 18:41:09 | Epoch 1 - Batch 3726 - Loss 0.062511
2026-06-18 18:41:09 | Epoch 1 - Batch 3727 - Loss 0.057767
2026-06-18 18:41:10 | Epoch 1 - Batch 3728 - Loss 0.053986
2026-06-18 18:41:10 | Epoch 1 - Batch 3729 - Loss 0.060881
2026-06-18 18:41:11 | Epoch 1 - Batch 3730 - Loss 0.054676
2026-06-18 18:41:11 | Epoch 1 - Batch 3731 - Loss 0.052977
2026-06-18 18:41:12 | Epoch 1 - Batch 3732 - Loss 0.059684
2026-06-18 18:41:12 | Epoch 1 - Batch 3733 - Loss 0.056848
2026-06-18 18:41:13 | Epoch 1 - Batch 3734 - Loss 0.060228
2026-06-18 18:41:13 | Epoch 1 - Batch 3735 - Loss 0.060060
2026-06-18 18:41:14 | Epoch 1 - Batch 3736 - Loss 0.057482
2026-06-18 18:41:14 | Epoch 1 - Batch 3737 - Loss 0.062846
2026-06-18 18:41:15 | Epoch 1 - Batch 3738 - Loss 0.056201
2026-06-18 18:41:15 | Epoch 1 - Batch 3739 - Loss 0.062716
2026-06-18 18:41:16 | Epoch 1 - Batch 3740 - Loss 0.054213
2026-06-18 18:41:16 | Epoch 1 - Batch 3741 - Loss 0.052820
2026-06-18 18:41:17 | Epoch 1 - Batch 3742 - Loss 0.066720
2026-06-18 18:41:17 | Epoch 1 - Batch 3743 - Loss 0.054873
2026-06-18 18:41:18 | Epoch 1 - Batch 3744 - Loss 0.059219
2026-06-18 18:41:18 | Epoch 1 - Batch 3745 - Loss 0.062053
2026-06-18 18:41:19 | Epoch 1 - Batch 3746 - Loss 0.063870
2026-06-18 18:41:19 | Epoch 1 - Batch 3747 - Loss 0.051326
2026-06-18 18:41:20 | Epoch 1 - Batch 3748 - Loss 0.065271
2026-06-18 18:41:20 | Epoch 1 - Batch 3749 - Loss 0.061940
2026-06-18 18:41:20 | Epoch 1 - Batch 3750 - Loss 0.057104
2026-06-18 18:41:21 | Epoch 1 - Batch 3751 - Loss 0.059150
2026-06-18 18:41:21 | Epoch 1 - Batch 3752 - Loss 0.062298
2026-06-18 18:41:22 | Epoch 1 - Batch 3753 - Loss 0.053780
2026-06-18 18:41:22 | Epoch 1 - Batch 3754 - Loss 0.058142
2026-06-18 18:41:23 | Epoch 1 - Batch 3755 - Loss 0.060619
2026-06-18 18:41:23 | Epoch 1 - Batch 3756 - Loss 0.063866
2026-06-18 18:41:24 | Epoch 1 - Batch 3757 - Loss 0.057171
2026-06-18 18:41:24 | Epoch 1 - Batch 3758 - Loss 0.066488
2026-06-18 18:41:25 | Epoch 1 - Batch 3759 - Loss 0.060993
2026-06-18 18:41:25 | Epoch 1 - Batch 3760 - Loss 0.061837
2026-06-18 18:41:26 | Epoch 1 - Batch 3761 - Loss 0.052128
2026-06-18 18:41:26 | Epoch 1 - Batch 3762 - Loss 0.060689
2026-06-18 18:41:27 | Epoch 1 - Batch 3763 - Loss 0.057025
2026-06-18 18:41:27 | Epoch 1 - Batch 3764 - Loss 0.062606
2026-06-18 18:41:28 | Epoch 1 - Batch 3765 - Loss 0.060988
2026-06-18 18:41:28 | Epoch 1 - Batch 3766 - Loss 0.058164
2026-06-18 18:41:29 | Epoch 1 - Batch 3767 - Loss 0.058797
2026-06-18 18:41:29 | Epoch 1 - Batch 3768 - Loss 0.056642
2026-06-18 18:41:30 | Epoch 1 - Batch 3769 - Loss 0.055463
2026-06-18 18:41:30 | Epoch 1 - Batch 3770 - Loss 0.058405
2026-06-18 18:41:31 | Epoch 1 - Batch 3771 - Loss 0.056797
2026-06-18 18:41:31 | Epoch 1 - Batch 3772 - Loss 0.062592
2026-06-18 18:41:32 | Epoch 1 - Batch 3773 - Loss 0.056670
2026-06-18 18:41:32 | Epoch 1 - Batch 3774 - Loss 0.060409
2026-06-18 18:41:33 | Epoch 1 - Batch 3775 - Loss 0.063708
2026-06-18 18:41:33 | Epoch 1 - Batch 3776 - Loss 0.059987
2026-06-18 18:41:34 | Epoch 1 - Batch 3777 - Loss 0.060793
2026-06-18 18:41:34 | Epoch 1 - Batch 3778 - Loss 0.062751
2026-06-18 18:41:35 | Epoch 1 - Batch 3779 - Loss 0.054916
2026-06-18 18:41:35 | Epoch 1 - Batch 3780 - Loss 0.058140
2026-06-18 18:41:36 | Epoch 1 - Batch 3781 - Loss 0.061269
2026-06-18 18:41:36 | Epoch 1 - Batch 3782 - Loss 0.060618
2026-06-18 18:41:37 | Epoch 1 - Batch 3783 - Loss 0.053746
2026-06-18 18:41:37 | Epoch 1 - Batch 3784 - Loss 0.053067
2026-06-18 18:41:38 | Epoch 1 - Batch 3785 - Loss 0.053724
2026-06-18 18:41:38 | Epoch 1 - Batch 3786 - Loss 0.066196
2026-06-18 18:41:39 | Epoch 1 - Batch 3787 - Loss 0.054137
2026-06-18 18:41:39 | Epoch 1 - Batch 3788 - Loss 0.057548
2026-06-18 18:41:40 | Epoch 1 - Batch 3789 - Loss 0.061362
2026-06-18 18:41:40 | Epoch 1 - Batch 3790 - Loss 0.058133
2026-06-18 18:41:41 | Epoch 1 - Batch 3791 - Loss 0.059843
2026-06-18 18:41:41 | Epoch 1 - Batch 3792 - Loss 0.062498
2026-06-18 18:41:42 | Epoch 1 - Batch 3793 - Loss 0.056671
2026-06-18 18:41:42 | Epoch 1 - Batch 3794 - Loss 0.062118
2026-06-18 18:41:43 | Epoch 1 - Batch 3795 - Loss 0.067562
2026-06-18 18:41:43 | Epoch 1 - Batch 3796 - Loss 0.055216
2026-06-18 18:41:44 | Epoch 1 - Batch 3797 - Loss 0.068465
2026-06-18 18:41:44 | Epoch 1 - Batch 3798 - Loss 0.054298
2026-06-18 18:41:45 | Epoch 1 - Batch 3799 - Loss 0.057942
2026-06-18 18:41:45 | Epoch 1 - Batch 3800 - Loss 0.057898
2026-06-18 18:41:46 | Epoch 1 - Batch 3801 - Loss 0.060421
2026-06-18 18:41:46 | Epoch 1 - Batch 3802 - Loss 0.057738
2026-06-18 18:41:47 | Epoch 1 - Batch 3803 - Loss 0.060644
2026-06-18 18:41:47 | Epoch 1 - Batch 3804 - Loss 0.056574
2026-06-18 18:41:48 | Epoch 1 - Batch 3805 - Loss 0.057727
2026-06-18 18:41:48 | Epoch 1 - Batch 3806 - Loss 0.056278
2026-06-18 18:41:49 | Epoch 1 - Batch 3807 - Loss 0.061060
2026-06-18 18:41:49 | Epoch 1 - Batch 3808 - Loss 0.059102
2026-06-18 18:41:50 | Epoch 1 - Batch 3809 - Loss 0.059240
2026-06-18 18:41:50 | Epoch 1 - Batch 3810 - Loss 0.057555
2026-06-18 18:41:51 | Epoch 1 - Batch 3811 - Loss 0.060197
2026-06-18 18:41:51 | Epoch 1 - Batch 3812 - Loss 0.055494
2026-06-18 18:41:53 | Epoch 1 - Batch 3813 - Loss 0.061847
2026-06-18 18:41:53 | Epoch 1 - Batch 3814 - Loss 0.054687
2026-06-18 18:41:54 | Epoch 1 - Batch 3815 - Loss 0.061536
2026-06-18 18:41:54 | Epoch 1 - Batch 3816 - Loss 0.060607
2026-06-18 18:41:55 | Epoch 1 - Batch 3817 - Loss 0.059425
2026-06-18 18:41:55 | Epoch 1 - Batch 3818 - Loss 0.060831
2026-06-18 18:41:56 | Epoch 1 - Batch 3819 - Loss 0.058985
2026-06-18 18:41:56 | Epoch 1 - Batch 3820 - Loss 0.061637
2026-06-18 18:41:57 | Epoch 1 - Batch 3821 - Loss 0.058134
2026-06-18 18:41:57 | Epoch 1 - Batch 3822 - Loss 0.057464
2026-06-18 18:41:58 | Epoch 1 - Batch 3823 - Loss 0.056684
2026-06-18 18:41:58 | Epoch 1 - Batch 3824 - Loss 0.053881
2026-06-18 18:41:59 | Epoch 1 - Batch 3825 - Loss 0.053798
2026-06-18 18:41:59 | Epoch 1 - Batch 3826 - Loss 0.063096
2026-06-18 18:42:00 | Epoch 1 - Batch 3827 - Loss 0.061388
2026-06-18 18:42:00 | Epoch 1 - Batch 3828 - Loss 0.056018
2026-06-18 18:42:01 | Epoch 1 - Batch 3829 - Loss 0.063229
2026-06-18 18:42:01 | Epoch 1 - Batch 3830 - Loss 0.056468
2026-06-18 18:42:02 | Epoch 1 - Batch 3831 - Loss 0.055748
2026-06-18 18:42:02 | Epoch 1 - Batch 3832 - Loss 0.055486
2026-06-18 18:42:03 | Epoch 1 - Batch 3833 - Loss 0.063421
2026-06-18 18:42:03 | Epoch 1 - Batch 3834 - Loss 0.058412
2026-06-18 18:42:04 | Epoch 1 - Batch 3835 - Loss 0.060981
2026-06-18 18:42:04 | Epoch 1 - Batch 3836 - Loss 0.055371
2026-06-18 18:42:05 | Epoch 1 - Batch 3837 - Loss 0.060126
2026-06-18 18:42:05 | Epoch 1 - Batch 3838 - Loss 0.059090
2026-06-18 18:42:06 | Epoch 1 - Batch 3839 - Loss 0.060689
2026-06-18 18:42:06 | Epoch 1 - Batch 3840 - Loss 0.055722
2026-06-18 18:42:07 | Epoch 1 - Batch 3841 - Loss 0.056292
2026-06-18 18:42:07 | Epoch 1 - Batch 3842 - Loss 0.055772
2026-06-18 18:42:08 | Epoch 1 - Batch 3843 - Loss 0.061569
2026-06-18 18:42:08 | Epoch 1 - Batch 3844 - Loss 0.056537
2026-06-18 18:42:09 | Epoch 1 - Batch 3845 - Loss 0.052158
2026-06-18 18:42:09 | Epoch 1 - Batch 3846 - Loss 0.060503
2026-06-18 18:42:10 | Epoch 1 - Batch 3847 - Loss 0.057524
2026-06-18 18:42:10 | Epoch 1 - Batch 3848 - Loss 0.056109
2026-06-18 18:42:11 | Epoch 1 - Batch 3849 - Loss 0.058988
2026-06-18 18:42:11 | Epoch 1 - Batch 3850 - Loss 0.055370
2026-06-18 18:42:12 | Epoch 1 - Batch 3851 - Loss 0.053595
2026-06-18 18:42:12 | Epoch 1 - Batch 3852 - Loss 0.056437
2026-06-18 18:42:13 | Epoch 1 - Batch 3853 - Loss 0.054916
2026-06-18 18:42:13 | Epoch 1 - Batch 3854 - Loss 0.057033
2026-06-18 18:42:14 | Epoch 1 - Batch 3855 - Loss 0.053334
2026-06-18 18:42:14 | Epoch 1 - Batch 3856 - Loss 0.052456
2026-06-18 18:42:15 | Epoch 1 - Batch 3857 - Loss 0.057635
2026-06-18 18:42:15 | Epoch 1 - Batch 3858 - Loss 0.056236
2026-06-18 18:42:16 | Epoch 1 - Batch 3859 - Loss 0.055242
2026-06-18 18:42:16 | Epoch 1 - Batch 3860 - Loss 0.058240
2026-06-18 18:42:17 | Epoch 1 - Batch 3861 - Loss 0.056373
2026-06-18 18:42:17 | Epoch 1 - Batch 3862 - Loss 0.051526
2026-06-18 18:42:18 | Epoch 1 - Batch 3863 - Loss 0.060000
2026-06-18 18:42:18 | Epoch 1 - Batch 3864 - Loss 0.059961
2026-06-18 18:42:19 | Epoch 1 - Batch 3865 - Loss 0.060989
2026-06-18 18:42:19 | Epoch 1 - Batch 3866 - Loss 0.054493
2026-06-18 18:42:20 | Epoch 1 - Batch 3867 - Loss 0.051900
2026-06-18 18:42:20 | Epoch 1 - Batch 3868 - Loss 0.056705
2026-06-18 18:42:21 | Epoch 1 - Batch 3869 - Loss 0.056545
2026-06-18 18:42:21 | Epoch 1 - Batch 3870 - Loss 0.060322
2026-06-18 18:42:22 | Epoch 1 - Batch 3871 - Loss 0.058260
2026-06-18 18:42:22 | Epoch 1 - Batch 3872 - Loss 0.056818
2026-06-18 18:42:23 | Epoch 1 - Batch 3873 - Loss 0.061045
2026-06-18 18:42:23 | Epoch 1 - Batch 3874 - Loss 0.061666
2026-06-18 18:42:24 | Epoch 1 - Batch 3875 - Loss 0.057626
2026-06-18 18:42:24 | Epoch 1 - Batch 3876 - Loss 0.058856
2026-06-18 18:42:25 | Epoch 1 - Batch 3877 - Loss 0.051241
2026-06-18 18:42:25 | Epoch 1 - Batch 3878 - Loss 0.062958
2026-06-18 18:42:26 | Epoch 1 - Batch 3879 - Loss 0.065105
2026-06-18 18:42:26 | Epoch 1 - Batch 3880 - Loss 0.056742
2026-06-18 18:42:27 | Epoch 1 - Batch 3881 - Loss 0.054006
2026-06-18 18:42:27 | Epoch 1 - Batch 3882 - Loss 0.063273
2026-06-18 18:42:28 | Epoch 1 - Batch 3883 - Loss 0.058604
2026-06-18 18:42:28 | Epoch 1 - Batch 3884 - Loss 0.063881
2026-06-18 18:42:29 | Epoch 1 - Batch 3885 - Loss 0.055463
2026-06-18 18:42:29 | Epoch 1 - Batch 3886 - Loss 0.062648
2026-06-18 18:42:30 | Epoch 1 - Batch 3887 - Loss 0.058173
2026-06-18 18:42:30 | Epoch 1 - Batch 3888 - Loss 0.056203
2026-06-18 18:42:31 | Epoch 1 - Batch 3889 - Loss 0.056408
2026-06-18 18:42:31 | Epoch 1 - Batch 3890 - Loss 0.055830
2026-06-18 18:42:32 | Epoch 1 - Batch 3891 - Loss 0.057350
2026-06-18 18:42:32 | Epoch 1 - Batch 3892 - Loss 0.067076
2026-06-18 18:42:33 | Epoch 1 - Batch 3893 - Loss 0.052388
2026-06-18 18:42:33 | Epoch 1 - Batch 3894 - Loss 0.060309
2026-06-18 18:42:34 | Epoch 1 - Batch 3895 - Loss 0.057469
2026-06-18 18:42:34 | Epoch 1 - Batch 3896 - Loss 0.061200
2026-06-18 18:42:35 | Epoch 1 - Batch 3897 - Loss 0.054941
2026-06-18 18:42:35 | Epoch 1 - Batch 3898 - Loss 0.053546
2026-06-18 18:42:36 | Epoch 1 - Batch 3899 - Loss 0.059657
2026-06-18 18:42:36 | Epoch 1 - Batch 3900 - Loss 0.057474
2026-06-18 18:42:37 | Epoch 1 - Batch 3901 - Loss 0.056049
2026-06-18 18:42:37 | Epoch 1 - Batch 3902 - Loss 0.057665
2026-06-18 18:42:37 | Epoch 1 - Batch 3903 - Loss 0.056390
2026-06-18 18:42:38 | Epoch 1 - Batch 3904 - Loss 0.062052
2026-06-18 18:42:39 | Epoch 1 - Batch 3905 - Loss 0.059902
2026-06-18 18:42:39 | Epoch 1 - Batch 3906 - Loss 0.057950
2026-06-18 18:42:39 | Epoch 1 - Batch 3907 - Loss 0.057376
2026-06-18 18:42:40 | Epoch 1 - Batch 3908 - Loss 0.053045
2026-06-18 18:42:40 | Epoch 1 - Batch 3909 - Loss 0.055018
2026-06-18 18:42:41 | Epoch 1 - Batch 3910 - Loss 0.065511
2026-06-18 18:42:41 | Epoch 1 - Batch 3911 - Loss 0.060489
2026-06-18 18:42:42 | Epoch 1 - Batch 3912 - Loss 0.054130
2026-06-18 18:42:42 | Epoch 1 - Batch 3913 - Loss 0.051351
2026-06-18 18:42:43 | Epoch 1 - Batch 3914 - Loss 0.057164
2026-06-18 18:42:43 | Epoch 1 - Batch 3915 - Loss 0.055313
2026-06-18 18:42:44 | Epoch 1 - Batch 3916 - Loss 0.058133
2026-06-18 18:42:44 | Epoch 1 - Batch 3917 - Loss 0.065192
2026-06-18 18:42:45 | Epoch 1 - Batch 3918 - Loss 0.059067
2026-06-18 18:42:45 | Epoch 1 - Batch 3919 - Loss 0.061173
2026-06-18 18:42:46 | Epoch 1 - Batch 3920 - Loss 0.056432
2026-06-18 18:42:46 | Epoch 1 - Batch 3921 - Loss 0.055274
2026-06-18 18:42:47 | Epoch 1 - Batch 3922 - Loss 0.060018
2026-06-18 18:42:47 | Epoch 1 - Batch 3923 - Loss 0.057897
2026-06-18 18:42:48 | Epoch 1 - Batch 3924 - Loss 0.053039
2026-06-18 18:42:48 | Epoch 1 - Batch 3925 - Loss 0.055883
2026-06-18 18:42:49 | Epoch 1 - Batch 3926 - Loss 0.058678
2026-06-18 18:42:49 | Epoch 1 - Batch 3927 - Loss 0.052073
