2026-06-20 22:35:31 | ------------------ Configuration ------------------
2026-06-20 22:35:31 | Configuration file: /lustre/home/ziya/GNN/GraphWeather5p625/configs/gnn_5p625.yaml
2026-06-20 22:35:31 | Configuration name: raw_5p625
2026-06-20 22:35:31 | lr 0.0001
2026-06-20 22:35:31 | weight_decay 0.0001
2026-06-20 22:35:31 | scheduler CosineAnnealingLR
2026-06-20 22:35:31 | max_epochs 150
2026-06-20 22:35:31 | max_train_batches None
2026-06-20 22:35:31 | max_valid_batches None
2026-06-20 22:35:31 | batch_size 12
2026-06-20 22:35:31 | num_data_workers 4
2026-06-20 22:35:31 | enable_amp False
2026-06-20 22:35:31 | max_gradient_norm 1.0
2026-06-20 22:35:31 | dt 1
2026-06-20 22:35:31 | n_history 1
2026-06-20 22:35:31 | max_rollout_steps 10
2026-06-20 22:35:31 | rollout_schedule [1, 2, 4, 6, 8, 10]
2026-06-20 22:35:31 | rollout_stage_epochs [5, 5, 10, 10, 10, 10]
2026-06-20 22:35:31 | valid_rollout_steps 1
2026-06-20 22:35:31 | validate_with_train_rollout True
2026-06-20 22:35:31 | eval_rollout_steps [1, 2, 4, 6, 8, 10]
2026-06-20 22:35:31 | trainable_scope all
2026-06-20 22:35:31 | checkpoint_metric valid_S10
2026-06-20 22:35:31 | checkpoint_mode min
2026-06-20 22:35:31 | stage_checkpoint_metric_mode stage_horizon
2026-06-20 22:35:31 | nettype graph_weather
2026-06-20 22:35:31 | target default
2026-06-20 22:35:31 | resolution 5.625
2026-06-20 22:35:31 | graph_path /lustre/home/ziya/GNN/GraphWeather5p625/graphs/graph_5p625.pt
2026-06-20 22:35:31 | auto_build_graph True
2026-06-20 22:35:31 | hidden_dim 96
2026-06-20 22:35:31 | edge_dim 6
2026-06-20 22:35:31 | num_heads 4
2026-06-20 22:35:31 | k_neighbors 8
2026-06-20 22:35:31 | encoder_blocks 1
2026-06-20 22:35:31 | decoder_blocks 1
2026-06-20 22:35:31 | l0_blocks 2
2026-06-20 22:35:31 | l1_blocks 2
2026-06-20 22:35:31 | l2_blocks 1
2026-06-20 22:35:31 | l1_refine_blocks 1
2026-06-20 22:35:31 | l0_refine_blocks 1
2026-06-20 22:35:31 | graph_gradient_weight 0.0
2026-06-20 22:35:31 | lr_schedule_type rollout_stage
2026-06-20 22:35:31 | lr_by_rollout {1: 0.0001, 2: 0.0001, 4: 7e-05, 6: 6e-05, 8: 5e-05, 10: 3e-05}
2026-06-20 22:35:31 | warmup_epochs 1
2026-06-20 22:35:31 | in_channels [0, 1, 2, 3, 4, 5, 6, 7, 8, 9, 10, 11, 12, 13, 14, 15, 16, 17, 18, 19, 20, 21, 22, 23, 24, 25, 26, 27, 28, 29, 30, 31, 32, 33, 34, 35, 36, 37, 38, 39, 40, 41, 42, 43, 44, 45, 46, 47, 48, 49, 50, 51, 52, 53, 54, 55, 56, 57, 58, 59, 60, 61, 62, 63, 64, 65, 66]
2026-06-20 22:35:31 | out_channels [0, 1, 2, 3, 4, 5, 6, 7, 8, 9, 10, 11, 12, 13, 14, 15, 16, 17, 18, 19, 20, 21, 22, 23, 24, 25, 26, 27, 28, 29, 30, 31, 32, 33, 34, 35, 36, 37, 38, 39, 40, 41, 42, 43, 44, 45, 46, 47, 48, 49, 50, 51, 52, 53, 54, 55, 56, 57, 58, 59, 60, 61, 62, 63, 64, 65, 66]
2026-06-20 22:35:31 | normalization zscore
2026-06-20 22:35:31 | add_grid False
2026-06-20 22:35:31 | N_grid_channels 0
2026-06-20 22:35:31 | gridtype sinusoidal
2026-06-20 22:35:31 | add_noise False
2026-06-20 22:35:31 | noise_std 0.0
2026-06-20 22:35:31 | crop_size_x None
2026-06-20 22:35:31 | crop_size_y None
2026-06-20 22:35:31 | roll False
2026-06-20 22:35:31 | orography False
2026-06-20 22:35:31 | orography_path None
2026-06-20 22:35:31 | train_data_path /lustre/home/ziya/KAI_5/kai_data_5p625/train
2026-06-20 22:35:31 | valid_data_path /lustre/home/ziya/KAI_5/kai_data_5p625/valid
2026-06-20 22:35:31 | test_dataset_path /lustre/home/ziya/KAI_5/kai_data_5p625/test
2026-06-20 22:35:31 | global_means_path /lustre/home/ziya/KAI_5/kai_data_5p625/stats/global_mean.npy
2026-06-20 22:35:31 | global_stds_path /lustre/home/ziya/KAI_5/kai_data_5p625/stats/global_std.npy
2026-06-20 22:35:31 | exp_dir /lustre/home/ziya/GNN/GraphWeather5p625/experiments
2026-06-20 22:35:31 | eval_checkpoint_path None
2026-06-20 22:35:31 | eval_output_dir None
2026-06-20 22:35:31 | eval_forecast_steps [10]
2026-06-20 22:35:31 | eval_fixed_rollout_steps 10
2026-06-20 22:35:31 | eval_compare_stage_checkpoints False
2026-06-20 22:35:31 | eval_stage_checkpoints {1: 'best_ckpt_S1.tar', 2: 'best_ckpt_S2.tar', 4: 'best_ckpt_S4.tar', 6: 'best_ckpt_S6.tar', 8: 'best_ckpt_S8.tar', 10: 'best_ckpt_S10.tar'}
2026-06-20 22:35:31 | eval_global_best_checkpoint best_ckpt.tar
2026-06-20 22:35:31 | eval_start_timestep 1
2026-06-20 22:35:31 | eval_ic_stride 1
2026-06-20 22:35:31 | n_initial_conditions 5
2026-06-20 22:35:31 | climatology_path None
2026-06-20 22:35:31 | compute_climatology True
2026-06-20 22:35:31 | eval_device cuda
2026-06-20 22:35:31 | eval_plot_variables []
2026-06-20 22:35:31 | eval_plot_format png
2026-06-20 22:35:31 | plot_persistence True
2026-06-20 22:35:31 | save_checkpoint True
2026-06-20 22:35:31 | resume True
2026-06-20 22:35:31 | name raw_5p625_full50_new01
2026-06-20 22:35:31 | experiment_dir /lustre/home/ziya/GNN/GraphWeather5p625/experiments/raw_5p625_full50_new01
2026-06-20 22:35:31 | checkpoint_path /lustre/home/ziya/GNN/GraphWeather5p625/experiments/raw_5p625_full50_new01/ckpt.tar
2026-06-20 22:35:31 | last_checkpoint_path /lustre/home/ziya/GNN/GraphWeather5p625/experiments/raw_5p625_full50_new01/last_ckpt.tar
2026-06-20 22:35:31 | best_checkpoint_path /lustre/home/ziya/GNN/GraphWeather5p625/experiments/raw_5p625_full50_new01/best_ckpt.tar
2026-06-20 22:35:31 | ---------------------------------------------------
2026-06-20 22:35:32 | Found 39 NetCDF files under /lustre/home/ziya/KAI_5/kai_data_5p625/train. Spatial dims: 32 x 64.
2026-06-20 22:35:32 | Total valid samples: 13816
2026-06-20 22:35:33 | Found 1 NetCDF files under /lustre/home/ziya/KAI_5/kai_data_5p625/valid. Spatial dims: 32 x 64.
2026-06-20 22:35:33 | Total valid samples: 354
2026-06-20 22:35:44 | Number of trainable model parameters: 1131103
2026-06-20 22:35:50 | Epoch 1 - Batch 0 - Loss 0.344067
2026-06-20 22:35:50 | Epoch 1 - Batch 1 - Loss 0.295051
2026-06-20 22:35:50 | Epoch 1 - Batch 2 - Loss 0.258025
2026-06-20 22:35:50 | Epoch 1 - Batch 3 - Loss 0.246261
2026-06-20 22:35:50 | Epoch 1 - Batch 4 - Loss 0.247068
2026-06-20 22:35:50 | Epoch 1 - Batch 5 - Loss 0.234711
2026-06-20 22:35:50 | Epoch 1 - Batch 6 - Loss 0.231234
2026-06-20 22:35:50 | Epoch 1 - Batch 7 - Loss 0.223280
2026-06-20 22:35:50 | Epoch 1 - Batch 8 - Loss 0.221072
2026-06-20 22:35:50 | Epoch 1 - Batch 9 - Loss 0.232685
2026-06-20 22:35:50 | Epoch 1 - Batch 10 - Loss 0.207609
2026-06-20 22:35:51 | Epoch 1 - Batch 11 - Loss 0.200480
2026-06-20 22:35:51 | Epoch 1 - Batch 12 - Loss 0.206653
2026-06-20 22:35:51 | Epoch 1 - Batch 13 - Loss 0.201731
2026-06-20 22:35:51 | Epoch 1 - Batch 14 - Loss 0.221514
2026-06-20 22:35:51 | Epoch 1 - Batch 15 - Loss 0.200382
2026-06-20 22:35:51 | Epoch 1 - Batch 16 - Loss 0.212362
2026-06-20 22:35:51 | Epoch 1 - Batch 17 - Loss 0.203924
2026-06-20 22:35:51 | Epoch 1 - Batch 18 - Loss 0.205562
2026-06-20 22:35:51 | Epoch 1 - Batch 19 - Loss 0.208395
2026-06-20 22:35:52 | Epoch 1 - Batch 20 - Loss 0.199451
2026-06-20 22:35:52 | Epoch 1 - Batch 21 - Loss 0.201684
2026-06-20 22:35:52 | Epoch 1 - Batch 22 - Loss 0.200616
2026-06-20 22:35:52 | Epoch 1 - Batch 23 - Loss 0.197062
2026-06-20 22:35:52 | Epoch 1 - Batch 24 - Loss 0.204985
2026-06-20 22:35:52 | Epoch 1 - Batch 25 - Loss 0.194325
2026-06-20 22:35:52 | Epoch 1 - Batch 26 - Loss 0.201987
2026-06-20 22:35:52 | Epoch 1 - Batch 27 - Loss 0.193661
2026-06-20 22:35:52 | Epoch 1 - Batch 28 - Loss 0.201766
2026-06-20 22:35:53 | Epoch 1 - Batch 29 - Loss 0.192043
2026-06-20 22:35:53 | Epoch 1 - Batch 30 - Loss 0.194135
2026-06-20 22:35:53 | Epoch 1 - Batch 31 - Loss 0.196067
2026-06-20 22:35:53 | Epoch 1 - Batch 32 - Loss 0.200621
2026-06-20 22:35:53 | Epoch 1 - Batch 33 - Loss 0.199520
2026-06-20 22:35:53 | Epoch 1 - Batch 34 - Loss 0.191621
2026-06-20 22:35:53 | Epoch 1 - Batch 35 - Loss 0.189551
2026-06-20 22:35:53 | Epoch 1 - Batch 36 - Loss 0.176200
2026-06-20 22:35:54 | Epoch 1 - Batch 37 - Loss 0.194992
2026-06-20 22:35:54 | Epoch 1 - Batch 38 - Loss 0.182190
2026-06-20 22:35:54 | Epoch 1 - Batch 39 - Loss 0.197417
2026-06-20 22:35:54 | Epoch 1 - Batch 40 - Loss 0.192667
2026-06-20 22:35:54 | Epoch 1 - Batch 41 - Loss 0.200084
2026-06-20 22:35:54 | Epoch 1 - Batch 42 - Loss 0.200511
2026-06-20 22:35:54 | Epoch 1 - Batch 43 - Loss 0.198172
2026-06-20 22:35:54 | Epoch 1 - Batch 44 - Loss 0.184971
2026-06-20 22:35:54 | Epoch 1 - Batch 45 - Loss 0.189253
2026-06-20 22:35:54 | Epoch 1 - Batch 46 - Loss 0.178045
2026-06-20 22:35:54 | Epoch 1 - Batch 47 - Loss 0.179533
2026-06-20 22:35:55 | Epoch 1 - Batch 48 - Loss 0.179183
2026-06-20 22:35:55 | Epoch 1 - Batch 49 - Loss 0.180207
2026-06-20 22:35:55 | Epoch 1 - Batch 50 - Loss 0.181574
2026-06-20 22:35:55 | Epoch 1 - Batch 51 - Loss 0.171080
2026-06-20 22:35:55 | Epoch 1 - Batch 52 - Loss 0.184938
2026-06-20 22:35:55 | Epoch 1 - Batch 53 - Loss 0.181146
2026-06-20 22:35:55 | Epoch 1 - Batch 54 - Loss 0.178906
2026-06-20 22:35:55 | Epoch 1 - Batch 55 - Loss 0.180154
2026-06-20 22:35:55 | Epoch 1 - Batch 56 - Loss 0.192523
2026-06-20 22:35:55 | Epoch 1 - Batch 57 - Loss 0.175728
2026-06-20 22:35:55 | Epoch 1 - Batch 58 - Loss 0.188159
2026-06-20 22:35:56 | Epoch 1 - Batch 59 - Loss 0.182643
2026-06-20 22:35:56 | Epoch 1 - Batch 60 - Loss 0.191821
2026-06-20 22:35:56 | Epoch 1 - Batch 61 - Loss 0.194459
2026-06-20 22:35:56 | Epoch 1 - Batch 62 - Loss 0.192418
2026-06-20 22:35:56 | Epoch 1 - Batch 63 - Loss 0.188336
2026-06-20 22:35:56 | Epoch 1 - Batch 64 - Loss 0.171378
2026-06-20 22:35:56 | Epoch 1 - Batch 65 - Loss 0.174070
2026-06-20 22:35:56 | Epoch 1 - Batch 66 - Loss 0.175498
2026-06-20 22:35:56 | Epoch 1 - Batch 67 - Loss 0.172106
2026-06-20 22:35:56 | Epoch 1 - Batch 68 - Loss 0.168053
2026-06-20 22:35:56 | Epoch 1 - Batch 69 - Loss 0.181518
2026-06-20 22:35:56 | Epoch 1 - Batch 70 - Loss 0.168597
2026-06-20 22:35:57 | Epoch 1 - Batch 71 - Loss 0.166858
2026-06-20 22:35:57 | Epoch 1 - Batch 72 - Loss 0.178017
2026-06-20 22:35:57 | Epoch 1 - Batch 73 - Loss 0.171307
2026-06-20 22:35:57 | Epoch 1 - Batch 74 - Loss 0.167775
2026-06-20 22:35:57 | Epoch 1 - Batch 75 - Loss 0.165288
2026-06-20 22:35:57 | Epoch 1 - Batch 76 - Loss 0.167724
2026-06-20 22:35:57 | Epoch 1 - Batch 77 - Loss 0.167058
2026-06-20 22:35:57 | Epoch 1 - Batch 78 - Loss 0.174344
2026-06-20 22:35:57 | Epoch 1 - Batch 79 - Loss 0.164703
2026-06-20 22:35:57 | Epoch 1 - Batch 80 - Loss 0.176535
2026-06-20 22:35:57 | Epoch 1 - Batch 81 - Loss 0.164510
2026-06-20 22:35:57 | Epoch 1 - Batch 82 - Loss 0.168836
2026-06-20 22:35:57 | Epoch 1 - Batch 83 - Loss 0.162045
2026-06-20 22:35:57 | Epoch 1 - Batch 84 - Loss 0.172863
2026-06-20 22:35:58 | Epoch 1 - Batch 85 - Loss 0.159791
2026-06-20 22:35:58 | Epoch 1 - Batch 86 - Loss 0.156372
2026-06-20 22:35:58 | Epoch 1 - Batch 87 - Loss 0.163880
2026-06-20 22:35:58 | Epoch 1 - Batch 88 - Loss 0.158039
2026-06-20 22:35:58 | Epoch 1 - Batch 89 - Loss 0.164180
2026-06-20 22:35:58 | Epoch 1 - Batch 90 - Loss 0.167670
2026-06-20 22:35:58 | Epoch 1 - Batch 91 - Loss 0.155180
2026-06-20 22:35:58 | Epoch 1 - Batch 92 - Loss 0.163430
2026-06-20 22:35:58 | Epoch 1 - Batch 93 - Loss 0.164705
2026-06-20 22:35:58 | Epoch 1 - Batch 94 - Loss 0.151805
2026-06-20 22:35:58 | Epoch 1 - Batch 95 - Loss 0.160095
2026-06-20 22:35:58 | Epoch 1 - Batch 96 - Loss 0.158209
2026-06-20 22:35:58 | Epoch 1 - Batch 97 - Loss 0.156466
2026-06-20 22:35:59 | Epoch 1 - Batch 98 - Loss 0.147899
2026-06-20 22:35:59 | Epoch 1 - Batch 99 - Loss 0.159202
2026-06-20 22:35:59 | Epoch 1 - Batch 100 - Loss 0.151561
2026-06-20 22:35:59 | Epoch 1 - Batch 101 - Loss 0.154476
2026-06-20 22:35:59 | Epoch 1 - Batch 102 - Loss 0.155833
2026-06-20 22:35:59 | Epoch 1 - Batch 103 - Loss 0.151005
2026-06-20 22:35:59 | Epoch 1 - Batch 104 - Loss 0.147508
2026-06-20 22:35:59 | Epoch 1 - Batch 105 - Loss 0.151285
2026-06-20 22:35:59 | Epoch 1 - Batch 106 - Loss 0.148358
2026-06-20 22:35:59 | Epoch 1 - Batch 107 - Loss 0.147278
2026-06-20 22:35:59 | Epoch 1 - Batch 108 - Loss 0.148341
2026-06-20 22:35:59 | Epoch 1 - Batch 109 - Loss 0.160045
2026-06-20 22:35:59 | Epoch 1 - Batch 110 - Loss 0.153532
2026-06-20 22:35:59 | Epoch 1 - Batch 111 - Loss 0.154017
2026-06-20 22:35:59 | Epoch 1 - Batch 112 - Loss 0.143970
2026-06-20 22:35:59 | Epoch 1 - Batch 113 - Loss 0.149493
2026-06-20 22:35:59 | Epoch 1 - Batch 114 - Loss 0.149252
2026-06-20 22:35:59 | Epoch 1 - Batch 115 - Loss 0.140833
2026-06-20 22:36:00 | Epoch 1 - Batch 116 - Loss 0.142878
2026-06-20 22:36:00 | Epoch 1 - Batch 117 - Loss 0.146622
2026-06-20 22:36:00 | Epoch 1 - Batch 118 - Loss 0.149657
2026-06-20 22:36:00 | Epoch 1 - Batch 119 - Loss 0.140124
2026-06-20 22:36:00 | Epoch 1 - Batch 120 - Loss 0.150070
2026-06-20 22:36:00 | Epoch 1 - Batch 121 - Loss 0.148323
2026-06-20 22:36:00 | Epoch 1 - Batch 122 - Loss 0.150280
2026-06-20 22:36:00 | Epoch 1 - Batch 123 - Loss 0.139445
2026-06-20 22:36:00 | Epoch 1 - Batch 124 - Loss 0.149579
2026-06-20 22:36:00 | Epoch 1 - Batch 125 - Loss 0.146435
2026-06-20 22:36:00 | Epoch 1 - Batch 126 - Loss 0.144796
2026-06-20 22:36:00 | Epoch 1 - Batch 127 - Loss 0.148921
2026-06-20 22:36:00 | Epoch 1 - Batch 128 - Loss 0.150885
2026-06-20 22:36:00 | Epoch 1 - Batch 129 - Loss 0.139141
2026-06-20 22:36:00 | Epoch 1 - Batch 130 - Loss 0.138980
2026-06-20 22:36:01 | Epoch 1 - Batch 131 - Loss 0.143668
2026-06-20 22:36:01 | Epoch 1 - Batch 132 - Loss 0.149029
2026-06-20 22:36:01 | Epoch 1 - Batch 133 - Loss 0.138500
2026-06-20 22:36:01 | Epoch 1 - Batch 134 - Loss 0.151535
2026-06-20 22:36:01 | Epoch 1 - Batch 135 - Loss 0.134107
2026-06-20 22:36:01 | Epoch 1 - Batch 136 - Loss 0.138652
2026-06-20 22:36:01 | Epoch 1 - Batch 137 - Loss 0.138425
2026-06-20 22:36:01 | Epoch 1 - Batch 138 - Loss 0.144798
2026-06-20 22:36:01 | Epoch 1 - Batch 139 - Loss 0.143886
2026-06-20 22:36:01 | Epoch 1 - Batch 140 - Loss 0.140660
2026-06-20 22:36:01 | Epoch 1 - Batch 141 - Loss 0.134125
2026-06-20 22:36:01 | Epoch 1 - Batch 142 - Loss 0.144069
2026-06-20 22:36:01 | Epoch 1 - Batch 143 - Loss 0.138716
2026-06-20 22:36:01 | Epoch 1 - Batch 144 - Loss 0.148656
2026-06-20 22:36:01 | Epoch 1 - Batch 145 - Loss 0.140284
2026-06-20 22:36:01 | Epoch 1 - Batch 146 - Loss 0.140075
2026-06-20 22:36:01 | Epoch 1 - Batch 147 - Loss 0.136796
2026-06-20 22:36:01 | Epoch 1 - Batch 148 - Loss 0.135397
2026-06-20 22:36:01 | Epoch 1 - Batch 149 - Loss 0.132656
2026-06-20 22:36:01 | Epoch 1 - Batch 150 - Loss 0.141895
2026-06-20 22:36:01 | Epoch 1 - Batch 151 - Loss 0.139982
2026-06-20 22:36:02 | Epoch 1 - Batch 152 - Loss 0.139091
2026-06-20 22:36:02 | Epoch 1 - Batch 153 - Loss 0.136873
2026-06-20 22:36:02 | Epoch 1 - Batch 154 - Loss 0.135986
2026-06-20 22:36:02 | Epoch 1 - Batch 155 - Loss 0.133481
2026-06-20 22:36:02 | Epoch 1 - Batch 156 - Loss 0.143256
2026-06-20 22:36:02 | Epoch 1 - Batch 157 - Loss 0.135681
2026-06-20 22:36:02 | Epoch 1 - Batch 158 - Loss 0.129985
2026-06-20 22:36:02 | Epoch 1 - Batch 159 - Loss 0.133530
2026-06-20 22:36:02 | Epoch 1 - Batch 160 - Loss 0.135442
2026-06-20 22:36:02 | Epoch 1 - Batch 161 - Loss 0.135050
2026-06-20 22:36:02 | Epoch 1 - Batch 162 - Loss 0.135376
2026-06-20 22:36:02 | Epoch 1 - Batch 163 - Loss 0.133712
2026-06-20 22:36:02 | Epoch 1 - Batch 164 - Loss 0.130465
2026-06-20 22:36:02 | Epoch 1 - Batch 165 - Loss 0.133476
2026-06-20 22:36:02 | Epoch 1 - Batch 166 - Loss 0.139003
2026-06-20 22:36:02 | Epoch 1 - Batch 167 - Loss 0.132369
2026-06-20 22:36:02 | Epoch 1 - Batch 168 - Loss 0.127355
2026-06-20 22:36:02 | Epoch 1 - Batch 169 - Loss 0.129804
2026-06-20 22:36:02 | Epoch 1 - Batch 170 - Loss 0.138037
2026-06-20 22:36:03 | Epoch 1 - Batch 171 - Loss 0.139262
2026-06-20 22:36:03 | Epoch 1 - Batch 172 - Loss 0.132671
2026-06-20 22:36:03 | Epoch 1 - Batch 173 - Loss 0.131615
2026-06-20 22:36:03 | Epoch 1 - Batch 174 - Loss 0.133686
2026-06-20 22:36:03 | Epoch 1 - Batch 175 - Loss 0.128505
2026-06-20 22:36:03 | Epoch 1 - Batch 176 - Loss 0.130874
2026-06-20 22:36:03 | Epoch 1 - Batch 177 - Loss 0.124084
2026-06-20 22:36:03 | Epoch 1 - Batch 178 - Loss 0.127414
2026-06-20 22:36:03 | Epoch 1 - Batch 179 - Loss 0.125988
2026-06-20 22:36:03 | Epoch 1 - Batch 180 - Loss 0.133569
2026-06-20 22:36:03 | Epoch 1 - Batch 181 - Loss 0.132479
2026-06-20 22:36:03 | Epoch 1 - Batch 182 - Loss 0.126894
2026-06-20 22:36:03 | Epoch 1 - Batch 183 - Loss 0.130040
2026-06-20 22:36:03 | Epoch 1 - Batch 184 - Loss 0.131680
2026-06-20 22:36:03 | Epoch 1 - Batch 185 - Loss 0.125218
2026-06-20 22:36:03 | Epoch 1 - Batch 186 - Loss 0.125986
2026-06-20 22:36:03 | Epoch 1 - Batch 187 - Loss 0.133298
2026-06-20 22:36:03 | Epoch 1 - Batch 188 - Loss 0.123486
2026-06-20 22:36:03 | Epoch 1 - Batch 189 - Loss 0.123660
2026-06-20 22:36:03 | Epoch 1 - Batch 190 - Loss 0.130052
2026-06-20 22:36:03 | Epoch 1 - Batch 191 - Loss 0.128129
2026-06-20 22:36:03 | Epoch 1 - Batch 192 - Loss 0.122021
2026-06-20 22:36:03 | Epoch 1 - Batch 193 - Loss 0.131469
2026-06-20 22:36:03 | Epoch 1 - Batch 194 - Loss 0.129035
2026-06-20 22:36:03 | Epoch 1 - Batch 195 - Loss 0.123681
2026-06-20 22:36:03 | Epoch 1 - Batch 196 - Loss 0.125629
2026-06-20 22:36:03 | Epoch 1 - Batch 197 - Loss 0.127019
2026-06-20 22:36:03 | Epoch 1 - Batch 198 - Loss 0.125784
2026-06-20 22:36:04 | Epoch 1 - Batch 199 - Loss 0.125568
2026-06-20 22:36:04 | Epoch 1 - Batch 200 - Loss 0.124607
2026-06-20 22:36:04 | Epoch 1 - Batch 201 - Loss 0.127918
2026-06-20 22:36:04 | Epoch 1 - Batch 202 - Loss 0.123795
2026-06-20 22:36:04 | Epoch 1 - Batch 203 - Loss 0.124049
2026-06-20 22:36:04 | Epoch 1 - Batch 204 - Loss 0.117950
2026-06-20 22:36:04 | Epoch 1 - Batch 205 - Loss 0.120225
2026-06-20 22:36:04 | Epoch 1 - Batch 206 - Loss 0.129600
2026-06-20 22:36:04 | Epoch 1 - Batch 207 - Loss 0.118784
2026-06-20 22:36:04 | Epoch 1 - Batch 208 - Loss 0.125595
2026-06-20 22:36:04 | Epoch 1 - Batch 209 - Loss 0.121537
2026-06-20 22:36:04 | Epoch 1 - Batch 210 - Loss 0.123039
2026-06-20 22:36:04 | Epoch 1 - Batch 211 - Loss 0.117601
2026-06-20 22:36:04 | Epoch 1 - Batch 212 - Loss 0.117043
2026-06-20 22:36:04 | Epoch 1 - Batch 213 - Loss 0.121224
2026-06-20 22:36:04 | Epoch 1 - Batch 214 - Loss 0.125257
2026-06-20 22:36:04 | Epoch 1 - Batch 215 - Loss 0.125009
2026-06-20 22:36:04 | Epoch 1 - Batch 216 - Loss 0.115762
2026-06-20 22:36:04 | Epoch 1 - Batch 217 - Loss 0.118305
2026-06-20 22:36:04 | Epoch 1 - Batch 218 - Loss 0.118754
2026-06-20 22:36:04 | Epoch 1 - Batch 219 - Loss 0.118622
2026-06-20 22:36:04 | Epoch 1 - Batch 220 - Loss 0.115188
2026-06-20 22:36:04 | Epoch 1 - Batch 221 - Loss 0.117958
2026-06-20 22:36:04 | Epoch 1 - Batch 222 - Loss 0.115984
2026-06-20 22:36:04 | Epoch 1 - Batch 223 - Loss 0.116789
2026-06-20 22:36:04 | Epoch 1 - Batch 224 - Loss 0.117974
2026-06-20 22:36:04 | Epoch 1 - Batch 225 - Loss 0.120453
2026-06-20 22:36:04 | Epoch 1 - Batch 226 - Loss 0.117403
2026-06-20 22:36:04 | Epoch 1 - Batch 227 - Loss 0.115835
2026-06-20 22:36:04 | Epoch 1 - Batch 228 - Loss 0.124341
2026-06-20 22:36:05 | Epoch 1 - Batch 229 - Loss 0.116811
2026-06-20 22:36:05 | Epoch 1 - Batch 230 - Loss 0.123926
2026-06-20 22:36:05 | Epoch 1 - Batch 231 - Loss 0.115042
2026-06-20 22:36:05 | Epoch 1 - Batch 232 - Loss 0.113249
2026-06-20 22:36:05 | Epoch 1 - Batch 233 - Loss 0.121053
2026-06-20 22:36:05 | Epoch 1 - Batch 234 - Loss 0.117900
2026-06-20 22:36:05 | Epoch 1 - Batch 235 - Loss 0.119763
2026-06-20 22:36:05 | Epoch 1 - Batch 236 - Loss 0.117283
2026-06-20 22:36:05 | Epoch 1 - Batch 237 - Loss 0.114069
2026-06-20 22:36:05 | Epoch 1 - Batch 238 - Loss 0.118399
2026-06-20 22:36:05 | Epoch 1 - Batch 239 - Loss 0.116708
2026-06-20 22:36:05 | Epoch 1 - Batch 240 - Loss 0.115264
2026-06-20 22:36:05 | Epoch 1 - Batch 241 - Loss 0.117844
2026-06-20 22:36:05 | Epoch 1 - Batch 242 - Loss 0.111678
2026-06-20 22:36:05 | Epoch 1 - Batch 243 - Loss 0.116566
2026-06-20 22:36:05 | Epoch 1 - Batch 244 - Loss 0.117182
2026-06-20 22:36:05 | Epoch 1 - Batch 245 - Loss 0.114122
2026-06-20 22:36:05 | Epoch 1 - Batch 246 - Loss 0.117704
2026-06-20 22:36:05 | Epoch 1 - Batch 247 - Loss 0.114668
2026-06-20 22:36:05 | Epoch 1 - Batch 248 - Loss 0.114358
2026-06-20 22:36:05 | Epoch 1 - Batch 249 - Loss 0.116298
2026-06-20 22:36:05 | Epoch 1 - Batch 250 - Loss 0.120254
2026-06-20 22:36:05 | Epoch 1 - Batch 251 - Loss 0.112171
2026-06-20 22:36:05 | Epoch 1 - Batch 252 - Loss 0.116865
2026-06-20 22:36:05 | Epoch 1 - Batch 253 - Loss 0.122141
2026-06-20 22:36:05 | Epoch 1 - Batch 254 - Loss 0.109082
2026-06-20 22:36:05 | Epoch 1 - Batch 255 - Loss 0.117408
2026-06-20 22:36:05 | Epoch 1 - Batch 256 - Loss 0.114212
2026-06-20 22:36:05 | Epoch 1 - Batch 257 - Loss 0.111605
2026-06-20 22:36:05 | Epoch 1 - Batch 258 - Loss 0.110744
2026-06-20 22:36:06 | Epoch 1 - Batch 259 - Loss 0.113127
2026-06-20 22:36:06 | Epoch 1 - Batch 260 - Loss 0.111102
2026-06-20 22:36:06 | Epoch 1 - Batch 261 - Loss 0.108928
2026-06-20 22:36:06 | Epoch 1 - Batch 262 - Loss 0.109976
2026-06-20 22:36:06 | Epoch 1 - Batch 263 - Loss 0.108123
2026-06-20 22:36:06 | Epoch 1 - Batch 264 - Loss 0.111597
2026-06-20 22:36:06 | Epoch 1 - Batch 265 - Loss 0.110768
2026-06-20 22:36:06 | Epoch 1 - Batch 266 - Loss 0.115619
2026-06-20 22:36:06 | Epoch 1 - Batch 267 - Loss 0.109363
2026-06-20 22:36:06 | Epoch 1 - Batch 268 - Loss 0.115791
2026-06-20 22:36:06 | Epoch 1 - Batch 269 - Loss 0.111498
2026-06-20 22:36:06 | Epoch 1 - Batch 270 - Loss 0.112352
2026-06-20 22:36:06 | Epoch 1 - Batch 271 - Loss 0.113262
2026-06-20 22:36:06 | Epoch 1 - Batch 272 - Loss 0.110267
2026-06-20 22:36:06 | Epoch 1 - Batch 273 - Loss 0.105528
2026-06-20 22:36:06 | Epoch 1 - Batch 274 - Loss 0.108479
2026-06-20 22:36:06 | Epoch 1 - Batch 275 - Loss 0.121601
2026-06-20 22:36:06 | Epoch 1 - Batch 276 - Loss 0.115832
2026-06-20 22:36:06 | Epoch 1 - Batch 277 - Loss 0.108788
2026-06-20 22:36:06 | Epoch 1 - Batch 278 - Loss 0.103639
2026-06-20 22:36:06 | Epoch 1 - Batch 279 - Loss 0.108327
2026-06-20 22:36:06 | Epoch 1 - Batch 280 - Loss 0.114921
2026-06-20 22:36:06 | Epoch 1 - Batch 281 - Loss 0.107404
2026-06-20 22:36:06 | Epoch 1 - Batch 282 - Loss 0.114125
2026-06-20 22:36:06 | Epoch 1 - Batch 283 - Loss 0.107850
2026-06-20 22:36:06 | Epoch 1 - Batch 284 - Loss 0.114400
2026-06-20 22:36:06 | Epoch 1 - Batch 285 - Loss 0.108640
2026-06-20 22:36:06 | Epoch 1 - Batch 286 - Loss 0.104654
2026-06-20 22:36:06 | Epoch 1 - Batch 287 - Loss 0.108590
2026-06-20 22:36:07 | Epoch 1 - Batch 288 - Loss 0.104875
2026-06-20 22:36:07 | Epoch 1 - Batch 289 - Loss 0.108848
2026-06-20 22:36:07 | Epoch 1 - Batch 290 - Loss 0.108341
2026-06-20 22:36:07 | Epoch 1 - Batch 291 - Loss 0.115081
2026-06-20 22:36:07 | Epoch 1 - Batch 292 - Loss 0.106718
2026-06-20 22:36:07 | Epoch 1 - Batch 293 - Loss 0.109115
2026-06-20 22:36:07 | Epoch 1 - Batch 294 - Loss 0.107699
2026-06-20 22:36:07 | Epoch 1 - Batch 295 - Loss 0.107836
2026-06-20 22:36:07 | Epoch 1 - Batch 296 - Loss 0.112341
2026-06-20 22:36:07 | Epoch 1 - Batch 297 - Loss 0.107098
2026-06-20 22:36:07 | Epoch 1 - Batch 298 - Loss 0.110185
2026-06-20 22:36:07 | Epoch 1 - Batch 299 - Loss 0.107372
2026-06-20 22:36:07 | Epoch 1 - Batch 300 - Loss 0.108643
2026-06-20 22:36:07 | Epoch 1 - Batch 301 - Loss 0.105067
2026-06-20 22:36:07 | Epoch 1 - Batch 302 - Loss 0.109648
2026-06-20 22:36:07 | Epoch 1 - Batch 303 - Loss 0.108798
2026-06-20 22:36:07 | Epoch 1 - Batch 304 - Loss 0.106068
2026-06-20 22:36:07 | Epoch 1 - Batch 305 - Loss 0.106635
2026-06-20 22:36:07 | Epoch 1 - Batch 306 - Loss 0.107760
2026-06-20 22:36:07 | Epoch 1 - Batch 307 - Loss 0.109499
2026-06-20 22:36:07 | Epoch 1 - Batch 308 - Loss 0.102953
2026-06-20 22:36:07 | Epoch 1 - Batch 309 - Loss 0.110337
2026-06-20 22:36:07 | Epoch 1 - Batch 310 - Loss 0.108562
2026-06-20 22:36:07 | Epoch 1 - Batch 311 - Loss 0.110329
2026-06-20 22:36:07 | Epoch 1 - Batch 312 - Loss 0.109518
2026-06-20 22:36:07 | Epoch 1 - Batch 313 - Loss 0.109884
2026-06-20 22:36:07 | Epoch 1 - Batch 314 - Loss 0.109053
2026-06-20 22:36:07 | Epoch 1 - Batch 315 - Loss 0.103945
2026-06-20 22:36:07 | Epoch 1 - Batch 316 - Loss 0.113007
2026-06-20 22:36:07 | Epoch 1 - Batch 317 - Loss 0.103243
2026-06-20 22:36:07 | Epoch 1 - Batch 318 - Loss 0.108724
2026-06-20 22:36:08 | Epoch 1 - Batch 319 - Loss 0.106871
2026-06-20 22:36:08 | Epoch 1 - Batch 320 - Loss 0.104003
2026-06-20 22:36:08 | Epoch 1 - Batch 321 - Loss 0.107257
2026-06-20 22:36:08 | Epoch 1 - Batch 322 - Loss 0.103435
2026-06-20 22:36:08 | Epoch 1 - Batch 323 - Loss 0.104587
2026-06-20 22:36:08 | Epoch 1 - Batch 324 - Loss 0.106718
2026-06-20 22:36:08 | Epoch 1 - Batch 325 - Loss 0.107333
2026-06-20 22:36:08 | Epoch 1 - Batch 326 - Loss 0.103477
2026-06-20 22:36:08 | Epoch 1 - Batch 327 - Loss 0.104959
2026-06-20 22:36:08 | Epoch 1 - Batch 328 - Loss 0.102645
2026-06-20 22:36:08 | Epoch 1 - Batch 329 - Loss 0.105777
2026-06-20 22:36:08 | Epoch 1 - Batch 330 - Loss 0.104676
2026-06-20 22:36:08 | Epoch 1 - Batch 331 - Loss 0.106337
2026-06-20 22:36:08 | Epoch 1 - Batch 332 - Loss 0.104392
2026-06-20 22:36:08 | Epoch 1 - Batch 333 - Loss 0.105801
2026-06-20 22:36:08 | Epoch 1 - Batch 334 - Loss 0.102979
2026-06-20 22:36:08 | Epoch 1 - Batch 335 - Loss 0.102782
2026-06-20 22:36:08 | Epoch 1 - Batch 336 - Loss 0.103761
2026-06-20 22:36:08 | Epoch 1 - Batch 337 - Loss 0.102387
2026-06-20 22:36:08 | Epoch 1 - Batch 338 - Loss 0.103532
2026-06-20 22:36:08 | Epoch 1 - Batch 339 - Loss 0.107569
2026-06-20 22:36:08 | Epoch 1 - Batch 340 - Loss 0.099965
2026-06-20 22:36:08 | Epoch 1 - Batch 341 - Loss 0.097943
2026-06-20 22:36:08 | Epoch 1 - Batch 342 - Loss 0.107968
2026-06-20 22:36:08 | Epoch 1 - Batch 343 - Loss 0.104895
2026-06-20 22:36:08 | Epoch 1 - Batch 344 - Loss 0.100697
2026-06-20 22:36:08 | Epoch 1 - Batch 345 - Loss 0.104823
2026-06-20 22:36:08 | Epoch 1 - Batch 346 - Loss 0.104348
2026-06-20 22:36:08 | Epoch 1 - Batch 347 - Loss 0.101410
2026-06-20 22:36:08 | Epoch 1 - Batch 348 - Loss 0.102656
2026-06-20 22:36:09 | Epoch 1 - Batch 349 - Loss 0.104563
2026-06-20 22:36:09 | Epoch 1 - Batch 350 - Loss 0.099064
2026-06-20 22:36:09 | Epoch 1 - Batch 351 - Loss 0.105504
2026-06-20 22:36:09 | Epoch 1 - Batch 352 - Loss 0.101558
2026-06-20 22:36:09 | Epoch 1 - Batch 353 - Loss 0.101287
2026-06-20 22:36:09 | Epoch 1 - Batch 354 - Loss 0.100177
2026-06-20 22:36:09 | Epoch 1 - Batch 355 - Loss 0.105151
2026-06-20 22:36:09 | Epoch 1 - Batch 356 - Loss 0.105701
2026-06-20 22:36:09 | Epoch 1 - Batch 357 - Loss 0.102268
2026-06-20 22:36:09 | Epoch 1 - Batch 358 - Loss 0.099443
2026-06-20 22:36:09 | Epoch 1 - Batch 359 - Loss 0.099690
2026-06-20 22:36:09 | Epoch 1 - Batch 360 - Loss 0.102766
2026-06-20 22:36:09 | Epoch 1 - Batch 361 - Loss 0.100491
2026-06-20 22:36:09 | Epoch 1 - Batch 362 - Loss 0.105160
2026-06-20 22:36:09 | Epoch 1 - Batch 363 - Loss 0.101687
2026-06-20 22:36:09 | Epoch 1 - Batch 364 - Loss 0.098299
2026-06-20 22:36:09 | Epoch 1 - Batch 365 - Loss 0.101580
2026-06-20 22:36:09 | Epoch 1 - Batch 366 - Loss 0.108047
2026-06-20 22:36:09 | Epoch 1 - Batch 367 - Loss 0.103351
2026-06-20 22:36:09 | Epoch 1 - Batch 368 - Loss 0.096078
2026-06-20 22:36:09 | Epoch 1 - Batch 369 - Loss 0.104915
2026-06-20 22:36:09 | Epoch 1 - Batch 370 - Loss 0.098565
2026-06-20 22:36:09 | Epoch 1 - Batch 371 - Loss 0.100338
2026-06-20 22:36:09 | Epoch 1 - Batch 372 - Loss 0.097467
2026-06-20 22:36:09 | Epoch 1 - Batch 373 - Loss 0.098775
2026-06-20 22:36:09 | Epoch 1 - Batch 374 - Loss 0.101293
2026-06-20 22:36:09 | Epoch 1 - Batch 375 - Loss 0.100315
2026-06-20 22:36:09 | Epoch 1 - Batch 376 - Loss 0.102507
2026-06-20 22:36:09 | Epoch 1 - Batch 377 - Loss 0.099550
2026-06-20 22:36:09 | Epoch 1 - Batch 378 - Loss 0.102031
2026-06-20 22:36:10 | Epoch 1 - Batch 379 - Loss 0.098532
2026-06-20 22:36:10 | Epoch 1 - Batch 380 - Loss 0.097113
2026-06-20 22:36:10 | Epoch 1 - Batch 381 - Loss 0.101445
2026-06-20 22:36:10 | Epoch 1 - Batch 382 - Loss 0.098961
2026-06-20 22:36:10 | Epoch 1 - Batch 383 - Loss 0.102374
2026-06-20 22:36:10 | Epoch 1 - Batch 384 - Loss 0.100318
2026-06-20 22:36:10 | Epoch 1 - Batch 385 - Loss 0.099600
2026-06-20 22:36:10 | Epoch 1 - Batch 386 - Loss 0.096711
2026-06-20 22:36:10 | Epoch 1 - Batch 387 - Loss 0.095366
2026-06-20 22:36:10 | Epoch 1 - Batch 388 - Loss 0.099998
2026-06-20 22:36:10 | Epoch 1 - Batch 389 - Loss 0.094804
2026-06-20 22:36:10 | Epoch 1 - Batch 390 - Loss 0.094754
2026-06-20 22:36:10 | Epoch 1 - Batch 391 - Loss 0.098865
2026-06-20 22:36:10 | Epoch 1 - Batch 392 - Loss 0.101442
2026-06-20 22:36:10 | Epoch 1 - Batch 393 - Loss 0.101002
2026-06-20 22:36:10 | Epoch 1 - Batch 394 - Loss 0.099779
2026-06-20 22:36:10 | Epoch 1 - Batch 395 - Loss 0.103857
2026-06-20 22:36:10 | Epoch 1 - Batch 396 - Loss 0.098134
2026-06-20 22:36:10 | Epoch 1 - Batch 397 - Loss 0.096555
2026-06-20 22:36:10 | Epoch 1 - Batch 398 - Loss 0.096659
2026-06-20 22:36:10 | Epoch 1 - Batch 399 - Loss 0.095296
2026-06-20 22:36:10 | Epoch 1 - Batch 400 - Loss 0.097962
2026-06-20 22:36:10 | Epoch 1 - Batch 401 - Loss 0.098438
2026-06-20 22:36:10 | Epoch 1 - Batch 402 - Loss 0.099099
2026-06-20 22:36:10 | Epoch 1 - Batch 403 - Loss 0.096620
2026-06-20 22:36:10 | Epoch 1 - Batch 404 - Loss 0.093724
2026-06-20 22:36:10 | Epoch 1 - Batch 405 - Loss 0.096196
2026-06-20 22:36:10 | Epoch 1 - Batch 406 - Loss 0.097756
2026-06-20 22:36:10 | Epoch 1 - Batch 407 - Loss 0.097873
2026-06-20 22:36:10 | Epoch 1 - Batch 408 - Loss 0.099245
2026-06-20 22:36:11 | Epoch 1 - Batch 409 - Loss 0.096155
2026-06-20 22:36:11 | Epoch 1 - Batch 410 - Loss 0.096390
2026-06-20 22:36:11 | Epoch 1 - Batch 411 - Loss 0.098741
2026-06-20 22:36:11 | Epoch 1 - Batch 412 - Loss 0.093509
2026-06-20 22:36:11 | Epoch 1 - Batch 413 - Loss 0.099238
2026-06-20 22:36:11 | Epoch 1 - Batch 414 - Loss 0.098668
2026-06-20 22:36:11 | Epoch 1 - Batch 415 - Loss 0.098629
2026-06-20 22:36:11 | Epoch 1 - Batch 416 - Loss 0.099852
2026-06-20 22:36:11 | Epoch 1 - Batch 417 - Loss 0.099442
2026-06-20 22:36:11 | Epoch 1 - Batch 418 - Loss 0.093249
2026-06-20 22:36:11 | Epoch 1 - Batch 419 - Loss 0.097298
2026-06-20 22:36:11 | Epoch 1 - Batch 420 - Loss 0.099630
2026-06-20 22:36:11 | Epoch 1 - Batch 421 - Loss 0.094794
2026-06-20 22:36:11 | Epoch 1 - Batch 422 - Loss 0.100213
2026-06-20 22:36:11 | Epoch 1 - Batch 423 - Loss 0.095571
2026-06-20 22:36:11 | Epoch 1 - Batch 424 - Loss 0.093781
2026-06-20 22:36:11 | Epoch 1 - Batch 425 - Loss 0.101160
2026-06-20 22:36:11 | Epoch 1 - Batch 426 - Loss 0.094962
2026-06-20 22:36:11 | Epoch 1 - Batch 427 - Loss 0.098914
2026-06-20 22:36:11 | Epoch 1 - Batch 428 - Loss 0.097390
2026-06-20 22:36:11 | Epoch 1 - Batch 429 - Loss 0.097748
2026-06-20 22:36:11 | Epoch 1 - Batch 430 - Loss 0.093625
2026-06-20 22:36:11 | Epoch 1 - Batch 431 - Loss 0.098111
2026-06-20 22:36:11 | Epoch 1 - Batch 432 - Loss 0.099326
2026-06-20 22:36:11 | Epoch 1 - Batch 433 - Loss 0.099157
2026-06-20 22:36:11 | Epoch 1 - Batch 434 - Loss 0.095662
2026-06-20 22:36:11 | Epoch 1 - Batch 435 - Loss 0.099500
2026-06-20 22:36:11 | Epoch 1 - Batch 436 - Loss 0.098318
2026-06-20 22:36:11 | Epoch 1 - Batch 437 - Loss 0.102124
2026-06-20 22:36:11 | Epoch 1 - Batch 438 - Loss 0.100192
2026-06-20 22:36:12 | Epoch 1 - Batch 439 - Loss 0.094811
2026-06-20 22:36:12 | Epoch 1 - Batch 440 - Loss 0.094855
2026-06-20 22:36:12 | Epoch 1 - Batch 441 - Loss 0.095663
2026-06-20 22:36:12 | Epoch 1 - Batch 442 - Loss 0.093000
2026-06-20 22:36:12 | Epoch 1 - Batch 443 - Loss 0.098555
2026-06-20 22:36:12 | Epoch 1 - Batch 444 - Loss 0.095705
2026-06-20 22:36:12 | Epoch 1 - Batch 445 - Loss 0.098258
2026-06-20 22:36:12 | Epoch 1 - Batch 446 - Loss 0.094978
2026-06-20 22:36:12 | Epoch 1 - Batch 447 - Loss 0.093072
2026-06-20 22:36:12 | Epoch 1 - Batch 448 - Loss 0.092172
2026-06-20 22:36:12 | Epoch 1 - Batch 449 - Loss 0.096316
2026-06-20 22:36:12 | Epoch 1 - Batch 450 - Loss 0.093549
2026-06-20 22:36:12 | Epoch 1 - Batch 451 - Loss 0.090215
2026-06-20 22:36:12 | Epoch 1 - Batch 452 - Loss 0.089848
2026-06-20 22:36:12 | Epoch 1 - Batch 453 - Loss 0.094299
2026-06-20 22:36:12 | Epoch 1 - Batch 454 - Loss 0.093549
2026-06-20 22:36:12 | Epoch 1 - Batch 455 - Loss 0.096873
2026-06-20 22:36:12 | Epoch 1 - Batch 456 - Loss 0.094245
2026-06-20 22:36:12 | Epoch 1 - Batch 457 - Loss 0.097370
2026-06-20 22:36:12 | Epoch 1 - Batch 458 - Loss 0.096601
2026-06-20 22:36:12 | Epoch 1 - Batch 459 - Loss 0.092501
2026-06-20 22:36:12 | Epoch 1 - Batch 460 - Loss 0.091115
2026-06-20 22:36:12 | Epoch 1 - Batch 461 - Loss 0.097750
2026-06-20 22:36:12 | Epoch 1 - Batch 462 - Loss 0.091831
2026-06-20 22:36:12 | Epoch 1 - Batch 463 - Loss 0.090575
2026-06-20 22:36:12 | Epoch 1 - Batch 464 - Loss 0.090569
2026-06-20 22:36:12 | Epoch 1 - Batch 465 - Loss 0.095205
2026-06-20 22:36:12 | Epoch 1 - Batch 466 - Loss 0.093512
2026-06-20 22:36:12 | Epoch 1 - Batch 467 - Loss 0.095711
2026-06-20 22:36:12 | Epoch 1 - Batch 468 - Loss 0.095449
2026-06-20 22:36:12 | Epoch 1 - Batch 469 - Loss 0.093290
2026-06-20 22:36:13 | Epoch 1 - Batch 470 - Loss 0.096296
2026-06-20 22:36:13 | Epoch 1 - Batch 471 - Loss 0.090023
2026-06-20 22:36:13 | Epoch 1 - Batch 472 - Loss 0.094212
2026-06-20 22:36:13 | Epoch 1 - Batch 473 - Loss 0.097379
2026-06-20 22:36:13 | Epoch 1 - Batch 474 - Loss 0.095611
2026-06-20 22:36:13 | Epoch 1 - Batch 475 - Loss 0.092498
2026-06-20 22:36:13 | Epoch 1 - Batch 476 - Loss 0.089995
2026-06-20 22:36:13 | Epoch 1 - Batch 477 - Loss 0.091862
2026-06-20 22:36:13 | Epoch 1 - Batch 478 - Loss 0.094997
2026-06-20 22:36:13 | Epoch 1 - Batch 479 - Loss 0.098644
2026-06-20 22:36:13 | Epoch 1 - Batch 480 - Loss 0.091719
2026-06-20 22:36:13 | Epoch 1 - Batch 481 - Loss 0.097685
2026-06-20 22:36:13 | Epoch 1 - Batch 482 - Loss 0.090503
2026-06-20 22:36:13 | Epoch 1 - Batch 483 - Loss 0.094846
2026-06-20 22:36:13 | Epoch 1 - Batch 484 - Loss 0.093453
2026-06-20 22:36:13 | Epoch 1 - Batch 485 - Loss 0.091289
2026-06-20 22:36:13 | Epoch 1 - Batch 486 - Loss 0.092562
2026-06-20 22:36:13 | Epoch 1 - Batch 487 - Loss 0.091696
2026-06-20 22:36:13 | Epoch 1 - Batch 488 - Loss 0.094979
2026-06-20 22:36:13 | Epoch 1 - Batch 489 - Loss 0.094284
2026-06-20 22:36:13 | Epoch 1 - Batch 490 - Loss 0.091403
2026-06-20 22:36:13 | Epoch 1 - Batch 491 - Loss 0.092319
2026-06-20 22:36:13 | Epoch 1 - Batch 492 - Loss 0.091038
2026-06-20 22:36:13 | Epoch 1 - Batch 493 - Loss 0.090488
2026-06-20 22:36:13 | Epoch 1 - Batch 494 - Loss 0.090861
2026-06-20 22:36:13 | Epoch 1 - Batch 495 - Loss 0.091150
2026-06-20 22:36:13 | Epoch 1 - Batch 496 - Loss 0.089871
2026-06-20 22:36:13 | Epoch 1 - Batch 497 - Loss 0.094885
2026-06-20 22:36:13 | Epoch 1 - Batch 498 - Loss 0.088571
2026-06-20 22:36:13 | Epoch 1 - Batch 499 - Loss 0.091064
2026-06-20 22:36:14 | Epoch 1 - Batch 500 - Loss 0.091640
2026-06-20 22:36:14 | Epoch 1 - Batch 501 - Loss 0.089326
2026-06-20 22:36:14 | Epoch 1 - Batch 502 - Loss 0.089695
2026-06-20 22:36:14 | Epoch 1 - Batch 503 - Loss 0.090537
2026-06-20 22:36:14 | Epoch 1 - Batch 504 - Loss 0.091500
2026-06-20 22:36:14 | Epoch 1 - Batch 505 - Loss 0.086815
2026-06-20 22:36:14 | Epoch 1 - Batch 506 - Loss 0.092983
2026-06-20 22:36:14 | Epoch 1 - Batch 507 - Loss 0.090249
2026-06-20 22:36:14 | Epoch 1 - Batch 508 - Loss 0.088403
2026-06-20 22:36:14 | Epoch 1 - Batch 509 - Loss 0.089138
2026-06-20 22:36:14 | Epoch 1 - Batch 510 - Loss 0.090213
2026-06-20 22:36:14 | Epoch 1 - Batch 511 - Loss 0.094403
2026-06-20 22:36:14 | Epoch 1 - Batch 512 - Loss 0.093916
2026-06-20 22:36:14 | Epoch 1 - Batch 513 - Loss 0.090977
2026-06-20 22:36:14 | Epoch 1 - Batch 514 - Loss 0.089787
2026-06-20 22:36:14 | Epoch 1 - Batch 515 - Loss 0.093775
2026-06-20 22:36:14 | Epoch 1 - Batch 516 - Loss 0.089251
2026-06-20 22:36:14 | Epoch 1 - Batch 517 - Loss 0.088207
2026-06-20 22:36:14 | Epoch 1 - Batch 518 - Loss 0.092484
2026-06-20 22:36:14 | Epoch 1 - Batch 519 - Loss 0.091068
2026-06-20 22:36:14 | Epoch 1 - Batch 520 - Loss 0.092830
2026-06-20 22:36:14 | Epoch 1 - Batch 521 - Loss 0.091869
2026-06-20 22:36:14 | Epoch 1 - Batch 522 - Loss 0.093498
2026-06-20 22:36:14 | Epoch 1 - Batch 523 - Loss 0.086170
2026-06-20 22:36:14 | Epoch 1 - Batch 524 - Loss 0.089803
2026-06-20 22:36:14 | Epoch 1 - Batch 525 - Loss 0.090471
2026-06-20 22:36:14 | Epoch 1 - Batch 526 - Loss 0.087030
2026-06-20 22:36:14 | Epoch 1 - Batch 527 - Loss 0.090169
2026-06-20 22:36:14 | Epoch 1 - Batch 528 - Loss 0.088256
2026-06-20 22:36:14 | Epoch 1 - Batch 529 - Loss 0.088100
2026-06-20 22:36:15 | Epoch 1 - Batch 530 - Loss 0.088817
2026-06-20 22:36:15 | Epoch 1 - Batch 531 - Loss 0.088325
2026-06-20 22:36:15 | Epoch 1 - Batch 532 - Loss 0.092952
2026-06-20 22:36:15 | Epoch 1 - Batch 533 - Loss 0.090363
2026-06-20 22:36:15 | Epoch 1 - Batch 534 - Loss 0.087419
2026-06-20 22:36:15 | Epoch 1 - Batch 535 - Loss 0.088344
2026-06-20 22:36:15 | Epoch 1 - Batch 536 - Loss 0.086587
2026-06-20 22:36:15 | Epoch 1 - Batch 537 - Loss 0.090658
2026-06-20 22:36:15 | Epoch 1 - Batch 538 - Loss 0.091049
2026-06-20 22:36:15 | Epoch 1 - Batch 539 - Loss 0.088046
2026-06-20 22:36:15 | Epoch 1 - Batch 540 - Loss 0.088861
2026-06-20 22:36:15 | Epoch 1 - Batch 541 - Loss 0.086747
2026-06-20 22:36:15 | Epoch 1 - Batch 542 - Loss 0.087416
2026-06-20 22:36:15 | Epoch 1 - Batch 543 - Loss 0.091667
2026-06-20 22:36:15 | Epoch 1 - Batch 544 - Loss 0.086909
2026-06-20 22:36:15 | Epoch 1 - Batch 545 - Loss 0.086793
2026-06-20 22:36:15 | Epoch 1 - Batch 546 - Loss 0.090045
2026-06-20 22:36:15 | Epoch 1 - Batch 547 - Loss 0.089944
2026-06-20 22:36:15 | Epoch 1 - Batch 548 - Loss 0.090482
2026-06-20 22:36:15 | Epoch 1 - Batch 549 - Loss 0.089223
2026-06-20 22:36:15 | Epoch 1 - Batch 550 - Loss 0.087592
2026-06-20 22:36:15 | Epoch 1 - Batch 551 - Loss 0.089174
2026-06-20 22:36:15 | Epoch 1 - Batch 552 - Loss 0.089921
2026-06-20 22:36:15 | Epoch 1 - Batch 553 - Loss 0.091073
2026-06-20 22:36:15 | Epoch 1 - Batch 554 - Loss 0.090454
2026-06-20 22:36:15 | Epoch 1 - Batch 555 - Loss 0.086540
2026-06-20 22:36:15 | Epoch 1 - Batch 556 - Loss 0.089648
2026-06-20 22:36:15 | Epoch 1 - Batch 557 - Loss 0.089641
2026-06-20 22:36:15 | Epoch 1 - Batch 558 - Loss 0.090144
2026-06-20 22:36:15 | Epoch 1 - Batch 559 - Loss 0.087485
2026-06-20 22:36:16 | Epoch 1 - Batch 560 - Loss 0.088312
2026-06-20 22:36:16 | Epoch 1 - Batch 561 - Loss 0.092658
2026-06-20 22:36:16 | Epoch 1 - Batch 562 - Loss 0.090275
2026-06-20 22:36:16 | Epoch 1 - Batch 563 - Loss 0.083141
2026-06-20 22:36:16 | Epoch 1 - Batch 564 - Loss 0.092176
2026-06-20 22:36:16 | Epoch 1 - Batch 565 - Loss 0.088731
2026-06-20 22:36:16 | Epoch 1 - Batch 566 - Loss 0.089455
2026-06-20 22:36:16 | Epoch 1 - Batch 567 - Loss 0.088235
2026-06-20 22:36:16 | Epoch 1 - Batch 568 - Loss 0.093334
2026-06-20 22:36:16 | Epoch 1 - Batch 569 - Loss 0.087817
2026-06-20 22:36:16 | Epoch 1 - Batch 570 - Loss 0.087817
2026-06-20 22:36:16 | Epoch 1 - Batch 571 - Loss 0.089918
2026-06-20 22:36:16 | Epoch 1 - Batch 572 - Loss 0.085523
2026-06-20 22:36:16 | Epoch 1 - Batch 573 - Loss 0.090890
2026-06-20 22:36:16 | Epoch 1 - Batch 574 - Loss 0.084592
2026-06-20 22:36:16 | Epoch 1 - Batch 575 - Loss 0.088182
2026-06-20 22:36:16 | Epoch 1 - Batch 576 - Loss 0.091307
2026-06-20 22:36:16 | Epoch 1 - Batch 577 - Loss 0.095610
2026-06-20 22:36:16 | Epoch 1 - Batch 578 - Loss 0.091188
2026-06-20 22:36:16 | Epoch 1 - Batch 579 - Loss 0.089376
2026-06-20 22:36:16 | Epoch 1 - Batch 580 - Loss 0.084969
2026-06-20 22:36:16 | Epoch 1 - Batch 581 - Loss 0.088714
2026-06-20 22:36:16 | Epoch 1 - Batch 582 - Loss 0.086626
2026-06-20 22:36:16 | Epoch 1 - Batch 583 - Loss 0.090274
2026-06-20 22:36:16 | Epoch 1 - Batch 584 - Loss 0.087606
2026-06-20 22:36:16 | Epoch 1 - Batch 585 - Loss 0.086452
2026-06-20 22:36:16 | Epoch 1 - Batch 586 - Loss 0.085447
2026-06-20 22:36:16 | Epoch 1 - Batch 587 - Loss 0.089388
2026-06-20 22:36:16 | Epoch 1 - Batch 588 - Loss 0.088492
2026-06-20 22:36:16 | Epoch 1 - Batch 589 - Loss 0.092102
2026-06-20 22:36:16 | Epoch 1 - Batch 590 - Loss 0.090323
2026-06-20 22:36:17 | Epoch 1 - Batch 591 - Loss 0.086210
2026-06-20 22:36:17 | Epoch 1 - Batch 592 - Loss 0.085532
2026-06-20 22:36:17 | Epoch 1 - Batch 593 - Loss 0.089664
2026-06-20 22:36:17 | Epoch 1 - Batch 594 - Loss 0.086980
2026-06-20 22:36:17 | Epoch 1 - Batch 595 - Loss 0.088222
2026-06-20 22:36:17 | Epoch 1 - Batch 596 - Loss 0.090493
2026-06-20 22:36:17 | Epoch 1 - Batch 597 - Loss 0.084766
2026-06-20 22:36:17 | Epoch 1 - Batch 598 - Loss 0.087224
2026-06-20 22:36:17 | Epoch 1 - Batch 599 - Loss 0.086962
2026-06-20 22:36:17 | Epoch 1 - Batch 600 - Loss 0.082846
2026-06-20 22:36:17 | Epoch 1 - Batch 601 - Loss 0.089970
2026-06-20 22:36:17 | Epoch 1 - Batch 602 - Loss 0.090936
2026-06-20 22:36:17 | Epoch 1 - Batch 603 - Loss 0.085692
2026-06-20 22:36:17 | Epoch 1 - Batch 604 - Loss 0.085260
2026-06-20 22:36:17 | Epoch 1 - Batch 605 - Loss 0.083917
2026-06-20 22:36:17 | Epoch 1 - Batch 606 - Loss 0.090650
2026-06-20 22:36:17 | Epoch 1 - Batch 607 - Loss 0.088256
2026-06-20 22:36:17 | Epoch 1 - Batch 608 - Loss 0.087956
2026-06-20 22:36:17 | Epoch 1 - Batch 609 - Loss 0.086248
2026-06-20 22:36:17 | Epoch 1 - Batch 610 - Loss 0.084341
2026-06-20 22:36:17 | Epoch 1 - Batch 611 - Loss 0.085090
2026-06-20 22:36:17 | Epoch 1 - Batch 612 - Loss 0.083588
2026-06-20 22:36:17 | Epoch 1 - Batch 613 - Loss 0.086159
2026-06-20 22:36:17 | Epoch 1 - Batch 614 - Loss 0.085912
2026-06-20 22:36:17 | Epoch 1 - Batch 615 - Loss 0.086728
2026-06-20 22:36:17 | Epoch 1 - Batch 616 - Loss 0.081256
2026-06-20 22:36:17 | Epoch 1 - Batch 617 - Loss 0.086745
2026-06-20 22:36:17 | Epoch 1 - Batch 618 - Loss 0.084272
2026-06-20 22:36:17 | Epoch 1 - Batch 619 - Loss 0.085489
2026-06-20 22:36:17 | Epoch 1 - Batch 620 - Loss 0.086048
2026-06-20 22:36:18 | Epoch 1 - Batch 621 - Loss 0.083697
2026-06-20 22:36:18 | Epoch 1 - Batch 622 - Loss 0.084274
2026-06-20 22:36:18 | Epoch 1 - Batch 623 - Loss 0.085392
2026-06-20 22:36:18 | Epoch 1 - Batch 624 - Loss 0.082858
2026-06-20 22:36:18 | Epoch 1 - Batch 625 - Loss 0.084280
2026-06-20 22:36:18 | Epoch 1 - Batch 626 - Loss 0.087250
2026-06-20 22:36:18 | Epoch 1 - Batch 627 - Loss 0.079975
2026-06-20 22:36:18 | Epoch 1 - Batch 628 - Loss 0.088453
2026-06-20 22:36:18 | Epoch 1 - Batch 629 - Loss 0.084354
2026-06-20 22:36:18 | Epoch 1 - Batch 630 - Loss 0.090974
2026-06-20 22:36:18 | Epoch 1 - Batch 631 - Loss 0.087649
2026-06-20 22:36:18 | Epoch 1 - Batch 632 - Loss 0.085022
2026-06-20 22:36:18 | Epoch 1 - Batch 633 - Loss 0.081564
2026-06-20 22:36:18 | Epoch 1 - Batch 634 - Loss 0.082372
2026-06-20 22:36:18 | Epoch 1 - Batch 635 - Loss 0.085809
2026-06-20 22:36:18 | Epoch 1 - Batch 636 - Loss 0.081769
2026-06-20 22:36:18 | Epoch 1 - Batch 637 - Loss 0.083082
2026-06-20 22:36:18 | Epoch 1 - Batch 638 - Loss 0.086709
2026-06-20 22:36:18 | Epoch 1 - Batch 639 - Loss 0.086874
2026-06-20 22:36:18 | Epoch 1 - Batch 640 - Loss 0.083457
2026-06-20 22:36:18 | Epoch 1 - Batch 641 - Loss 0.084049
2026-06-20 22:36:18 | Epoch 1 - Batch 642 - Loss 0.085575
2026-06-20 22:36:18 | Epoch 1 - Batch 643 - Loss 0.085733
2026-06-20 22:36:18 | Epoch 1 - Batch 644 - Loss 0.087845
2026-06-20 22:36:18 | Epoch 1 - Batch 645 - Loss 0.083477
2026-06-20 22:36:18 | Epoch 1 - Batch 646 - Loss 0.084280
2026-06-20 22:36:18 | Epoch 1 - Batch 647 - Loss 0.082820
2026-06-20 22:36:18 | Epoch 1 - Batch 648 - Loss 0.087221
2026-06-20 22:36:18 | Epoch 1 - Batch 649 - Loss 0.081365
2026-06-20 22:36:18 | Epoch 1 - Batch 650 - Loss 0.085324
2026-06-20 22:36:19 | Epoch 1 - Batch 651 - Loss 0.085516
2026-06-20 22:36:19 | Epoch 1 - Batch 652 - Loss 0.084814
2026-06-20 22:36:19 | Epoch 1 - Batch 653 - Loss 0.081959
2026-06-20 22:36:19 | Epoch 1 - Batch 654 - Loss 0.082747
2026-06-20 22:36:19 | Epoch 1 - Batch 655 - Loss 0.082611
2026-06-20 22:36:19 | Epoch 1 - Batch 656 - Loss 0.084138
2026-06-20 22:36:19 | Epoch 1 - Batch 657 - Loss 0.081959
2026-06-20 22:36:19 | Epoch 1 - Batch 658 - Loss 0.085204
2026-06-20 22:36:19 | Epoch 1 - Batch 659 - Loss 0.084009
2026-06-20 22:36:19 | Epoch 1 - Batch 660 - Loss 0.081067
2026-06-20 22:36:19 | Epoch 1 - Batch 661 - Loss 0.085391
2026-06-20 22:36:19 | Epoch 1 - Batch 662 - Loss 0.085385
2026-06-20 22:36:19 | Epoch 1 - Batch 663 - Loss 0.083627
2026-06-20 22:36:19 | Epoch 1 - Batch 664 - Loss 0.083122
2026-06-20 22:36:19 | Epoch 1 - Batch 665 - Loss 0.084692
2026-06-20 22:36:19 | Epoch 1 - Batch 666 - Loss 0.081980
2026-06-20 22:36:19 | Epoch 1 - Batch 667 - Loss 0.083121
2026-06-20 22:36:19 | Epoch 1 - Batch 668 - Loss 0.084174
2026-06-20 22:36:19 | Epoch 1 - Batch 669 - Loss 0.085979
2026-06-20 22:36:19 | Epoch 1 - Batch 670 - Loss 0.082449
2026-06-20 22:36:19 | Epoch 1 - Batch 671 - Loss 0.086904
2026-06-20 22:36:19 | Epoch 1 - Batch 672 - Loss 0.083831
2026-06-20 22:36:19 | Epoch 1 - Batch 673 - Loss 0.084300
2026-06-20 22:36:19 | Epoch 1 - Batch 674 - Loss 0.079892
2026-06-20 22:36:19 | Epoch 1 - Batch 675 - Loss 0.080642
2026-06-20 22:36:19 | Epoch 1 - Batch 676 - Loss 0.083932
2026-06-20 22:36:19 | Epoch 1 - Batch 677 - Loss 0.082999
2026-06-20 22:36:19 | Epoch 1 - Batch 678 - Loss 0.085986
2026-06-20 22:36:19 | Epoch 1 - Batch 679 - Loss 0.083195
2026-06-20 22:36:19 | Epoch 1 - Batch 680 - Loss 0.083247
2026-06-20 22:36:20 | Epoch 1 - Batch 681 - Loss 0.080017
2026-06-20 22:36:20 | Epoch 1 - Batch 682 - Loss 0.085255
2026-06-20 22:36:20 | Epoch 1 - Batch 683 - Loss 0.083471
2026-06-20 22:36:20 | Epoch 1 - Batch 684 - Loss 0.082170
2026-06-20 22:36:20 | Epoch 1 - Batch 685 - Loss 0.085786
2026-06-20 22:36:20 | Epoch 1 - Batch 686 - Loss 0.086686
2026-06-20 22:36:20 | Epoch 1 - Batch 687 - Loss 0.080418
2026-06-20 22:36:20 | Epoch 1 - Batch 688 - Loss 0.084481
2026-06-20 22:36:20 | Epoch 1 - Batch 689 - Loss 0.084850
2026-06-20 22:36:20 | Epoch 1 - Batch 690 - Loss 0.082254
2026-06-20 22:36:20 | Epoch 1 - Batch 691 - Loss 0.088496
2026-06-20 22:36:20 | Epoch 1 - Batch 692 - Loss 0.081569
2026-06-20 22:36:20 | Epoch 1 - Batch 693 - Loss 0.085111
2026-06-20 22:36:20 | Epoch 1 - Batch 694 - Loss 0.081346
2026-06-20 22:36:20 | Epoch 1 - Batch 695 - Loss 0.081007
2026-06-20 22:36:20 | Epoch 1 - Batch 696 - Loss 0.080801
2026-06-20 22:36:20 | Epoch 1 - Batch 697 - Loss 0.084954
2026-06-20 22:36:20 | Epoch 1 - Batch 698 - Loss 0.084247
2026-06-20 22:36:20 | Epoch 1 - Batch 699 - Loss 0.085736
2026-06-20 22:36:20 | Epoch 1 - Batch 700 - Loss 0.082382
2026-06-20 22:36:20 | Epoch 1 - Batch 701 - Loss 0.083514
2026-06-20 22:36:20 | Epoch 1 - Batch 702 - Loss 0.080189
2026-06-20 22:36:20 | Epoch 1 - Batch 703 - Loss 0.079213
2026-06-20 22:36:20 | Epoch 1 - Batch 704 - Loss 0.085094
2026-06-20 22:36:20 | Epoch 1 - Batch 705 - Loss 0.082590
2026-06-20 22:36:20 | Epoch 1 - Batch 706 - Loss 0.082358
2026-06-20 22:36:20 | Epoch 1 - Batch 707 - Loss 0.087145
2026-06-20 22:36:20 | Epoch 1 - Batch 708 - Loss 0.081844
2026-06-20 22:36:20 | Epoch 1 - Batch 709 - Loss 0.084000
2026-06-20 22:36:20 | Epoch 1 - Batch 710 - Loss 0.083398
2026-06-20 22:36:20 | Epoch 1 - Batch 711 - Loss 0.085673
2026-06-20 22:36:21 | Epoch 1 - Batch 712 - Loss 0.080498
2026-06-20 22:36:21 | Epoch 1 - Batch 713 - Loss 0.083406
2026-06-20 22:36:21 | Epoch 1 - Batch 714 - Loss 0.083954
2026-06-20 22:36:21 | Epoch 1 - Batch 715 - Loss 0.084516
2026-06-20 22:36:21 | Epoch 1 - Batch 716 - Loss 0.081267
2026-06-20 22:36:21 | Epoch 1 - Batch 717 - Loss 0.086513
2026-06-20 22:36:21 | Epoch 1 - Batch 718 - Loss 0.086500
2026-06-20 22:36:21 | Epoch 1 - Batch 719 - Loss 0.081721
2026-06-20 22:36:21 | Epoch 1 - Batch 720 - Loss 0.082302
2026-06-20 22:36:21 | Epoch 1 - Batch 721 - Loss 0.080408
2026-06-20 22:36:21 | Epoch 1 - Batch 722 - Loss 0.082713
2026-06-20 22:36:21 | Epoch 1 - Batch 723 - Loss 0.079470
2026-06-20 22:36:21 | Epoch 1 - Batch 724 - Loss 0.085326
2026-06-20 22:36:21 | Epoch 1 - Batch 725 - Loss 0.080463
2026-06-20 22:36:21 | Epoch 1 - Batch 726 - Loss 0.078071
2026-06-20 22:36:21 | Epoch 1 - Batch 727 - Loss 0.079851
2026-06-20 22:36:21 | Epoch 1 - Batch 728 - Loss 0.084593
2026-06-20 22:36:21 | Epoch 1 - Batch 729 - Loss 0.081383
2026-06-20 22:36:21 | Epoch 1 - Batch 730 - Loss 0.083881
2026-06-20 22:36:21 | Epoch 1 - Batch 731 - Loss 0.078880
2026-06-20 22:36:21 | Epoch 1 - Batch 732 - Loss 0.081992
2026-06-20 22:36:21 | Epoch 1 - Batch 733 - Loss 0.081056
2026-06-20 22:36:21 | Epoch 1 - Batch 734 - Loss 0.083377
2026-06-20 22:36:21 | Epoch 1 - Batch 735 - Loss 0.083200
2026-06-20 22:36:21 | Epoch 1 - Batch 736 - Loss 0.080659
2026-06-20 22:36:21 | Epoch 1 - Batch 737 - Loss 0.080986
2026-06-20 22:36:21 | Epoch 1 - Batch 738 - Loss 0.080365
2026-06-20 22:36:21 | Epoch 1 - Batch 739 - Loss 0.082764
2026-06-20 22:36:21 | Epoch 1 - Batch 740 - Loss 0.082844
2026-06-20 22:36:21 | Epoch 1 - Batch 741 - Loss 0.080417
2026-06-20 22:36:22 | Epoch 1 - Batch 742 - Loss 0.081777
2026-06-20 22:36:22 | Epoch 1 - Batch 743 - Loss 0.080610
2026-06-20 22:36:22 | Epoch 1 - Batch 744 - Loss 0.080367
2026-06-20 22:36:22 | Epoch 1 - Batch 745 - Loss 0.084666
2026-06-20 22:36:22 | Epoch 1 - Batch 746 - Loss 0.079495
2026-06-20 22:36:22 | Epoch 1 - Batch 747 - Loss 0.081808
2026-06-20 22:36:22 | Epoch 1 - Batch 748 - Loss 0.081592
2026-06-20 22:36:22 | Epoch 1 - Batch 749 - Loss 0.084416
2026-06-20 22:36:22 | Epoch 1 - Batch 750 - Loss 0.076646
2026-06-20 22:36:22 | Epoch 1 - Batch 751 - Loss 0.080860
2026-06-20 22:36:22 | Epoch 1 - Batch 752 - Loss 0.082679
2026-06-20 22:36:22 | Epoch 1 - Batch 753 - Loss 0.080061
2026-06-20 22:36:22 | Epoch 1 - Batch 754 - Loss 0.077223
2026-06-20 22:36:22 | Epoch 1 - Batch 755 - Loss 0.082812
2026-06-20 22:36:22 | Epoch 1 - Batch 756 - Loss 0.078523
2026-06-20 22:36:22 | Epoch 1 - Batch 757 - Loss 0.080744
2026-06-20 22:36:22 | Epoch 1 - Batch 758 - Loss 0.077617
2026-06-20 22:36:22 | Epoch 1 - Batch 759 - Loss 0.082010
2026-06-20 22:36:22 | Epoch 1 - Batch 760 - Loss 0.079156
2026-06-20 22:36:22 | Epoch 1 - Batch 761 - Loss 0.078464
2026-06-20 22:36:22 | Epoch 1 - Batch 762 - Loss 0.080443
2026-06-20 22:36:22 | Epoch 1 - Batch 763 - Loss 0.084195
2026-06-20 22:36:22 | Epoch 1 - Batch 764 - Loss 0.078748
2026-06-20 22:36:22 | Epoch 1 - Batch 765 - Loss 0.076999
2026-06-20 22:36:22 | Epoch 1 - Batch 766 - Loss 0.080275
2026-06-20 22:36:22 | Epoch 1 - Batch 767 - Loss 0.083389
2026-06-20 22:36:22 | Epoch 1 - Batch 768 - Loss 0.079775
2026-06-20 22:36:22 | Epoch 1 - Batch 769 - Loss 0.082580
2026-06-20 22:36:22 | Epoch 1 - Batch 770 - Loss 0.082797
2026-06-20 22:36:22 | Epoch 1 - Batch 771 - Loss 0.082255
2026-06-20 22:36:23 | Epoch 1 - Batch 772 - Loss 0.080396
2026-06-20 22:36:23 | Epoch 1 - Batch 773 - Loss 0.078313
2026-06-20 22:36:23 | Epoch 1 - Batch 774 - Loss 0.080474
2026-06-20 22:36:23 | Epoch 1 - Batch 775 - Loss 0.078987
2026-06-20 22:36:23 | Epoch 1 - Batch 776 - Loss 0.081766
2026-06-20 22:36:23 | Epoch 1 - Batch 777 - Loss 0.083180
2026-06-20 22:36:23 | Epoch 1 - Batch 778 - Loss 0.083747
2026-06-20 22:36:23 | Epoch 1 - Batch 779 - Loss 0.082281
2026-06-20 22:36:23 | Epoch 1 - Batch 780 - Loss 0.080046
2026-06-20 22:36:23 | Epoch 1 - Batch 781 - Loss 0.079912
2026-06-20 22:36:23 | Epoch 1 - Batch 782 - Loss 0.080577
2026-06-20 22:36:23 | Epoch 1 - Batch 783 - Loss 0.081115
2026-06-20 22:36:23 | Epoch 1 - Batch 784 - Loss 0.082733
2026-06-20 22:36:23 | Epoch 1 - Batch 785 - Loss 0.080015
2026-06-20 22:36:23 | Epoch 1 - Batch 786 - Loss 0.083435
2026-06-20 22:36:23 | Epoch 1 - Batch 787 - Loss 0.077839
2026-06-20 22:36:23 | Epoch 1 - Batch 788 - Loss 0.082047
2026-06-20 22:36:23 | Epoch 1 - Batch 789 - Loss 0.080146
2026-06-20 22:36:23 | Epoch 1 - Batch 790 - Loss 0.079206
2026-06-20 22:36:23 | Epoch 1 - Batch 791 - Loss 0.080348
2026-06-20 22:36:23 | Epoch 1 - Batch 792 - Loss 0.080308
2026-06-20 22:36:23 | Epoch 1 - Batch 793 - Loss 0.081959
2026-06-20 22:36:23 | Epoch 1 - Batch 794 - Loss 0.081863
2026-06-20 22:36:23 | Epoch 1 - Batch 795 - Loss 0.079306
2026-06-20 22:36:23 | Epoch 1 - Batch 796 - Loss 0.082901
2026-06-20 22:36:23 | Epoch 1 - Batch 797 - Loss 0.080891
2026-06-20 22:36:23 | Epoch 1 - Batch 798 - Loss 0.081121
2026-06-20 22:36:23 | Epoch 1 - Batch 799 - Loss 0.078470
2026-06-20 22:36:23 | Epoch 1 - Batch 800 - Loss 0.076762
2026-06-20 22:36:23 | Epoch 1 - Batch 801 - Loss 0.078367
2026-06-20 22:36:24 | Epoch 1 - Batch 802 - Loss 0.078094
2026-06-20 22:36:24 | Epoch 1 - Batch 803 - Loss 0.078039
2026-06-20 22:36:24 | Epoch 1 - Batch 804 - Loss 0.080011
2026-06-20 22:36:24 | Epoch 1 - Batch 805 - Loss 0.082030
2026-06-20 22:36:24 | Epoch 1 - Batch 806 - Loss 0.081454
2026-06-20 22:36:24 | Epoch 1 - Batch 807 - Loss 0.077683
2026-06-20 22:36:24 | Epoch 1 - Batch 808 - Loss 0.077061
2026-06-20 22:36:24 | Epoch 1 - Batch 809 - Loss 0.078112
2026-06-20 22:36:24 | Epoch 1 - Batch 810 - Loss 0.082629
2026-06-20 22:36:24 | Epoch 1 - Batch 811 - Loss 0.079993
2026-06-20 22:36:24 | Epoch 1 - Batch 812 - Loss 0.077370
2026-06-20 22:36:24 | Epoch 1 - Batch 813 - Loss 0.078211
2026-06-20 22:36:24 | Epoch 1 - Batch 814 - Loss 0.081274
2026-06-20 22:36:24 | Epoch 1 - Batch 815 - Loss 0.080387
2026-06-20 22:36:24 | Epoch 1 - Batch 816 - Loss 0.083407
2026-06-20 22:36:24 | Epoch 1 - Batch 817 - Loss 0.080175
2026-06-20 22:36:24 | Epoch 1 - Batch 818 - Loss 0.077899
2026-06-20 22:36:24 | Epoch 1 - Batch 819 - Loss 0.080909
2026-06-20 22:36:24 | Epoch 1 - Batch 820 - Loss 0.077565
2026-06-20 22:36:24 | Epoch 1 - Batch 821 - Loss 0.078826
2026-06-20 22:36:24 | Epoch 1 - Batch 822 - Loss 0.077818
2026-06-20 22:36:24 | Epoch 1 - Batch 823 - Loss 0.078250
2026-06-20 22:36:24 | Epoch 1 - Batch 824 - Loss 0.079412
2026-06-20 22:36:24 | Epoch 1 - Batch 825 - Loss 0.081735
2026-06-20 22:36:24 | Epoch 1 - Batch 826 - Loss 0.078204
2026-06-20 22:36:24 | Epoch 1 - Batch 827 - Loss 0.077920
2026-06-20 22:36:24 | Epoch 1 - Batch 828 - Loss 0.078135
2026-06-20 22:36:24 | Epoch 1 - Batch 829 - Loss 0.075957
2026-06-20 22:36:24 | Epoch 1 - Batch 830 - Loss 0.082459
2026-06-20 22:36:24 | Epoch 1 - Batch 831 - Loss 0.078772
2026-06-20 22:36:24 | Epoch 1 - Batch 832 - Loss 0.078444
2026-06-20 22:36:25 | Epoch 1 - Batch 833 - Loss 0.077460
2026-06-20 22:36:25 | Epoch 1 - Batch 834 - Loss 0.075549
2026-06-20 22:36:25 | Epoch 1 - Batch 835 - Loss 0.079475
2026-06-20 22:36:25 | Epoch 1 - Batch 836 - Loss 0.080517
2026-06-20 22:36:25 | Epoch 1 - Batch 837 - Loss 0.078014
2026-06-20 22:36:25 | Epoch 1 - Batch 838 - Loss 0.079124
2026-06-20 22:36:25 | Epoch 1 - Batch 839 - Loss 0.077091
2026-06-20 22:36:25 | Epoch 1 - Batch 840 - Loss 0.080112
2026-06-20 22:36:25 | Epoch 1 - Batch 841 - Loss 0.080391
2026-06-20 22:36:25 | Epoch 1 - Batch 842 - Loss 0.075052
2026-06-20 22:36:25 | Epoch 1 - Batch 843 - Loss 0.075255
2026-06-20 22:36:25 | Epoch 1 - Batch 844 - Loss 0.078054
2026-06-20 22:36:25 | Epoch 1 - Batch 845 - Loss 0.079168
2026-06-20 22:36:25 | Epoch 1 - Batch 846 - Loss 0.077492
2026-06-20 22:36:25 | Epoch 1 - Batch 847 - Loss 0.076814
2026-06-20 22:36:25 | Epoch 1 - Batch 848 - Loss 0.076140
2026-06-20 22:36:25 | Epoch 1 - Batch 849 - Loss 0.076027
2026-06-20 22:36:25 | Epoch 1 - Batch 850 - Loss 0.077864
2026-06-20 22:36:25 | Epoch 1 - Batch 851 - Loss 0.077223
2026-06-20 22:36:25 | Epoch 1 - Batch 852 - Loss 0.078578
2026-06-20 22:36:25 | Epoch 1 - Batch 853 - Loss 0.077726
2026-06-20 22:36:25 | Epoch 1 - Batch 854 - Loss 0.079647
2026-06-20 22:36:25 | Epoch 1 - Batch 855 - Loss 0.078608
2026-06-20 22:36:25 | Epoch 1 - Batch 856 - Loss 0.079383
2026-06-20 22:36:25 | Epoch 1 - Batch 857 - Loss 0.075612
2026-06-20 22:36:25 | Epoch 1 - Batch 858 - Loss 0.075280
2026-06-20 22:36:25 | Epoch 1 - Batch 859 - Loss 0.076733
2026-06-20 22:36:25 | Epoch 1 - Batch 860 - Loss 0.079103
2026-06-20 22:36:25 | Epoch 1 - Batch 861 - Loss 0.077189
2026-06-20 22:36:25 | Epoch 1 - Batch 862 - Loss 0.077940
2026-06-20 22:36:26 | Epoch 1 - Batch 863 - Loss 0.081653
2026-06-20 22:36:26 | Epoch 1 - Batch 864 - Loss 0.076736
2026-06-20 22:36:26 | Epoch 1 - Batch 865 - Loss 0.078267
2026-06-20 22:36:26 | Epoch 1 - Batch 866 - Loss 0.078792
2026-06-20 22:36:26 | Epoch 1 - Batch 867 - Loss 0.081790
2026-06-20 22:36:26 | Epoch 1 - Batch 868 - Loss 0.078027
2026-06-20 22:36:26 | Epoch 1 - Batch 869 - Loss 0.079338
2026-06-20 22:36:26 | Epoch 1 - Batch 870 - Loss 0.077467
2026-06-20 22:36:26 | Epoch 1 - Batch 871 - Loss 0.078853
2026-06-20 22:36:26 | Epoch 1 - Batch 872 - Loss 0.075859
2026-06-20 22:36:26 | Epoch 1 - Batch 873 - Loss 0.076904
2026-06-20 22:36:26 | Epoch 1 - Batch 874 - Loss 0.075983
2026-06-20 22:36:26 | Epoch 1 - Batch 875 - Loss 0.075560
2026-06-20 22:36:26 | Epoch 1 - Batch 876 - Loss 0.079133
2026-06-20 22:36:26 | Epoch 1 - Batch 877 - Loss 0.077250
2026-06-20 22:36:26 | Epoch 1 - Batch 878 - Loss 0.075964
2026-06-20 22:36:26 | Epoch 1 - Batch 879 - Loss 0.075904
2026-06-20 22:36:26 | Epoch 1 - Batch 880 - Loss 0.075685
2026-06-20 22:36:26 | Epoch 1 - Batch 881 - Loss 0.078377
2026-06-20 22:36:26 | Epoch 1 - Batch 882 - Loss 0.079355
2026-06-20 22:36:26 | Epoch 1 - Batch 883 - Loss 0.079242
2026-06-20 22:36:26 | Epoch 1 - Batch 884 - Loss 0.073937
2026-06-20 22:36:26 | Epoch 1 - Batch 885 - Loss 0.075670
2026-06-20 22:36:26 | Epoch 1 - Batch 886 - Loss 0.082049
2026-06-20 22:36:26 | Epoch 1 - Batch 887 - Loss 0.074917
2026-06-20 22:36:26 | Epoch 1 - Batch 888 - Loss 0.075700
2026-06-20 22:36:26 | Epoch 1 - Batch 889 - Loss 0.078879
2026-06-20 22:36:26 | Epoch 1 - Batch 890 - Loss 0.083504
2026-06-20 22:36:26 | Epoch 1 - Batch 891 - Loss 0.077016
2026-06-20 22:36:26 | Epoch 1 - Batch 892 - Loss 0.077291
2026-06-20 22:36:27 | Epoch 1 - Batch 893 - Loss 0.078125
2026-06-20 22:36:27 | Epoch 1 - Batch 894 - Loss 0.076274
2026-06-20 22:36:27 | Epoch 1 - Batch 895 - Loss 0.074548
2026-06-20 22:36:27 | Epoch 1 - Batch 896 - Loss 0.078855
2026-06-20 22:36:27 | Epoch 1 - Batch 897 - Loss 0.077961
2026-06-20 22:36:27 | Epoch 1 - Batch 898 - Loss 0.075122
2026-06-20 22:36:27 | Epoch 1 - Batch 899 - Loss 0.078479
2026-06-20 22:36:27 | Epoch 1 - Batch 900 - Loss 0.080271
2026-06-20 22:36:27 | Epoch 1 - Batch 901 - Loss 0.076220
2026-06-20 22:36:27 | Epoch 1 - Batch 902 - Loss 0.080053
2026-06-20 22:36:27 | Epoch 1 - Batch 903 - Loss 0.075107
2026-06-20 22:36:27 | Epoch 1 - Batch 904 - Loss 0.079229
2026-06-20 22:36:27 | Epoch 1 - Batch 905 - Loss 0.076082
2026-06-20 22:36:27 | Epoch 1 - Batch 906 - Loss 0.077645
2026-06-20 22:36:27 | Epoch 1 - Batch 907 - Loss 0.079309
2026-06-20 22:36:27 | Epoch 1 - Batch 908 - Loss 0.076133
2026-06-20 22:36:27 | Epoch 1 - Batch 909 - Loss 0.076163
2026-06-20 22:36:27 | Epoch 1 - Batch 910 - Loss 0.080750
2026-06-20 22:36:27 | Epoch 1 - Batch 911 - Loss 0.076001
2026-06-20 22:36:27 | Epoch 1 - Batch 912 - Loss 0.079135
2026-06-20 22:36:27 | Epoch 1 - Batch 913 - Loss 0.078295
2026-06-20 22:36:27 | Epoch 1 - Batch 914 - Loss 0.078132
2026-06-20 22:36:27 | Epoch 1 - Batch 915 - Loss 0.075900
2026-06-20 22:36:27 | Epoch 1 - Batch 916 - Loss 0.075919
2026-06-20 22:36:27 | Epoch 1 - Batch 917 - Loss 0.076356
2026-06-20 22:36:27 | Epoch 1 - Batch 918 - Loss 0.077573
2026-06-20 22:36:27 | Epoch 1 - Batch 919 - Loss 0.077166
2026-06-20 22:36:27 | Epoch 1 - Batch 920 - Loss 0.079219
2026-06-20 22:36:27 | Epoch 1 - Batch 921 - Loss 0.075656
2026-06-20 22:36:27 | Epoch 1 - Batch 922 - Loss 0.079023
2026-06-20 22:36:28 | Epoch 1 - Batch 923 - Loss 0.076022
2026-06-20 22:36:28 | Epoch 1 - Batch 924 - Loss 0.073670
2026-06-20 22:36:28 | Epoch 1 - Batch 925 - Loss 0.077042
2026-06-20 22:36:28 | Epoch 1 - Batch 926 - Loss 0.073669
2026-06-20 22:36:28 | Epoch 1 - Batch 927 - Loss 0.077223
2026-06-20 22:36:28 | Epoch 1 - Batch 928 - Loss 0.075661
2026-06-20 22:36:28 | Epoch 1 - Batch 929 - Loss 0.076049
2026-06-20 22:36:28 | Epoch 1 - Batch 930 - Loss 0.076185
2026-06-20 22:36:28 | Epoch 1 - Batch 931 - Loss 0.077469
2026-06-20 22:36:28 | Epoch 1 - Batch 932 - Loss 0.078230
2026-06-20 22:36:28 | Epoch 1 - Batch 933 - Loss 0.075950
2026-06-20 22:36:28 | Epoch 1 - Batch 934 - Loss 0.076275
2026-06-20 22:36:28 | Epoch 1 - Batch 935 - Loss 0.077929
2026-06-20 22:36:28 | Epoch 1 - Batch 936 - Loss 0.077648
2026-06-20 22:36:28 | Epoch 1 - Batch 937 - Loss 0.081152
2026-06-20 22:36:28 | Epoch 1 - Batch 938 - Loss 0.076744
2026-06-20 22:36:28 | Epoch 1 - Batch 939 - Loss 0.075838
2026-06-20 22:36:28 | Epoch 1 - Batch 940 - Loss 0.076551
2026-06-20 22:36:28 | Epoch 1 - Batch 941 - Loss 0.075935
2026-06-20 22:36:28 | Epoch 1 - Batch 942 - Loss 0.081202
2026-06-20 22:36:28 | Epoch 1 - Batch 943 - Loss 0.071223
2026-06-20 22:36:28 | Epoch 1 - Batch 944 - Loss 0.077214
2026-06-20 22:36:28 | Epoch 1 - Batch 945 - Loss 0.076146
2026-06-20 22:36:28 | Epoch 1 - Batch 946 - Loss 0.080502
2026-06-20 22:36:28 | Epoch 1 - Batch 947 - Loss 0.077327
2026-06-20 22:36:28 | Epoch 1 - Batch 948 - Loss 0.076606
2026-06-20 22:36:28 | Epoch 1 - Batch 949 - Loss 0.079376
2026-06-20 22:36:28 | Epoch 1 - Batch 950 - Loss 0.076937
2026-06-20 22:36:28 | Epoch 1 - Batch 951 - Loss 0.077031
2026-06-20 22:36:28 | Epoch 1 - Batch 952 - Loss 0.076322
2026-06-20 22:36:28 | Epoch 1 - Batch 953 - Loss 0.076157
2026-06-20 22:36:29 | Epoch 1 - Batch 954 - Loss 0.074293
2026-06-20 22:36:29 | Epoch 1 - Batch 955 - Loss 0.078775
2026-06-20 22:36:29 | Epoch 1 - Batch 956 - Loss 0.076530
2026-06-20 22:36:29 | Epoch 1 - Batch 957 - Loss 0.074763
2026-06-20 22:36:29 | Epoch 1 - Batch 958 - Loss 0.078399
2026-06-20 22:36:29 | Epoch 1 - Batch 959 - Loss 0.077061
2026-06-20 22:36:29 | Epoch 1 - Batch 960 - Loss 0.074370
2026-06-20 22:36:29 | Epoch 1 - Batch 961 - Loss 0.077459
2026-06-20 22:36:29 | Epoch 1 - Batch 962 - Loss 0.073532
2026-06-20 22:36:29 | Epoch 1 - Batch 963 - Loss 0.076963
2026-06-20 22:36:29 | Epoch 1 - Batch 964 - Loss 0.076655
2026-06-20 22:36:29 | Epoch 1 - Batch 965 - Loss 0.076430
2026-06-20 22:36:29 | Epoch 1 - Batch 966 - Loss 0.076510
2026-06-20 22:36:29 | Epoch 1 - Batch 967 - Loss 0.071970
2026-06-20 22:36:29 | Epoch 1 - Batch 968 - Loss 0.080968
2026-06-20 22:36:29 | Epoch 1 - Batch 969 - Loss 0.074765
2026-06-20 22:36:29 | Epoch 1 - Batch 970 - Loss 0.072687
2026-06-20 22:36:29 | Epoch 1 - Batch 971 - Loss 0.074810
2026-06-20 22:36:29 | Epoch 1 - Batch 972 - Loss 0.074558
2026-06-20 22:36:29 | Epoch 1 - Batch 973 - Loss 0.073191
2026-06-20 22:36:29 | Epoch 1 - Batch 974 - Loss 0.074245
2026-06-20 22:36:29 | Epoch 1 - Batch 975 - Loss 0.077676
2026-06-20 22:36:29 | Epoch 1 - Batch 976 - Loss 0.077196
2026-06-20 22:36:29 | Epoch 1 - Batch 977 - Loss 0.078883
2026-06-20 22:36:29 | Epoch 1 - Batch 978 - Loss 0.077571
2026-06-20 22:36:29 | Epoch 1 - Batch 979 - Loss 0.072150
2026-06-20 22:36:29 | Epoch 1 - Batch 980 - Loss 0.076616
2026-06-20 22:36:29 | Epoch 1 - Batch 981 - Loss 0.074111
2026-06-20 22:36:29 | Epoch 1 - Batch 982 - Loss 0.073650
2026-06-20 22:36:29 | Epoch 1 - Batch 983 - Loss 0.072437
2026-06-20 22:36:30 | Epoch 1 - Batch 984 - Loss 0.073543
2026-06-20 22:36:30 | Epoch 1 - Batch 985 - Loss 0.073947
2026-06-20 22:36:30 | Epoch 1 - Batch 986 - Loss 0.080169
2026-06-20 22:36:30 | Epoch 1 - Batch 987 - Loss 0.073738
2026-06-20 22:36:30 | Epoch 1 - Batch 988 - Loss 0.074540
2026-06-20 22:36:30 | Epoch 1 - Batch 989 - Loss 0.077992
2026-06-20 22:36:30 | Epoch 1 - Batch 990 - Loss 0.076552
2026-06-20 22:36:30 | Epoch 1 - Batch 991 - Loss 0.071114
2026-06-20 22:36:30 | Epoch 1 - Batch 992 - Loss 0.076610
2026-06-20 22:36:30 | Epoch 1 - Batch 993 - Loss 0.074450
2026-06-20 22:36:30 | Epoch 1 - Batch 994 - Loss 0.073585
2026-06-20 22:36:30 | Epoch 1 - Batch 995 - Loss 0.074788
2026-06-20 22:36:30 | Epoch 1 - Batch 996 - Loss 0.077021
2026-06-20 22:36:30 | Epoch 1 - Batch 997 - Loss 0.073385
2026-06-20 22:36:30 | Epoch 1 - Batch 998 - Loss 0.074249
2026-06-20 22:36:30 | Epoch 1 - Batch 999 - Loss 0.078348
2026-06-20 22:36:30 | Epoch 1 - Batch 1000 - Loss 0.072806
2026-06-20 22:36:30 | Epoch 1 - Batch 1001 - Loss 0.077462
2026-06-20 22:36:30 | Epoch 1 - Batch 1002 - Loss 0.075716
2026-06-20 22:36:30 | Epoch 1 - Batch 1003 - Loss 0.075668
2026-06-20 22:36:30 | Epoch 1 - Batch 1004 - Loss 0.076608
2026-06-20 22:36:30 | Epoch 1 - Batch 1005 - Loss 0.076242
2026-06-20 22:36:30 | Epoch 1 - Batch 1006 - Loss 0.072556
2026-06-20 22:36:30 | Epoch 1 - Batch 1007 - Loss 0.075653
2026-06-20 22:36:30 | Epoch 1 - Batch 1008 - Loss 0.074689
2026-06-20 22:36:30 | Epoch 1 - Batch 1009 - Loss 0.073531
2026-06-20 22:36:30 | Epoch 1 - Batch 1010 - Loss 0.078037
2026-06-20 22:36:30 | Epoch 1 - Batch 1011 - Loss 0.073700
2026-06-20 22:36:30 | Epoch 1 - Batch 1012 - Loss 0.073130
2026-06-20 22:36:30 | Epoch 1 - Batch 1013 - Loss 0.072126
2026-06-20 22:36:31 | Epoch 1 - Batch 1014 - Loss 0.074450
2026-06-20 22:36:31 | Epoch 1 - Batch 1015 - Loss 0.077158
2026-06-20 22:36:31 | Epoch 1 - Batch 1016 - Loss 0.072754
2026-06-20 22:36:31 | Epoch 1 - Batch 1017 - Loss 0.070283
2026-06-20 22:36:31 | Epoch 1 - Batch 1018 - Loss 0.072950
2026-06-20 22:36:31 | Epoch 1 - Batch 1019 - Loss 0.076030
2026-06-20 22:36:31 | Epoch 1 - Batch 1020 - Loss 0.074692
2026-06-20 22:36:31 | Epoch 1 - Batch 1021 - Loss 0.072347
2026-06-20 22:36:31 | Epoch 1 - Batch 1022 - Loss 0.074215
2026-06-20 22:36:31 | Epoch 1 - Batch 1023 - Loss 0.071843
2026-06-20 22:36:31 | Epoch 1 - Batch 1024 - Loss 0.072957
2026-06-20 22:36:31 | Epoch 1 - Batch 1025 - Loss 0.073490
2026-06-20 22:36:31 | Epoch 1 - Batch 1026 - Loss 0.073723
2026-06-20 22:36:31 | Epoch 1 - Batch 1027 - Loss 0.075337
2026-06-20 22:36:31 | Epoch 1 - Batch 1028 - Loss 0.072985
2026-06-20 22:36:31 | Epoch 1 - Batch 1029 - Loss 0.076789
2026-06-20 22:36:31 | Epoch 1 - Batch 1030 - Loss 0.078046
2026-06-20 22:36:31 | Epoch 1 - Batch 1031 - Loss 0.077430
2026-06-20 22:36:31 | Epoch 1 - Batch 1032 - Loss 0.072614
2026-06-20 22:36:31 | Epoch 1 - Batch 1033 - Loss 0.073289
2026-06-20 22:36:31 | Epoch 1 - Batch 1034 - Loss 0.075756
2026-06-20 22:36:31 | Epoch 1 - Batch 1035 - Loss 0.074968
2026-06-20 22:36:31 | Epoch 1 - Batch 1036 - Loss 0.074328
2026-06-20 22:36:31 | Epoch 1 - Batch 1037 - Loss 0.073610
2026-06-20 22:36:31 | Epoch 1 - Batch 1038 - Loss 0.073641
2026-06-20 22:36:31 | Epoch 1 - Batch 1039 - Loss 0.073661
2026-06-20 22:36:31 | Epoch 1 - Batch 1040 - Loss 0.073185
2026-06-20 22:36:31 | Epoch 1 - Batch 1041 - Loss 0.071541
2026-06-20 22:36:31 | Epoch 1 - Batch 1042 - Loss 0.075957
2026-06-20 22:36:31 | Epoch 1 - Batch 1043 - Loss 0.072781
2026-06-20 22:36:31 | Epoch 1 - Batch 1044 - Loss 0.073969
2026-06-20 22:36:32 | Epoch 1 - Batch 1045 - Loss 0.073483
2026-06-20 22:36:32 | Epoch 1 - Batch 1046 - Loss 0.074707
2026-06-20 22:36:32 | Epoch 1 - Batch 1047 - Loss 0.072921
2026-06-20 22:36:32 | Epoch 1 - Batch 1048 - Loss 0.074622
2026-06-20 22:36:32 | Epoch 1 - Batch 1049 - Loss 0.069586
2026-06-20 22:36:32 | Epoch 1 - Batch 1050 - Loss 0.074084
2026-06-20 22:36:32 | Epoch 1 - Batch 1051 - Loss 0.071159
2026-06-20 22:36:32 | Epoch 1 - Batch 1052 - Loss 0.073710
2026-06-20 22:36:32 | Epoch 1 - Batch 1053 - Loss 0.075513
2026-06-20 22:36:32 | Epoch 1 - Batch 1054 - Loss 0.075843
2026-06-20 22:36:32 | Epoch 1 - Batch 1055 - Loss 0.075414
2026-06-20 22:36:32 | Epoch 1 - Batch 1056 - Loss 0.076005
2026-06-20 22:36:32 | Epoch 1 - Batch 1057 - Loss 0.075995
2026-06-20 22:36:32 | Epoch 1 - Batch 1058 - Loss 0.074130
2026-06-20 22:36:32 | Epoch 1 - Batch 1059 - Loss 0.074580
2026-06-20 22:36:32 | Epoch 1 - Batch 1060 - Loss 0.073844
2026-06-20 22:36:32 | Epoch 1 - Batch 1061 - Loss 0.072284
2026-06-20 22:36:32 | Epoch 1 - Batch 1062 - Loss 0.070766
2026-06-20 22:36:32 | Epoch 1 - Batch 1063 - Loss 0.071561
2026-06-20 22:36:32 | Epoch 1 - Batch 1064 - Loss 0.070482
2026-06-20 22:36:32 | Epoch 1 - Batch 1065 - Loss 0.074508
2026-06-20 22:36:32 | Epoch 1 - Batch 1066 - Loss 0.073158
2026-06-20 22:36:32 | Epoch 1 - Batch 1067 - Loss 0.076469
2026-06-20 22:36:32 | Epoch 1 - Batch 1068 - Loss 0.074171
2026-06-20 22:36:32 | Epoch 1 - Batch 1069 - Loss 0.070360
2026-06-20 22:36:32 | Epoch 1 - Batch 1070 - Loss 0.071873
2026-06-20 22:36:32 | Epoch 1 - Batch 1071 - Loss 0.073770
2026-06-20 22:36:32 | Epoch 1 - Batch 1072 - Loss 0.072444
2026-06-20 22:36:32 | Epoch 1 - Batch 1073 - Loss 0.073182
2026-06-20 22:36:32 | Epoch 1 - Batch 1074 - Loss 0.072581
2026-06-20 22:36:33 | Epoch 1 - Batch 1075 - Loss 0.074465
2026-06-20 22:36:33 | Epoch 1 - Batch 1076 - Loss 0.070285
2026-06-20 22:36:33 | Epoch 1 - Batch 1077 - Loss 0.070904
2026-06-20 22:36:33 | Epoch 1 - Batch 1078 - Loss 0.070949
2026-06-20 22:36:33 | Epoch 1 - Batch 1079 - Loss 0.072020
2026-06-20 22:36:33 | Epoch 1 - Batch 1080 - Loss 0.073686
2026-06-20 22:36:33 | Epoch 1 - Batch 1081 - Loss 0.074708
2026-06-20 22:36:33 | Epoch 1 - Batch 1082 - Loss 0.072728
2026-06-20 22:36:33 | Epoch 1 - Batch 1083 - Loss 0.075384
2026-06-20 22:36:33 | Epoch 1 - Batch 1084 - Loss 0.074039
2026-06-20 22:36:33 | Epoch 1 - Batch 1085 - Loss 0.074870
2026-06-20 22:36:33 | Epoch 1 - Batch 1086 - Loss 0.072410
2026-06-20 22:36:33 | Epoch 1 - Batch 1087 - Loss 0.073864
2026-06-20 22:36:33 | Epoch 1 - Batch 1088 - Loss 0.071966
2026-06-20 22:36:33 | Epoch 1 - Batch 1089 - Loss 0.072948
2026-06-20 22:36:33 | Epoch 1 - Batch 1090 - Loss 0.072007
2026-06-20 22:36:33 | Epoch 1 - Batch 1091 - Loss 0.074631
2026-06-20 22:36:33 | Epoch 1 - Batch 1092 - Loss 0.073737
2026-06-20 22:36:33 | Epoch 1 - Batch 1093 - Loss 0.071178
2026-06-20 22:36:33 | Epoch 1 - Batch 1094 - Loss 0.073016
2026-06-20 22:36:33 | Epoch 1 - Batch 1095 - Loss 0.073775
2026-06-20 22:36:33 | Epoch 1 - Batch 1096 - Loss 0.071981
2026-06-20 22:36:33 | Epoch 1 - Batch 1097 - Loss 0.073041
2026-06-20 22:36:33 | Epoch 1 - Batch 1098 - Loss 0.072561
2026-06-20 22:36:33 | Epoch 1 - Batch 1099 - Loss 0.074629
2026-06-20 22:36:33 | Epoch 1 - Batch 1100 - Loss 0.071950
2026-06-20 22:36:33 | Epoch 1 - Batch 1101 - Loss 0.073047
2026-06-20 22:36:33 | Epoch 1 - Batch 1102 - Loss 0.072197
2026-06-20 22:36:33 | Epoch 1 - Batch 1103 - Loss 0.071930
2026-06-20 22:36:33 | Epoch 1 - Batch 1104 - Loss 0.070944
2026-06-20 22:36:33 | Epoch 1 - Batch 1105 - Loss 0.071181
2026-06-20 22:36:34 | Epoch 1 - Batch 1106 - Loss 0.072795
2026-06-20 22:36:34 | Epoch 1 - Batch 1107 - Loss 0.076390
2026-06-20 22:36:34 | Epoch 1 - Batch 1108 - Loss 0.072423
2026-06-20 22:36:34 | Epoch 1 - Batch 1109 - Loss 0.069759
2026-06-20 22:36:34 | Epoch 1 - Batch 1110 - Loss 0.071433
2026-06-20 22:36:34 | Epoch 1 - Batch 1111 - Loss 0.072962
2026-06-20 22:36:34 | Epoch 1 - Batch 1112 - Loss 0.074453
2026-06-20 22:36:34 | Epoch 1 - Batch 1113 - Loss 0.068058
2026-06-20 22:36:34 | Epoch 1 - Batch 1114 - Loss 0.074647
2026-06-20 22:36:34 | Epoch 1 - Batch 1115 - Loss 0.071895
2026-06-20 22:36:34 | Epoch 1 - Batch 1116 - Loss 0.074125
2026-06-20 22:36:34 | Epoch 1 - Batch 1117 - Loss 0.074123
2026-06-20 22:36:34 | Epoch 1 - Batch 1118 - Loss 0.074052
2026-06-20 22:36:34 | Epoch 1 - Batch 1119 - Loss 0.071541
2026-06-20 22:36:34 | Epoch 1 - Batch 1120 - Loss 0.070858
2026-06-20 22:36:34 | Epoch 1 - Batch 1121 - Loss 0.072650
2026-06-20 22:36:34 | Epoch 1 - Batch 1122 - Loss 0.071553
2026-06-20 22:36:34 | Epoch 1 - Batch 1123 - Loss 0.074585
2026-06-20 22:36:34 | Epoch 1 - Batch 1124 - Loss 0.070151
2026-06-20 22:36:34 | Epoch 1 - Batch 1125 - Loss 0.069679
2026-06-20 22:36:34 | Epoch 1 - Batch 1126 - Loss 0.071099
2026-06-20 22:36:34 | Epoch 1 - Batch 1127 - Loss 0.073230
2026-06-20 22:36:34 | Epoch 1 - Batch 1128 - Loss 0.070005
2026-06-20 22:36:34 | Epoch 1 - Batch 1129 - Loss 0.071106
2026-06-20 22:36:34 | Epoch 1 - Batch 1130 - Loss 0.071969
2026-06-20 22:36:34 | Epoch 1 - Batch 1131 - Loss 0.074458
2026-06-20 22:36:34 | Epoch 1 - Batch 1132 - Loss 0.072678
2026-06-20 22:36:34 | Epoch 1 - Batch 1133 - Loss 0.073855
2026-06-20 22:36:34 | Epoch 1 - Batch 1134 - Loss 0.071530
2026-06-20 22:36:34 | Epoch 1 - Batch 1135 - Loss 0.075637
2026-06-20 22:36:35 | Epoch 1 - Batch 1136 - Loss 0.072521
2026-06-20 22:36:35 | Epoch 1 - Batch 1137 - Loss 0.072455
2026-06-20 22:36:35 | Epoch 1 - Batch 1138 - Loss 0.072155
2026-06-20 22:36:35 | Epoch 1 - Batch 1139 - Loss 0.072288
2026-06-20 22:36:35 | Epoch 1 - Batch 1140 - Loss 0.071176
2026-06-20 22:36:35 | Epoch 1 - Batch 1141 - Loss 0.072796
2026-06-20 22:36:35 | Epoch 1 - Batch 1142 - Loss 0.068618
2026-06-20 22:36:35 | Epoch 1 - Batch 1143 - Loss 0.070435
2026-06-20 22:36:35 | Epoch 1 - Batch 1144 - Loss 0.072623
2026-06-20 22:36:35 | Epoch 1 - Batch 1145 - Loss 0.070472
2026-06-20 22:36:35 | Epoch 1 - Batch 1146 - Loss 0.073223
2026-06-20 22:36:35 | Epoch 1 - Batch 1147 - Loss 0.070471
2026-06-20 22:36:35 | Epoch 1 - Batch 1148 - Loss 0.071739
2026-06-20 22:36:35 | Epoch 1 - Batch 1149 - Loss 0.069528
2026-06-20 22:36:35 | Epoch 1 - Batch 1150 - Loss 0.076086
2026-06-20 22:36:59 | New global best checkpoint saved: /lustre/home/ziya/GNN/GraphWeather5p625/experiments/raw_5p625_full50_new01/best_ckpt.tar using valid_S10=0.366619
2026-06-20 22:36:59 | New best S=1 checkpoint saved: best_ckpt_S1.tar using valid_S1=0.076395
2026-06-20 22:36:59 | Epoch 1 finished in 75.54 sec | train 0.076086 S=1 | valid 0.076395 S=1 | valid_S1 0.076395 valid_S10 0.366619 valid_S10_final 0.609542 valid_S1_final 0.076395 valid_S2 0.117079 valid_S2_final 0.157763 valid_S4 0.188212 valid_S4_final 0.292199 valid_S6 0.253145 valid_S6_final 0.411478 valid_S8 0.311891 valid_S8_final 0.512855 | lr 1.00e-04
2026-06-20 22:37:00 | Epoch 2 - Batch 0 - Loss 0.070046
2026-06-20 22:37:00 | Epoch 2 - Batch 1 - Loss 0.072300
2026-06-20 22:37:00 | Epoch 2 - Batch 2 - Loss 0.073302
2026-06-20 22:37:00 | Epoch 2 - Batch 3 - Loss 0.070913
2026-06-20 22:37:00 | Epoch 2 - Batch 4 - Loss 0.066492
2026-06-20 22:37:00 | Epoch 2 - Batch 5 - Loss 0.072131
2026-06-20 22:37:00 | Epoch 2 - Batch 6 - Loss 0.068872
2026-06-20 22:37:00 | Epoch 2 - Batch 7 - Loss 0.072749
2026-06-20 22:37:00 | Epoch 2 - Batch 8 - Loss 0.072653
2026-06-20 22:37:00 | Epoch 2 - Batch 9 - Loss 0.077349
2026-06-20 22:37:00 | Epoch 2 - Batch 10 - Loss 0.070115
2026-06-20 22:37:00 | Epoch 2 - Batch 11 - Loss 0.070857
2026-06-20 22:37:00 | Epoch 2 - Batch 12 - Loss 0.071514
2026-06-20 22:37:00 | Epoch 2 - Batch 13 - Loss 0.070176
2026-06-20 22:37:00 | Epoch 2 - Batch 14 - Loss 0.070928
2026-06-20 22:37:00 | Epoch 2 - Batch 15 - Loss 0.071438
2026-06-20 22:37:00 | Epoch 2 - Batch 16 - Loss 0.072668
2026-06-20 22:37:00 | Epoch 2 - Batch 17 - Loss 0.072142
2026-06-20 22:37:00 | Epoch 2 - Batch 18 - Loss 0.071835
2026-06-20 22:37:00 | Epoch 2 - Batch 19 - Loss 0.069716
2026-06-20 22:37:00 | Epoch 2 - Batch 20 - Loss 0.073814
2026-06-20 22:37:00 | Epoch 2 - Batch 21 - Loss 0.071021
2026-06-20 22:37:00 | Epoch 2 - Batch 22 - Loss 0.072570
2026-06-20 22:37:00 | Epoch 2 - Batch 23 - Loss 0.068967
2026-06-20 22:37:00 | Epoch 2 - Batch 24 - Loss 0.074539
2026-06-20 22:37:00 | Epoch 2 - Batch 25 - Loss 0.070078
2026-06-20 22:37:01 | Epoch 2 - Batch 26 - Loss 0.073789
2026-06-20 22:37:01 | Epoch 2 - Batch 27 - Loss 0.071506
2026-06-20 22:37:01 | Epoch 2 - Batch 28 - Loss 0.073284
2026-06-20 22:37:01 | Epoch 2 - Batch 29 - Loss 0.069165
2026-06-20 22:37:01 | Epoch 2 - Batch 30 - Loss 0.074862
2026-06-20 22:37:01 | Epoch 2 - Batch 31 - Loss 0.070040
2026-06-20 22:37:01 | Epoch 2 - Batch 32 - Loss 0.071664
2026-06-20 22:37:01 | Epoch 2 - Batch 33 - Loss 0.072068
2026-06-20 22:37:01 | Epoch 2 - Batch 34 - Loss 0.070263
2026-06-20 22:37:01 | Epoch 2 - Batch 35 - Loss 0.073143
2026-06-20 22:37:01 | Epoch 2 - Batch 36 - Loss 0.070292
2026-06-20 22:37:01 | Epoch 2 - Batch 37 - Loss 0.071345
2026-06-20 22:37:01 | Epoch 2 - Batch 38 - Loss 0.071554
2026-06-20 22:37:01 | Epoch 2 - Batch 39 - Loss 0.073728
2026-06-20 22:37:01 | Epoch 2 - Batch 40 - Loss 0.071102
2026-06-20 22:37:01 | Epoch 2 - Batch 41 - Loss 0.072539
2026-06-20 22:37:01 | Epoch 2 - Batch 42 - Loss 0.069881
2026-06-20 22:37:01 | Epoch 2 - Batch 43 - Loss 0.070827
2026-06-20 22:37:01 | Epoch 2 - Batch 44 - Loss 0.071334
2026-06-20 22:37:01 | Epoch 2 - Batch 45 - Loss 0.071074
2026-06-20 22:37:01 | Epoch 2 - Batch 46 - Loss 0.071968
2026-06-20 22:37:01 | Epoch 2 - Batch 47 - Loss 0.071904
2026-06-20 22:37:01 | Epoch 2 - Batch 48 - Loss 0.072424
2026-06-20 22:37:01 | Epoch 2 - Batch 49 - Loss 0.075046
2026-06-20 22:37:01 | Epoch 2 - Batch 50 - Loss 0.069584
2026-06-20 22:37:01 | Epoch 2 - Batch 51 - Loss 0.068887
2026-06-20 22:37:01 | Epoch 2 - Batch 52 - Loss 0.073365
2026-06-20 22:37:01 | Epoch 2 - Batch 53 - Loss 0.070232
2026-06-20 22:37:01 | Epoch 2 - Batch 54 - Loss 0.068334
2026-06-20 22:37:01 | Epoch 2 - Batch 55 - Loss 0.069143
2026-06-20 22:37:02 | Epoch 2 - Batch 56 - Loss 0.072127
2026-06-20 22:37:02 | Epoch 2 - Batch 57 - Loss 0.068859
2026-06-20 22:37:02 | Epoch 2 - Batch 58 - Loss 0.072042
2026-06-20 22:37:02 | Epoch 2 - Batch 59 - Loss 0.070691
2026-06-20 22:37:02 | Epoch 2 - Batch 60 - Loss 0.071256
2026-06-20 22:37:02 | Epoch 2 - Batch 61 - Loss 0.070067
2026-06-20 22:37:02 | Epoch 2 - Batch 62 - Loss 0.070372
2026-06-20 22:37:02 | Epoch 2 - Batch 63 - Loss 0.070295
2026-06-20 22:37:02 | Epoch 2 - Batch 64 - Loss 0.072971
2026-06-20 22:37:02 | Epoch 2 - Batch 65 - Loss 0.068989
2026-06-20 22:37:02 | Epoch 2 - Batch 66 - Loss 0.068976
2026-06-20 22:37:02 | Epoch 2 - Batch 67 - Loss 0.069678
2026-06-20 22:37:02 | Epoch 2 - Batch 68 - Loss 0.071320
2026-06-20 22:37:02 | Epoch 2 - Batch 69 - Loss 0.068591
2026-06-20 22:37:02 | Epoch 2 - Batch 70 - Loss 0.069553
2026-06-20 22:37:02 | Epoch 2 - Batch 71 - Loss 0.068197
2026-06-20 22:37:02 | Epoch 2 - Batch 72 - Loss 0.072529
2026-06-20 22:37:02 | Epoch 2 - Batch 73 - Loss 0.072095
2026-06-20 22:37:02 | Epoch 2 - Batch 74 - Loss 0.071010
2026-06-20 22:37:02 | Epoch 2 - Batch 75 - Loss 0.070152
2026-06-20 22:37:02 | Epoch 2 - Batch 76 - Loss 0.072175
2026-06-20 22:37:02 | Epoch 2 - Batch 77 - Loss 0.071794
2026-06-20 22:37:02 | Epoch 2 - Batch 78 - Loss 0.069710
2026-06-20 22:37:02 | Epoch 2 - Batch 79 - Loss 0.069689
2026-06-20 22:37:02 | Epoch 2 - Batch 80 - Loss 0.072260
2026-06-20 22:37:02 | Epoch 2 - Batch 81 - Loss 0.069061
2026-06-20 22:37:02 | Epoch 2 - Batch 82 - Loss 0.070781
2026-06-20 22:37:02 | Epoch 2 - Batch 83 - Loss 0.070161
2026-06-20 22:37:02 | Epoch 2 - Batch 84 - Loss 0.069747
2026-06-20 22:37:02 | Epoch 2 - Batch 85 - Loss 0.069660
2026-06-20 22:37:03 | Epoch 2 - Batch 86 - Loss 0.071670
2026-06-20 22:37:03 | Epoch 2 - Batch 87 - Loss 0.072964
2026-06-20 22:37:03 | Epoch 2 - Batch 88 - Loss 0.071466
2026-06-20 22:37:03 | Epoch 2 - Batch 89 - Loss 0.069479
2026-06-20 22:37:03 | Epoch 2 - Batch 90 - Loss 0.072587
2026-06-20 22:37:03 | Epoch 2 - Batch 91 - Loss 0.071429
2026-06-20 22:37:03 | Epoch 2 - Batch 92 - Loss 0.069957
2026-06-20 22:37:03 | Epoch 2 - Batch 93 - Loss 0.068917
2026-06-20 22:37:03 | Epoch 2 - Batch 94 - Loss 0.069874
2026-06-20 22:37:03 | Epoch 2 - Batch 95 - Loss 0.069479
2026-06-20 22:37:03 | Epoch 2 - Batch 96 - Loss 0.070386
2026-06-20 22:37:03 | Epoch 2 - Batch 97 - Loss 0.067421
2026-06-20 22:37:03 | Epoch 2 - Batch 98 - Loss 0.067424
2026-06-20 22:37:03 | Epoch 2 - Batch 99 - Loss 0.071838
2026-06-20 22:37:03 | Epoch 2 - Batch 100 - Loss 0.073246
2026-06-20 22:37:03 | Epoch 2 - Batch 101 - Loss 0.067289
2026-06-20 22:37:03 | Epoch 2 - Batch 102 - Loss 0.071076
2026-06-20 22:37:03 | Epoch 2 - Batch 103 - Loss 0.072398
2026-06-20 22:37:03 | Epoch 2 - Batch 104 - Loss 0.066474
2026-06-20 22:37:03 | Epoch 2 - Batch 105 - Loss 0.071624
2026-06-20 22:37:03 | Epoch 2 - Batch 106 - Loss 0.069377
2026-06-20 22:37:03 | Epoch 2 - Batch 107 - Loss 0.071106
2026-06-20 22:37:03 | Epoch 2 - Batch 108 - Loss 0.070289
2026-06-20 22:37:03 | Epoch 2 - Batch 109 - Loss 0.071140
2026-06-20 22:37:03 | Epoch 2 - Batch 110 - Loss 0.071796
2026-06-20 22:37:03 | Epoch 2 - Batch 111 - Loss 0.070838
2026-06-20 22:37:03 | Epoch 2 - Batch 112 - Loss 0.068817
2026-06-20 22:37:03 | Epoch 2 - Batch 113 - Loss 0.069189
2026-06-20 22:37:03 | Epoch 2 - Batch 114 - Loss 0.071450
2026-06-20 22:37:03 | Epoch 2 - Batch 115 - Loss 0.069250
2026-06-20 22:37:03 | Epoch 2 - Batch 116 - Loss 0.070339
2026-06-20 22:37:04 | Epoch 2 - Batch 117 - Loss 0.068909
2026-06-20 22:37:04 | Epoch 2 - Batch 118 - Loss 0.070605
2026-06-20 22:37:04 | Epoch 2 - Batch 119 - Loss 0.071631
2026-06-20 22:37:04 | Epoch 2 - Batch 120 - Loss 0.065900
2026-06-20 22:37:04 | Epoch 2 - Batch 121 - Loss 0.069723
2026-06-20 22:37:04 | Epoch 2 - Batch 122 - Loss 0.071829
2026-06-20 22:37:04 | Epoch 2 - Batch 123 - Loss 0.067686
2026-06-20 22:37:04 | Epoch 2 - Batch 124 - Loss 0.069009
2026-06-20 22:37:04 | Epoch 2 - Batch 125 - Loss 0.069070
2026-06-20 22:37:04 | Epoch 2 - Batch 126 - Loss 0.069739
2026-06-20 22:37:04 | Epoch 2 - Batch 127 - Loss 0.066545
2026-06-20 22:37:04 | Epoch 2 - Batch 128 - Loss 0.071624
2026-06-20 22:37:04 | Epoch 2 - Batch 129 - Loss 0.070683
2026-06-20 22:37:04 | Epoch 2 - Batch 130 - Loss 0.071735
2026-06-20 22:37:04 | Epoch 2 - Batch 131 - Loss 0.066799
2026-06-20 22:37:04 | Epoch 2 - Batch 132 - Loss 0.069216
2026-06-20 22:37:04 | Epoch 2 - Batch 133 - Loss 0.069225
2026-06-20 22:37:04 | Epoch 2 - Batch 134 - Loss 0.072290
2026-06-20 22:37:04 | Epoch 2 - Batch 135 - Loss 0.070548
2026-06-20 22:37:04 | Epoch 2 - Batch 136 - Loss 0.069134
2026-06-20 22:37:04 | Epoch 2 - Batch 137 - Loss 0.069622
2026-06-20 22:37:04 | Epoch 2 - Batch 138 - Loss 0.067921
2026-06-20 22:37:04 | Epoch 2 - Batch 139 - Loss 0.069649
2026-06-20 22:37:04 | Epoch 2 - Batch 140 - Loss 0.070727
2026-06-20 22:37:04 | Epoch 2 - Batch 141 - Loss 0.068103
2026-06-20 22:37:04 | Epoch 2 - Batch 142 - Loss 0.069003
2026-06-20 22:37:04 | Epoch 2 - Batch 143 - Loss 0.068364
2026-06-20 22:37:04 | Epoch 2 - Batch 144 - Loss 0.065562
2026-06-20 22:37:04 | Epoch 2 - Batch 145 - Loss 0.068594
2026-06-20 22:37:04 | Epoch 2 - Batch 146 - Loss 0.071760
2026-06-20 22:37:05 | Epoch 2 - Batch 147 - Loss 0.072182
2026-06-20 22:37:05 | Epoch 2 - Batch 148 - Loss 0.070467
2026-06-20 22:37:05 | Epoch 2 - Batch 149 - Loss 0.068612
2026-06-20 22:37:05 | Epoch 2 - Batch 150 - Loss 0.068587
2026-06-20 22:37:05 | Epoch 2 - Batch 151 - Loss 0.068118
2026-06-20 22:37:05 | Epoch 2 - Batch 152 - Loss 0.071283
2026-06-20 22:37:05 | Epoch 2 - Batch 153 - Loss 0.067933
2026-06-20 22:37:05 | Epoch 2 - Batch 154 - Loss 0.068640
2026-06-20 22:37:05 | Epoch 2 - Batch 155 - Loss 0.064425
2026-06-20 22:37:05 | Epoch 2 - Batch 156 - Loss 0.067905
2026-06-20 22:37:05 | Epoch 2 - Batch 157 - Loss 0.067689
2026-06-20 22:37:05 | Epoch 2 - Batch 158 - Loss 0.068651
2026-06-20 22:37:05 | Epoch 2 - Batch 159 - Loss 0.069740
2026-06-20 22:37:05 | Epoch 2 - Batch 160 - Loss 0.068042
2026-06-20 22:37:05 | Epoch 2 - Batch 161 - Loss 0.067819
2026-06-20 22:37:05 | Epoch 2 - Batch 162 - Loss 0.071843
2026-06-20 22:37:05 | Epoch 2 - Batch 163 - Loss 0.067278
2026-06-20 22:37:05 | Epoch 2 - Batch 164 - Loss 0.069355
2026-06-20 22:37:05 | Epoch 2 - Batch 165 - Loss 0.070310
2026-06-20 22:37:05 | Epoch 2 - Batch 166 - Loss 0.068261
2026-06-20 22:37:05 | Epoch 2 - Batch 167 - Loss 0.069545
2026-06-20 22:37:05 | Epoch 2 - Batch 168 - Loss 0.069212
2026-06-20 22:37:05 | Epoch 2 - Batch 169 - Loss 0.067036
2026-06-20 22:37:05 | Epoch 2 - Batch 170 - Loss 0.069600
2026-06-20 22:37:05 | Epoch 2 - Batch 171 - Loss 0.068006
2026-06-20 22:37:05 | Epoch 2 - Batch 172 - Loss 0.068691
2026-06-20 22:37:05 | Epoch 2 - Batch 173 - Loss 0.068910
2026-06-20 22:37:05 | Epoch 2 - Batch 174 - Loss 0.069530
2026-06-20 22:37:05 | Epoch 2 - Batch 175 - Loss 0.068904
2026-06-20 22:37:05 | Epoch 2 - Batch 176 - Loss 0.071426
2026-06-20 22:37:06 | Epoch 2 - Batch 177 - Loss 0.071347
2026-06-20 22:37:06 | Epoch 2 - Batch 178 - Loss 0.070050
2026-06-20 22:37:06 | Epoch 2 - Batch 179 - Loss 0.067040
2026-06-20 22:37:06 | Epoch 2 - Batch 180 - Loss 0.067765
2026-06-20 22:37:06 | Epoch 2 - Batch 181 - Loss 0.072346
2026-06-20 22:37:06 | Epoch 2 - Batch 182 - Loss 0.069096
2026-06-20 22:37:06 | Epoch 2 - Batch 183 - Loss 0.069464
2026-06-20 22:37:06 | Epoch 2 - Batch 184 - Loss 0.067150
2026-06-20 22:37:06 | Epoch 2 - Batch 185 - Loss 0.066881
2026-06-20 22:37:06 | Epoch 2 - Batch 186 - Loss 0.069891
2026-06-20 22:37:06 | Epoch 2 - Batch 187 - Loss 0.067843
2026-06-20 22:37:06 | Epoch 2 - Batch 188 - Loss 0.069404
2026-06-20 22:37:06 | Epoch 2 - Batch 189 - Loss 0.069328
2026-06-20 22:37:06 | Epoch 2 - Batch 190 - Loss 0.069201
2026-06-20 22:37:06 | Epoch 2 - Batch 191 - Loss 0.070518
2026-06-20 22:37:06 | Epoch 2 - Batch 192 - Loss 0.067460
2026-06-20 22:37:06 | Epoch 2 - Batch 193 - Loss 0.067078
2026-06-20 22:37:06 | Epoch 2 - Batch 194 - Loss 0.066155
2026-06-20 22:37:06 | Epoch 2 - Batch 195 - Loss 0.068799
2026-06-20 22:37:06 | Epoch 2 - Batch 196 - Loss 0.068601
2026-06-20 22:37:06 | Epoch 2 - Batch 197 - Loss 0.071434
2026-06-20 22:37:06 | Epoch 2 - Batch 198 - Loss 0.071291
2026-06-20 22:37:06 | Epoch 2 - Batch 199 - Loss 0.068614
2026-06-20 22:37:06 | Epoch 2 - Batch 200 - Loss 0.068116
2026-06-20 22:37:06 | Epoch 2 - Batch 201 - Loss 0.068382
2026-06-20 22:37:06 | Epoch 2 - Batch 202 - Loss 0.067364
2026-06-20 22:37:06 | Epoch 2 - Batch 203 - Loss 0.072063
2026-06-20 22:37:06 | Epoch 2 - Batch 204 - Loss 0.067029
2026-06-20 22:37:06 | Epoch 2 - Batch 205 - Loss 0.065159
2026-06-20 22:37:06 | Epoch 2 - Batch 206 - Loss 0.069463
2026-06-20 22:37:06 | Epoch 2 - Batch 207 - Loss 0.066489
2026-06-20 22:37:07 | Epoch 2 - Batch 208 - Loss 0.071710
2026-06-20 22:37:07 | Epoch 2 - Batch 209 - Loss 0.065245
2026-06-20 22:37:07 | Epoch 2 - Batch 210 - Loss 0.069320
2026-06-20 22:37:07 | Epoch 2 - Batch 211 - Loss 0.069325
2026-06-20 22:37:07 | Epoch 2 - Batch 212 - Loss 0.068178
2026-06-20 22:37:07 | Epoch 2 - Batch 213 - Loss 0.067497
2026-06-20 22:37:07 | Epoch 2 - Batch 214 - Loss 0.068061
2026-06-20 22:37:07 | Epoch 2 - Batch 215 - Loss 0.067313
2026-06-20 22:37:07 | Epoch 2 - Batch 216 - Loss 0.069011
2026-06-20 22:37:07 | Epoch 2 - Batch 217 - Loss 0.066983
2026-06-20 22:37:07 | Epoch 2 - Batch 218 - Loss 0.070213
2026-06-20 22:37:07 | Epoch 2 - Batch 219 - Loss 0.066367
2026-06-20 22:37:07 | Epoch 2 - Batch 220 - Loss 0.071194
2026-06-20 22:37:07 | Epoch 2 - Batch 221 - Loss 0.070018
2026-06-20 22:37:07 | Epoch 2 - Batch 222 - Loss 0.068762
2026-06-20 22:37:07 | Epoch 2 - Batch 223 - Loss 0.067988
2026-06-20 22:37:07 | Epoch 2 - Batch 224 - Loss 0.070129
2026-06-20 22:37:07 | Epoch 2 - Batch 225 - Loss 0.067714
2026-06-20 22:37:07 | Epoch 2 - Batch 226 - Loss 0.068222
2026-06-20 22:37:07 | Epoch 2 - Batch 227 - Loss 0.065966
2026-06-20 22:37:07 | Epoch 2 - Batch 228 - Loss 0.070537
2026-06-20 22:37:07 | Epoch 2 - Batch 229 - Loss 0.068015
2026-06-20 22:37:07 | Epoch 2 - Batch 230 - Loss 0.067956
2026-06-20 22:37:07 | Epoch 2 - Batch 231 - Loss 0.065763
2026-06-20 22:37:07 | Epoch 2 - Batch 232 - Loss 0.068901
2026-06-20 22:37:07 | Epoch 2 - Batch 233 - Loss 0.065418
2026-06-20 22:37:07 | Epoch 2 - Batch 234 - Loss 0.069745
2026-06-20 22:37:07 | Epoch 2 - Batch 235 - Loss 0.070883
2026-06-20 22:37:07 | Epoch 2 - Batch 236 - Loss 0.065703
2026-06-20 22:37:07 | Epoch 2 - Batch 237 - Loss 0.068415
2026-06-20 22:37:08 | Epoch 2 - Batch 238 - Loss 0.067960
2026-06-20 22:37:08 | Epoch 2 - Batch 239 - Loss 0.063524
2026-06-20 22:37:08 | Epoch 2 - Batch 240 - Loss 0.068824
2026-06-20 22:37:08 | Epoch 2 - Batch 241 - Loss 0.068089
2026-06-20 22:37:08 | Epoch 2 - Batch 242 - Loss 0.067892
2026-06-20 22:37:08 | Epoch 2 - Batch 243 - Loss 0.066485
2026-06-20 22:37:08 | Epoch 2 - Batch 244 - Loss 0.068163
2026-06-20 22:37:08 | Epoch 2 - Batch 245 - Loss 0.069152
2026-06-20 22:37:08 | Epoch 2 - Batch 246 - Loss 0.070974
2026-06-20 22:37:08 | Epoch 2 - Batch 247 - Loss 0.067490
2026-06-20 22:37:08 | Epoch 2 - Batch 248 - Loss 0.065512
2026-06-20 22:37:08 | Epoch 2 - Batch 249 - Loss 0.066584
2026-06-20 22:37:08 | Epoch 2 - Batch 250 - Loss 0.065376
2026-06-20 22:37:08 | Epoch 2 - Batch 251 - Loss 0.068647
2026-06-20 22:37:08 | Epoch 2 - Batch 252 - Loss 0.068811
2026-06-20 22:37:08 | Epoch 2 - Batch 253 - Loss 0.071577
2026-06-20 22:37:08 | Epoch 2 - Batch 254 - Loss 0.067959
2026-06-20 22:37:08 | Epoch 2 - Batch 255 - Loss 0.064718
2026-06-20 22:37:08 | Epoch 2 - Batch 256 - Loss 0.073525
2026-06-20 22:37:08 | Epoch 2 - Batch 257 - Loss 0.070756
2026-06-20 22:37:08 | Epoch 2 - Batch 258 - Loss 0.068154
2026-06-20 22:37:08 | Epoch 2 - Batch 259 - Loss 0.067599
2026-06-20 22:37:08 | Epoch 2 - Batch 260 - Loss 0.068277
2026-06-20 22:37:08 | Epoch 2 - Batch 261 - Loss 0.070537
2026-06-20 22:37:08 | Epoch 2 - Batch 262 - Loss 0.065835
2026-06-20 22:37:08 | Epoch 2 - Batch 263 - Loss 0.068624
2026-06-20 22:37:08 | Epoch 2 - Batch 264 - Loss 0.066107
2026-06-20 22:37:08 | Epoch 2 - Batch 265 - Loss 0.068972
2026-06-20 22:37:08 | Epoch 2 - Batch 266 - Loss 0.067143
2026-06-20 22:37:08 | Epoch 2 - Batch 267 - Loss 0.066151
2026-06-20 22:37:09 | Epoch 2 - Batch 268 - Loss 0.067947
2026-06-20 22:37:09 | Epoch 2 - Batch 269 - Loss 0.067209
2026-06-20 22:37:09 | Epoch 2 - Batch 270 - Loss 0.068296
2026-06-20 22:37:09 | Epoch 2 - Batch 271 - Loss 0.067015
2026-06-20 22:37:09 | Epoch 2 - Batch 272 - Loss 0.067454
2026-06-20 22:37:09 | Epoch 2 - Batch 273 - Loss 0.064733
2026-06-20 22:37:09 | Epoch 2 - Batch 274 - Loss 0.067724
2026-06-20 22:37:09 | Epoch 2 - Batch 275 - Loss 0.063788
2026-06-20 22:37:09 | Epoch 2 - Batch 276 - Loss 0.067648
2026-06-20 22:37:09 | Epoch 2 - Batch 277 - Loss 0.069293
2026-06-20 22:37:09 | Epoch 2 - Batch 278 - Loss 0.069841
2026-06-20 22:37:09 | Epoch 2 - Batch 279 - Loss 0.068161
2026-06-20 22:37:09 | Epoch 2 - Batch 280 - Loss 0.066203
2026-06-20 22:37:09 | Epoch 2 - Batch 281 - Loss 0.067443
2026-06-20 22:37:09 | Epoch 2 - Batch 282 - Loss 0.071570
2026-06-20 22:37:09 | Epoch 2 - Batch 283 - Loss 0.066924
2026-06-20 22:37:09 | Epoch 2 - Batch 284 - Loss 0.068236
2026-06-20 22:37:09 | Epoch 2 - Batch 285 - Loss 0.067758
2026-06-20 22:37:09 | Epoch 2 - Batch 286 - Loss 0.068034
2026-06-20 22:37:09 | Epoch 2 - Batch 287 - Loss 0.067378
2026-06-20 22:37:09 | Epoch 2 - Batch 288 - Loss 0.065877
2026-06-20 22:37:09 | Epoch 2 - Batch 289 - Loss 0.069585
2026-06-20 22:37:09 | Epoch 2 - Batch 290 - Loss 0.068392
2026-06-20 22:37:09 | Epoch 2 - Batch 291 - Loss 0.069434
2026-06-20 22:37:09 | Epoch 2 - Batch 292 - Loss 0.067270
2026-06-20 22:37:09 | Epoch 2 - Batch 293 - Loss 0.067524
2026-06-20 22:37:09 | Epoch 2 - Batch 294 - Loss 0.066398
2026-06-20 22:37:09 | Epoch 2 - Batch 295 - Loss 0.066598
2026-06-20 22:37:09 | Epoch 2 - Batch 296 - Loss 0.067751
2026-06-20 22:37:09 | Epoch 2 - Batch 297 - Loss 0.064109
2026-06-20 22:37:09 | Epoch 2 - Batch 298 - Loss 0.068451
2026-06-20 22:37:10 | Epoch 2 - Batch 299 - Loss 0.064607
2026-06-20 22:37:10 | Epoch 2 - Batch 300 - Loss 0.068184
2026-06-20 22:37:10 | Epoch 2 - Batch 301 - Loss 0.065400
2026-06-20 22:37:10 | Epoch 2 - Batch 302 - Loss 0.068292
2026-06-20 22:37:10 | Epoch 2 - Batch 303 - Loss 0.068797
2026-06-20 22:37:10 | Epoch 2 - Batch 304 - Loss 0.067840
2026-06-20 22:37:10 | Epoch 2 - Batch 305 - Loss 0.066683
2026-06-20 22:37:10 | Epoch 2 - Batch 306 - Loss 0.064694
2026-06-20 22:37:10 | Epoch 2 - Batch 307 - Loss 0.068705
2026-06-20 22:37:10 | Epoch 2 - Batch 308 - Loss 0.070006
2026-06-20 22:37:10 | Epoch 2 - Batch 309 - Loss 0.067391
2026-06-20 22:37:10 | Epoch 2 - Batch 310 - Loss 0.065695
2026-06-20 22:37:10 | Epoch 2 - Batch 311 - Loss 0.065610
2026-06-20 22:37:10 | Epoch 2 - Batch 312 - Loss 0.065673
2026-06-20 22:37:10 | Epoch 2 - Batch 313 - Loss 0.066502
2026-06-20 22:37:10 | Epoch 2 - Batch 314 - Loss 0.066032
2026-06-20 22:37:10 | Epoch 2 - Batch 315 - Loss 0.065961
2026-06-20 22:37:10 | Epoch 2 - Batch 316 - Loss 0.067754
2026-06-20 22:37:10 | Epoch 2 - Batch 317 - Loss 0.070246
2026-06-20 22:37:10 | Epoch 2 - Batch 318 - Loss 0.067457
2026-06-20 22:37:10 | Epoch 2 - Batch 319 - Loss 0.067493
2026-06-20 22:37:10 | Epoch 2 - Batch 320 - Loss 0.063735
2026-06-20 22:37:10 | Epoch 2 - Batch 321 - Loss 0.068475
2026-06-20 22:37:10 | Epoch 2 - Batch 322 - Loss 0.068060
2026-06-20 22:37:10 | Epoch 2 - Batch 323 - Loss 0.063268
2026-06-20 22:37:10 | Epoch 2 - Batch 324 - Loss 0.064603
2026-06-20 22:37:10 | Epoch 2 - Batch 325 - Loss 0.066397
2026-06-20 22:37:10 | Epoch 2 - Batch 326 - Loss 0.068464
2026-06-20 22:37:10 | Epoch 2 - Batch 327 - Loss 0.068403
2026-06-20 22:37:10 | Epoch 2 - Batch 328 - Loss 0.063296
2026-06-20 22:37:11 | Epoch 2 - Batch 329 - Loss 0.066966
2026-06-20 22:37:11 | Epoch 2 - Batch 330 - Loss 0.067727
2026-06-20 22:37:11 | Epoch 2 - Batch 331 - Loss 0.069035
2026-06-20 22:37:11 | Epoch 2 - Batch 332 - Loss 0.065602
2026-06-20 22:37:11 | Epoch 2 - Batch 333 - Loss 0.069031
2026-06-20 22:37:11 | Epoch 2 - Batch 334 - Loss 0.068197
2026-06-20 22:37:11 | Epoch 2 - Batch 335 - Loss 0.065025
2026-06-20 22:37:11 | Epoch 2 - Batch 336 - Loss 0.065158
2026-06-20 22:37:11 | Epoch 2 - Batch 337 - Loss 0.067696
2026-06-20 22:37:11 | Epoch 2 - Batch 338 - Loss 0.069077
2026-06-20 22:37:11 | Epoch 2 - Batch 339 - Loss 0.067694
2026-06-20 22:37:11 | Epoch 2 - Batch 340 - Loss 0.067866
2026-06-20 22:37:11 | Epoch 2 - Batch 341 - Loss 0.066208
2026-06-20 22:37:11 | Epoch 2 - Batch 342 - Loss 0.062811
2026-06-20 22:37:11 | Epoch 2 - Batch 343 - Loss 0.065902
2026-06-20 22:37:11 | Epoch 2 - Batch 344 - Loss 0.068024
2026-06-20 22:37:11 | Epoch 2 - Batch 345 - Loss 0.066840
2026-06-20 22:37:11 | Epoch 2 - Batch 346 - Loss 0.064882
2026-06-20 22:37:11 | Epoch 2 - Batch 347 - Loss 0.066118
2026-06-20 22:37:11 | Epoch 2 - Batch 348 - Loss 0.067135
2026-06-20 22:37:11 | Epoch 2 - Batch 349 - Loss 0.064932
2026-06-20 22:37:11 | Epoch 2 - Batch 350 - Loss 0.065069
2026-06-20 22:37:11 | Epoch 2 - Batch 351 - Loss 0.065657
2026-06-20 22:37:11 | Epoch 2 - Batch 352 - Loss 0.068042
2026-06-20 22:37:11 | Epoch 2 - Batch 353 - Loss 0.065838
2026-06-20 22:37:11 | Epoch 2 - Batch 354 - Loss 0.064329
2026-06-20 22:37:11 | Epoch 2 - Batch 355 - Loss 0.065421
2026-06-20 22:37:11 | Epoch 2 - Batch 356 - Loss 0.067908
2026-06-20 22:37:11 | Epoch 2 - Batch 357 - Loss 0.065532
2026-06-20 22:37:11 | Epoch 2 - Batch 358 - Loss 0.071998
2026-06-20 22:37:12 | Epoch 2 - Batch 359 - Loss 0.068262
2026-06-20 22:37:12 | Epoch 2 - Batch 360 - Loss 0.067282
2026-06-20 22:37:12 | Epoch 2 - Batch 361 - Loss 0.063875
2026-06-20 22:37:12 | Epoch 2 - Batch 362 - Loss 0.066719
2026-06-20 22:37:12 | Epoch 2 - Batch 363 - Loss 0.066422
2026-06-20 22:37:12 | Epoch 2 - Batch 364 - Loss 0.067179
2026-06-20 22:37:12 | Epoch 2 - Batch 365 - Loss 0.067788
2026-06-20 22:37:12 | Epoch 2 - Batch 366 - Loss 0.065710
2026-06-20 22:37:12 | Epoch 2 - Batch 367 - Loss 0.065664
2026-06-20 22:37:12 | Epoch 2 - Batch 368 - Loss 0.067062
2026-06-20 22:37:12 | Epoch 2 - Batch 369 - Loss 0.065366
2026-06-20 22:37:12 | Epoch 2 - Batch 370 - Loss 0.067247
2026-06-20 22:37:12 | Epoch 2 - Batch 371 - Loss 0.063621
2026-06-20 22:37:12 | Epoch 2 - Batch 372 - Loss 0.066275
2026-06-20 22:37:12 | Epoch 2 - Batch 373 - Loss 0.067647
2026-06-20 22:37:12 | Epoch 2 - Batch 374 - Loss 0.064508
2026-06-20 22:37:12 | Epoch 2 - Batch 375 - Loss 0.062985
2026-06-20 22:37:12 | Epoch 2 - Batch 376 - Loss 0.065527
2026-06-20 22:37:12 | Epoch 2 - Batch 377 - Loss 0.064666
2026-06-20 22:37:12 | Epoch 2 - Batch 378 - Loss 0.065600
2026-06-20 22:37:12 | Epoch 2 - Batch 379 - Loss 0.063601
2026-06-20 22:37:12 | Epoch 2 - Batch 380 - Loss 0.065541
2026-06-20 22:37:12 | Epoch 2 - Batch 381 - Loss 0.065327
2026-06-20 22:37:12 | Epoch 2 - Batch 382 - Loss 0.067073
2026-06-20 22:37:12 | Epoch 2 - Batch 383 - Loss 0.065698
2026-06-20 22:37:12 | Epoch 2 - Batch 384 - Loss 0.064170
2026-06-20 22:37:12 | Epoch 2 - Batch 385 - Loss 0.063963
2026-06-20 22:37:12 | Epoch 2 - Batch 386 - Loss 0.068354
2026-06-20 22:37:12 | Epoch 2 - Batch 387 - Loss 0.064827
2026-06-20 22:37:12 | Epoch 2 - Batch 388 - Loss 0.063494
2026-06-20 22:37:12 | Epoch 2 - Batch 389 - Loss 0.066880
2026-06-20 22:37:13 | Epoch 2 - Batch 390 - Loss 0.068792
2026-06-20 22:37:13 | Epoch 2 - Batch 391 - Loss 0.066278
2026-06-20 22:37:13 | Epoch 2 - Batch 392 - Loss 0.063408
2026-06-20 22:37:13 | Epoch 2 - Batch 393 - Loss 0.064679
2026-06-20 22:37:13 | Epoch 2 - Batch 394 - Loss 0.067206
2026-06-20 22:37:13 | Epoch 2 - Batch 395 - Loss 0.063843
2026-06-20 22:37:13 | Epoch 2 - Batch 396 - Loss 0.069215
2026-06-20 22:37:13 | Epoch 2 - Batch 397 - Loss 0.064109
2026-06-20 22:37:13 | Epoch 2 - Batch 398 - Loss 0.065474
2026-06-20 22:37:13 | Epoch 2 - Batch 399 - Loss 0.067002
2026-06-20 22:37:13 | Epoch 2 - Batch 400 - Loss 0.067434
2026-06-20 22:37:13 | Epoch 2 - Batch 401 - Loss 0.066986
2026-06-20 22:37:13 | Epoch 2 - Batch 402 - Loss 0.064584
2026-06-20 22:37:13 | Epoch 2 - Batch 403 - Loss 0.066940
2026-06-20 22:37:13 | Epoch 2 - Batch 404 - Loss 0.064739
2026-06-20 22:37:13 | Epoch 2 - Batch 405 - Loss 0.066417
2026-06-20 22:37:13 | Epoch 2 - Batch 406 - Loss 0.063301
2026-06-20 22:37:13 | Epoch 2 - Batch 407 - Loss 0.068104
2026-06-20 22:37:13 | Epoch 2 - Batch 408 - Loss 0.068919
2026-06-20 22:37:13 | Epoch 2 - Batch 409 - Loss 0.065400
2026-06-20 22:37:13 | Epoch 2 - Batch 410 - Loss 0.066499
2026-06-20 22:37:13 | Epoch 2 - Batch 411 - Loss 0.068331
2026-06-20 22:37:13 | Epoch 2 - Batch 412 - Loss 0.062847
2026-06-20 22:37:13 | Epoch 2 - Batch 413 - Loss 0.063010
2026-06-20 22:37:13 | Epoch 2 - Batch 414 - Loss 0.068422
2026-06-20 22:37:13 | Epoch 2 - Batch 415 - Loss 0.067490
2026-06-20 22:37:13 | Epoch 2 - Batch 416 - Loss 0.069051
2026-06-20 22:37:13 | Epoch 2 - Batch 417 - Loss 0.064437
2026-06-20 22:37:13 | Epoch 2 - Batch 418 - Loss 0.062176
2026-06-20 22:37:13 | Epoch 2 - Batch 419 - Loss 0.065475
2026-06-20 22:37:14 | Epoch 2 - Batch 420 - Loss 0.063963
2026-06-20 22:37:14 | Epoch 2 - Batch 421 - Loss 0.066351
2026-06-20 22:37:14 | Epoch 2 - Batch 422 - Loss 0.065998
2026-06-20 22:37:14 | Epoch 2 - Batch 423 - Loss 0.064792
2026-06-20 22:37:14 | Epoch 2 - Batch 424 - Loss 0.064169
2026-06-20 22:37:14 | Epoch 2 - Batch 425 - Loss 0.068828
2026-06-20 22:37:14 | Epoch 2 - Batch 426 - Loss 0.068835
2026-06-20 22:37:14 | Epoch 2 - Batch 427 - Loss 0.063498
2026-06-20 22:37:14 | Epoch 2 - Batch 428 - Loss 0.068432
2026-06-20 22:37:14 | Epoch 2 - Batch 429 - Loss 0.064391
2026-06-20 22:37:14 | Epoch 2 - Batch 430 - Loss 0.063822
2026-06-20 22:37:14 | Epoch 2 - Batch 431 - Loss 0.066143
2026-06-20 22:37:14 | Epoch 2 - Batch 432 - Loss 0.064607
2026-06-20 22:37:14 | Epoch 2 - Batch 433 - Loss 0.067839
2026-06-20 22:37:14 | Epoch 2 - Batch 434 - Loss 0.066224
2026-06-20 22:37:14 | Epoch 2 - Batch 435 - Loss 0.069383
2026-06-20 22:37:14 | Epoch 2 - Batch 436 - Loss 0.062942
2026-06-20 22:37:14 | Epoch 2 - Batch 437 - Loss 0.065760
2026-06-20 22:37:14 | Epoch 2 - Batch 438 - Loss 0.065227
2026-06-20 22:37:14 | Epoch 2 - Batch 439 - Loss 0.063798
2026-06-20 22:37:14 | Epoch 2 - Batch 440 - Loss 0.065689
2026-06-20 22:37:14 | Epoch 2 - Batch 441 - Loss 0.066270
2026-06-20 22:37:14 | Epoch 2 - Batch 442 - Loss 0.064480
2026-06-20 22:37:14 | Epoch 2 - Batch 443 - Loss 0.064767
2026-06-20 22:37:14 | Epoch 2 - Batch 444 - Loss 0.065493
2026-06-20 22:37:14 | Epoch 2 - Batch 445 - Loss 0.068196
2026-06-20 22:37:14 | Epoch 2 - Batch 446 - Loss 0.067308
2026-06-20 22:37:14 | Epoch 2 - Batch 447 - Loss 0.062655
2026-06-20 22:37:14 | Epoch 2 - Batch 448 - Loss 0.062732
2026-06-20 22:37:14 | Epoch 2 - Batch 449 - Loss 0.068634
2026-06-20 22:37:15 | Epoch 2 - Batch 450 - Loss 0.064045
2026-06-20 22:37:15 | Epoch 2 - Batch 451 - Loss 0.067211
2026-06-20 22:37:15 | Epoch 2 - Batch 452 - Loss 0.063228
2026-06-20 22:37:15 | Epoch 2 - Batch 453 - Loss 0.065693
2026-06-20 22:37:15 | Epoch 2 - Batch 454 - Loss 0.063390
2026-06-20 22:37:15 | Epoch 2 - Batch 455 - Loss 0.065873
2026-06-20 22:37:15 | Epoch 2 - Batch 456 - Loss 0.065491
2026-06-20 22:37:15 | Epoch 2 - Batch 457 - Loss 0.065272
2026-06-20 22:37:15 | Epoch 2 - Batch 458 - Loss 0.065486
2026-06-20 22:37:15 | Epoch 2 - Batch 459 - Loss 0.066318
2026-06-20 22:37:15 | Epoch 2 - Batch 460 - Loss 0.067925
2026-06-20 22:37:15 | Epoch 2 - Batch 461 - Loss 0.066473
2026-06-20 22:37:15 | Epoch 2 - Batch 462 - Loss 0.061764
2026-06-20 22:37:15 | Epoch 2 - Batch 463 - Loss 0.064464
2026-06-20 22:37:15 | Epoch 2 - Batch 464 - Loss 0.065843
2026-06-20 22:37:15 | Epoch 2 - Batch 465 - Loss 0.067256
2026-06-20 22:37:15 | Epoch 2 - Batch 466 - Loss 0.067561
2026-06-20 22:37:15 | Epoch 2 - Batch 467 - Loss 0.063863
2026-06-20 22:37:15 | Epoch 2 - Batch 468 - Loss 0.064812
2026-06-20 22:37:15 | Epoch 2 - Batch 469 - Loss 0.066032
2026-06-20 22:37:15 | Epoch 2 - Batch 470 - Loss 0.062171
2026-06-20 22:37:15 | Epoch 2 - Batch 471 - Loss 0.064782
2026-06-20 22:37:15 | Epoch 2 - Batch 472 - Loss 0.063991
2026-06-20 22:37:15 | Epoch 2 - Batch 473 - Loss 0.063852
2026-06-20 22:37:15 | Epoch 2 - Batch 474 - Loss 0.069495
2026-06-20 22:37:15 | Epoch 2 - Batch 475 - Loss 0.066728
2026-06-20 22:37:15 | Epoch 2 - Batch 476 - Loss 0.066331
2026-06-20 22:37:15 | Epoch 2 - Batch 477 - Loss 0.064172
2026-06-20 22:37:15 | Epoch 2 - Batch 478 - Loss 0.062173
2026-06-20 22:37:15 | Epoch 2 - Batch 479 - Loss 0.067634
2026-06-20 22:37:16 | Epoch 2 - Batch 480 - Loss 0.063115
2026-06-20 22:37:16 | Epoch 2 - Batch 481 - Loss 0.064246
2026-06-20 22:37:16 | Epoch 2 - Batch 482 - Loss 0.062575
2026-06-20 22:37:16 | Epoch 2 - Batch 483 - Loss 0.064071
2026-06-20 22:37:16 | Epoch 2 - Batch 484 - Loss 0.062938
2026-06-20 22:37:16 | Epoch 2 - Batch 485 - Loss 0.063798
2026-06-20 22:37:16 | Epoch 2 - Batch 486 - Loss 0.064964
2026-06-20 22:37:16 | Epoch 2 - Batch 487 - Loss 0.065847
2026-06-20 22:37:16 | Epoch 2 - Batch 488 - Loss 0.066164
2026-06-20 22:37:16 | Epoch 2 - Batch 489 - Loss 0.064535
2026-06-20 22:37:16 | Epoch 2 - Batch 490 - Loss 0.066890
2026-06-20 22:37:16 | Epoch 2 - Batch 491 - Loss 0.067110
2026-06-20 22:37:16 | Epoch 2 - Batch 492 - Loss 0.066050
2026-06-20 22:37:16 | Epoch 2 - Batch 493 - Loss 0.064325
2026-06-20 22:37:16 | Epoch 2 - Batch 494 - Loss 0.064198
2026-06-20 22:37:16 | Epoch 2 - Batch 495 - Loss 0.066185
2026-06-20 22:37:16 | Epoch 2 - Batch 496 - Loss 0.064380
2026-06-20 22:37:16 | Epoch 2 - Batch 497 - Loss 0.066466
2026-06-20 22:37:16 | Epoch 2 - Batch 498 - Loss 0.064299
2026-06-20 22:37:16 | Epoch 2 - Batch 499 - Loss 0.061697
2026-06-20 22:37:16 | Epoch 2 - Batch 500 - Loss 0.068420
2026-06-20 22:37:16 | Epoch 2 - Batch 501 - Loss 0.066753
2026-06-20 22:37:16 | Epoch 2 - Batch 502 - Loss 0.066492
2026-06-20 22:37:16 | Epoch 2 - Batch 503 - Loss 0.062097
2026-06-20 22:37:16 | Epoch 2 - Batch 504 - Loss 0.065522
2026-06-20 22:37:16 | Epoch 2 - Batch 505 - Loss 0.065400
2026-06-20 22:37:16 | Epoch 2 - Batch 506 - Loss 0.065695
2026-06-20 22:37:16 | Epoch 2 - Batch 507 - Loss 0.063077
2026-06-20 22:37:16 | Epoch 2 - Batch 508 - Loss 0.065770
2026-06-20 22:37:16 | Epoch 2 - Batch 509 - Loss 0.065154
2026-06-20 22:37:16 | Epoch 2 - Batch 510 - Loss 0.061466
2026-06-20 22:37:17 | Epoch 2 - Batch 511 - Loss 0.065100
2026-06-20 22:37:17 | Epoch 2 - Batch 512 - Loss 0.064188
2026-06-20 22:37:17 | Epoch 2 - Batch 513 - Loss 0.065478
2026-06-20 22:37:17 | Epoch 2 - Batch 514 - Loss 0.064501
2026-06-20 22:37:17 | Epoch 2 - Batch 515 - Loss 0.065472
2026-06-20 22:37:17 | Epoch 2 - Batch 516 - Loss 0.066368
2026-06-20 22:37:17 | Epoch 2 - Batch 517 - Loss 0.066677
2026-06-20 22:37:17 | Epoch 2 - Batch 518 - Loss 0.066218
2026-06-20 22:37:17 | Epoch 2 - Batch 519 - Loss 0.063904
2026-06-20 22:37:17 | Epoch 2 - Batch 520 - Loss 0.063782
2026-06-20 22:37:17 | Epoch 2 - Batch 521 - Loss 0.062828
2026-06-20 22:37:17 | Epoch 2 - Batch 522 - Loss 0.065395
2026-06-20 22:37:17 | Epoch 2 - Batch 523 - Loss 0.062914
2026-06-20 22:37:17 | Epoch 2 - Batch 524 - Loss 0.065055
2026-06-20 22:37:17 | Epoch 2 - Batch 525 - Loss 0.064568
2026-06-20 22:37:17 | Epoch 2 - Batch 526 - Loss 0.064095
2026-06-20 22:37:17 | Epoch 2 - Batch 527 - Loss 0.063919
2026-06-20 22:37:17 | Epoch 2 - Batch 528 - Loss 0.062777
2026-06-20 22:37:17 | Epoch 2 - Batch 529 - Loss 0.065018
2026-06-20 22:37:17 | Epoch 2 - Batch 530 - Loss 0.062915
2026-06-20 22:37:17 | Epoch 2 - Batch 531 - Loss 0.063645
2026-06-20 22:37:17 | Epoch 2 - Batch 532 - Loss 0.065998
2026-06-20 22:37:17 | Epoch 2 - Batch 533 - Loss 0.065991
2026-06-20 22:37:17 | Epoch 2 - Batch 534 - Loss 0.063632
2026-06-20 22:37:17 | Epoch 2 - Batch 535 - Loss 0.062823
2026-06-20 22:37:17 | Epoch 2 - Batch 536 - Loss 0.063064
2026-06-20 22:37:17 | Epoch 2 - Batch 537 - Loss 0.064158
2026-06-20 22:37:17 | Epoch 2 - Batch 538 - Loss 0.064137
2026-06-20 22:37:17 | Epoch 2 - Batch 539 - Loss 0.064851
2026-06-20 22:37:17 | Epoch 2 - Batch 540 - Loss 0.062762
2026-06-20 22:37:18 | Epoch 2 - Batch 541 - Loss 0.065688
2026-06-20 22:37:18 | Epoch 2 - Batch 542 - Loss 0.063858
2026-06-20 22:37:18 | Epoch 2 - Batch 543 - Loss 0.062149
2026-06-20 22:37:18 | Epoch 2 - Batch 544 - Loss 0.064977
2026-06-20 22:37:18 | Epoch 2 - Batch 545 - Loss 0.065908
2026-06-20 22:37:18 | Epoch 2 - Batch 546 - Loss 0.063520
2026-06-20 22:37:18 | Epoch 2 - Batch 547 - Loss 0.062540
2026-06-20 22:37:18 | Epoch 2 - Batch 548 - Loss 0.064637
2026-06-20 22:37:18 | Epoch 2 - Batch 549 - Loss 0.063333
2026-06-20 22:37:18 | Epoch 2 - Batch 550 - Loss 0.067871
2026-06-20 22:37:18 | Epoch 2 - Batch 551 - Loss 0.067466
2026-06-20 22:37:18 | Epoch 2 - Batch 552 - Loss 0.063746
2026-06-20 22:37:18 | Epoch 2 - Batch 553 - Loss 0.064552
2026-06-20 22:37:18 | Epoch 2 - Batch 554 - Loss 0.061525
2026-06-20 22:37:18 | Epoch 2 - Batch 555 - Loss 0.065448
2026-06-20 22:37:18 | Epoch 2 - Batch 556 - Loss 0.063192
2026-06-20 22:37:18 | Epoch 2 - Batch 557 - Loss 0.062379
2026-06-20 22:37:18 | Epoch 2 - Batch 558 - Loss 0.066295
2026-06-20 22:37:18 | Epoch 2 - Batch 559 - Loss 0.065792
2026-06-20 22:37:18 | Epoch 2 - Batch 560 - Loss 0.064111
2026-06-20 22:37:18 | Epoch 2 - Batch 561 - Loss 0.065814
2026-06-20 22:37:18 | Epoch 2 - Batch 562 - Loss 0.065119
2026-06-20 22:37:18 | Epoch 2 - Batch 563 - Loss 0.061802
2026-06-20 22:37:18 | Epoch 2 - Batch 564 - Loss 0.063938
2026-06-20 22:37:18 | Epoch 2 - Batch 565 - Loss 0.063054
2026-06-20 22:37:18 | Epoch 2 - Batch 566 - Loss 0.063208
2026-06-20 22:37:18 | Epoch 2 - Batch 567 - Loss 0.063917
2026-06-20 22:37:18 | Epoch 2 - Batch 568 - Loss 0.062920
2026-06-20 22:37:18 | Epoch 2 - Batch 569 - Loss 0.065812
2026-06-20 22:37:19 | Epoch 2 - Batch 570 - Loss 0.065581
2026-06-20 22:37:19 | Epoch 2 - Batch 571 - Loss 0.062578
2026-06-20 22:37:19 | Epoch 2 - Batch 572 - Loss 0.063810
2026-06-20 22:37:19 | Epoch 2 - Batch 573 - Loss 0.063114
2026-06-20 22:37:19 | Epoch 2 - Batch 574 - Loss 0.064350
2026-06-20 22:37:19 | Epoch 2 - Batch 575 - Loss 0.063826
2026-06-20 22:37:19 | Epoch 2 - Batch 576 - Loss 0.062690
2026-06-20 22:37:19 | Epoch 2 - Batch 577 - Loss 0.063078
2026-06-20 22:37:19 | Epoch 2 - Batch 578 - Loss 0.061022
2026-06-20 22:37:19 | Epoch 2 - Batch 579 - Loss 0.062605
2026-06-20 22:37:19 | Epoch 2 - Batch 580 - Loss 0.067894
2026-06-20 22:37:19 | Epoch 2 - Batch 581 - Loss 0.063466
2026-06-20 22:37:19 | Epoch 2 - Batch 582 - Loss 0.064713
2026-06-20 22:37:19 | Epoch 2 - Batch 583 - Loss 0.064647
2026-06-20 22:37:19 | Epoch 2 - Batch 584 - Loss 0.062004
2026-06-20 22:37:19 | Epoch 2 - Batch 585 - Loss 0.065854
2026-06-20 22:37:19 | Epoch 2 - Batch 586 - Loss 0.062509
2026-06-20 22:37:19 | Epoch 2 - Batch 587 - Loss 0.062141
2026-06-20 22:37:19 | Epoch 2 - Batch 588 - Loss 0.062588
2026-06-20 22:37:19 | Epoch 2 - Batch 589 - Loss 0.065225
2026-06-20 22:37:19 | Epoch 2 - Batch 590 - Loss 0.066704
2026-06-20 22:37:19 | Epoch 2 - Batch 591 - Loss 0.063591
2026-06-20 22:37:19 | Epoch 2 - Batch 592 - Loss 0.064579
2026-06-20 22:37:19 | Epoch 2 - Batch 593 - Loss 0.062920
2026-06-20 22:37:19 | Epoch 2 - Batch 594 - Loss 0.064188
2026-06-20 22:37:19 | Epoch 2 - Batch 595 - Loss 0.067969
2026-06-20 22:37:19 | Epoch 2 - Batch 596 - Loss 0.067364
2026-06-20 22:37:19 | Epoch 2 - Batch 597 - Loss 0.063026
2026-06-20 22:37:19 | Epoch 2 - Batch 598 - Loss 0.066791
2026-06-20 22:37:19 | Epoch 2 - Batch 599 - Loss 0.068051
2026-06-20 22:37:20 | Epoch 2 - Batch 600 - Loss 0.065890
2026-06-20 22:37:20 | Epoch 2 - Batch 601 - Loss 0.064371
2026-06-20 22:37:20 | Epoch 2 - Batch 602 - Loss 0.063127
2026-06-20 22:37:20 | Epoch 2 - Batch 603 - Loss 0.066125
2026-06-20 22:37:20 | Epoch 2 - Batch 604 - Loss 0.062619
2026-06-20 22:37:20 | Epoch 2 - Batch 605 - Loss 0.065524
2026-06-20 22:37:20 | Epoch 2 - Batch 606 - Loss 0.064244
2026-06-20 22:37:20 | Epoch 2 - Batch 607 - Loss 0.064630
2026-06-20 22:37:20 | Epoch 2 - Batch 608 - Loss 0.063171
2026-06-20 22:37:20 | Epoch 2 - Batch 609 - Loss 0.062350
2026-06-20 22:37:20 | Epoch 2 - Batch 610 - Loss 0.065588
2026-06-20 22:37:20 | Epoch 2 - Batch 611 - Loss 0.061418
2026-06-20 22:37:20 | Epoch 2 - Batch 612 - Loss 0.064922
2026-06-20 22:37:20 | Epoch 2 - Batch 613 - Loss 0.064304
2026-06-20 22:37:20 | Epoch 2 - Batch 614 - Loss 0.062106
2026-06-20 22:37:20 | Epoch 2 - Batch 615 - Loss 0.063891
2026-06-20 22:37:20 | Epoch 2 - Batch 616 - Loss 0.063157
2026-06-20 22:37:20 | Epoch 2 - Batch 617 - Loss 0.063871
2026-06-20 22:37:20 | Epoch 2 - Batch 618 - Loss 0.065642
2026-06-20 22:37:20 | Epoch 2 - Batch 619 - Loss 0.064775
2026-06-20 22:37:20 | Epoch 2 - Batch 620 - Loss 0.064424
2026-06-20 22:37:20 | Epoch 2 - Batch 621 - Loss 0.062536
2026-06-20 22:37:20 | Epoch 2 - Batch 622 - Loss 0.064086
2026-06-20 22:37:20 | Epoch 2 - Batch 623 - Loss 0.065420
2026-06-20 22:37:20 | Epoch 2 - Batch 624 - Loss 0.061830
2026-06-20 22:37:20 | Epoch 2 - Batch 625 - Loss 0.065230
2026-06-20 22:37:20 | Epoch 2 - Batch 626 - Loss 0.062290
2026-06-20 22:37:20 | Epoch 2 - Batch 627 - Loss 0.064152
2026-06-20 22:37:20 | Epoch 2 - Batch 628 - Loss 0.065690
2026-06-20 22:37:20 | Epoch 2 - Batch 629 - Loss 0.063427
2026-06-20 22:37:21 | Epoch 2 - Batch 630 - Loss 0.065810
2026-06-20 22:37:21 | Epoch 2 - Batch 631 - Loss 0.063030
2026-06-20 22:37:21 | Epoch 2 - Batch 632 - Loss 0.064168
2026-06-20 22:37:21 | Epoch 2 - Batch 633 - Loss 0.065571
2026-06-20 22:37:21 | Epoch 2 - Batch 634 - Loss 0.063193
2026-06-20 22:37:21 | Epoch 2 - Batch 635 - Loss 0.064968
2026-06-20 22:37:21 | Epoch 2 - Batch 636 - Loss 0.063006
2026-06-20 22:37:21 | Epoch 2 - Batch 637 - Loss 0.063672
2026-06-20 22:37:21 | Epoch 2 - Batch 638 - Loss 0.061161
2026-06-20 22:37:21 | Epoch 2 - Batch 639 - Loss 0.064003
2026-06-20 22:37:21 | Epoch 2 - Batch 640 - Loss 0.063077
2026-06-20 22:37:21 | Epoch 2 - Batch 641 - Loss 0.063386
2026-06-20 22:37:21 | Epoch 2 - Batch 642 - Loss 0.063247
2026-06-20 22:37:21 | Epoch 2 - Batch 643 - Loss 0.064735
2026-06-20 22:37:21 | Epoch 2 - Batch 644 - Loss 0.065489
2026-06-20 22:37:21 | Epoch 2 - Batch 645 - Loss 0.065047
2026-06-20 22:37:21 | Epoch 2 - Batch 646 - Loss 0.062311
2026-06-20 22:37:21 | Epoch 2 - Batch 647 - Loss 0.063017
2026-06-20 22:37:21 | Epoch 2 - Batch 648 - Loss 0.065476
2026-06-20 22:37:21 | Epoch 2 - Batch 649 - Loss 0.063417
2026-06-20 22:37:21 | Epoch 2 - Batch 650 - Loss 0.063153
2026-06-20 22:37:21 | Epoch 2 - Batch 651 - Loss 0.066470
2026-06-20 22:37:21 | Epoch 2 - Batch 652 - Loss 0.062888
2026-06-20 22:37:21 | Epoch 2 - Batch 653 - Loss 0.063464
2026-06-20 22:37:21 | Epoch 2 - Batch 654 - Loss 0.063143
2026-06-20 22:37:21 | Epoch 2 - Batch 655 - Loss 0.062873
2026-06-20 22:37:21 | Epoch 2 - Batch 656 - Loss 0.062784
2026-06-20 22:37:21 | Epoch 2 - Batch 657 - Loss 0.062481
2026-06-20 22:37:21 | Epoch 2 - Batch 658 - Loss 0.064116
2026-06-20 22:37:21 | Epoch 2 - Batch 659 - Loss 0.061123
2026-06-20 22:37:21 | Epoch 2 - Batch 660 - Loss 0.063619
2026-06-20 22:37:22 | Epoch 2 - Batch 661 - Loss 0.063588
2026-06-20 22:37:22 | Epoch 2 - Batch 662 - Loss 0.066099
2026-06-20 22:37:22 | Epoch 2 - Batch 663 - Loss 0.063474
2026-06-20 22:37:22 | Epoch 2 - Batch 664 - Loss 0.061539
2026-06-20 22:37:22 | Epoch 2 - Batch 665 - Loss 0.063806
2026-06-20 22:37:22 | Epoch 2 - Batch 666 - Loss 0.062148
2026-06-20 22:37:22 | Epoch 2 - Batch 667 - Loss 0.061695
2026-06-20 22:37:22 | Epoch 2 - Batch 668 - Loss 0.062987
2026-06-20 22:37:22 | Epoch 2 - Batch 669 - Loss 0.061973
2026-06-20 22:37:22 | Epoch 2 - Batch 670 - Loss 0.065761
2026-06-20 22:37:22 | Epoch 2 - Batch 671 - Loss 0.065319
2026-06-20 22:37:22 | Epoch 2 - Batch 672 - Loss 0.064420
2026-06-20 22:37:22 | Epoch 2 - Batch 673 - Loss 0.062988
2026-06-20 22:37:22 | Epoch 2 - Batch 674 - Loss 0.060007
2026-06-20 22:37:22 | Epoch 2 - Batch 675 - Loss 0.060057
2026-06-20 22:37:22 | Epoch 2 - Batch 676 - Loss 0.061936
2026-06-20 22:37:22 | Epoch 2 - Batch 677 - Loss 0.062952
2026-06-20 22:37:22 | Epoch 2 - Batch 678 - Loss 0.064740
2026-06-20 22:37:22 | Epoch 2 - Batch 679 - Loss 0.063383
2026-06-20 22:37:22 | Epoch 2 - Batch 680 - Loss 0.061895
2026-06-20 22:37:22 | Epoch 2 - Batch 681 - Loss 0.065313
2026-06-20 22:37:22 | Epoch 2 - Batch 682 - Loss 0.059533
2026-06-20 22:37:22 | Epoch 2 - Batch 683 - Loss 0.063773
2026-06-20 22:37:22 | Epoch 2 - Batch 684 - Loss 0.062295
2026-06-20 22:37:22 | Epoch 2 - Batch 685 - Loss 0.064963
2026-06-20 22:37:22 | Epoch 2 - Batch 686 - Loss 0.061903
2026-06-20 22:37:22 | Epoch 2 - Batch 687 - Loss 0.063958
2026-06-20 22:37:22 | Epoch 2 - Batch 688 - Loss 0.061326
2026-06-20 22:37:22 | Epoch 2 - Batch 689 - Loss 0.060968
2026-06-20 22:37:22 | Epoch 2 - Batch 690 - Loss 0.062626
2026-06-20 22:37:23 | Epoch 2 - Batch 691 - Loss 0.063964
2026-06-20 22:37:23 | Epoch 2 - Batch 692 - Loss 0.062492
2026-06-20 22:37:23 | Epoch 2 - Batch 693 - Loss 0.063073
2026-06-20 22:37:23 | Epoch 2 - Batch 694 - Loss 0.063508
2026-06-20 22:37:23 | Epoch 2 - Batch 695 - Loss 0.065387
2026-06-20 22:37:23 | Epoch 2 - Batch 696 - Loss 0.064659
2026-06-20 22:37:23 | Epoch 2 - Batch 697 - Loss 0.063827
2026-06-20 22:37:23 | Epoch 2 - Batch 698 - Loss 0.065979
2026-06-20 22:37:23 | Epoch 2 - Batch 699 - Loss 0.063673
2026-06-20 22:37:23 | Epoch 2 - Batch 700 - Loss 0.061476
2026-06-20 22:37:23 | Epoch 2 - Batch 701 - Loss 0.063290
2026-06-20 22:37:23 | Epoch 2 - Batch 702 - Loss 0.063442
2026-06-20 22:37:23 | Epoch 2 - Batch 703 - Loss 0.063547
2026-06-20 22:37:23 | Epoch 2 - Batch 704 - Loss 0.062200
2026-06-20 22:37:23 | Epoch 2 - Batch 705 - Loss 0.062404
2026-06-20 22:37:23 | Epoch 2 - Batch 706 - Loss 0.065152
2026-06-20 22:37:23 | Epoch 2 - Batch 707 - Loss 0.062881
2026-06-20 22:37:23 | Epoch 2 - Batch 708 - Loss 0.063321
2026-06-20 22:37:23 | Epoch 2 - Batch 709 - Loss 0.063045
2026-06-20 22:37:23 | Epoch 2 - Batch 710 - Loss 0.062610
2026-06-20 22:37:23 | Epoch 2 - Batch 711 - Loss 0.063657
2026-06-20 22:37:23 | Epoch 2 - Batch 712 - Loss 0.063924
2026-06-20 22:37:23 | Epoch 2 - Batch 713 - Loss 0.060269
2026-06-20 22:37:23 | Epoch 2 - Batch 714 - Loss 0.063001
2026-06-20 22:37:23 | Epoch 2 - Batch 715 - Loss 0.061117
2026-06-20 22:37:23 | Epoch 2 - Batch 716 - Loss 0.062344
2026-06-20 22:37:23 | Epoch 2 - Batch 717 - Loss 0.062418
2026-06-20 22:37:23 | Epoch 2 - Batch 718 - Loss 0.061970
2026-06-20 22:37:23 | Epoch 2 - Batch 719 - Loss 0.067121
2026-06-20 22:37:23 | Epoch 2 - Batch 720 - Loss 0.063920
2026-06-20 22:37:24 | Epoch 2 - Batch 721 - Loss 0.062238
2026-06-20 22:37:24 | Epoch 2 - Batch 722 - Loss 0.062036
2026-06-20 22:37:24 | Epoch 2 - Batch 723 - Loss 0.060853
2026-06-20 22:37:24 | Epoch 2 - Batch 724 - Loss 0.059808
2026-06-20 22:37:24 | Epoch 2 - Batch 725 - Loss 0.060130
2026-06-20 22:37:24 | Epoch 2 - Batch 726 - Loss 0.064615
2026-06-20 22:37:24 | Epoch 2 - Batch 727 - Loss 0.065426
2026-06-20 22:37:24 | Epoch 2 - Batch 728 - Loss 0.064701
2026-06-20 22:37:24 | Epoch 2 - Batch 729 - Loss 0.064944
2026-06-20 22:37:24 | Epoch 2 - Batch 730 - Loss 0.061822
2026-06-20 22:37:24 | Epoch 2 - Batch 731 - Loss 0.062744
2026-06-20 22:37:24 | Epoch 2 - Batch 732 - Loss 0.060418
2026-06-20 22:37:24 | Epoch 2 - Batch 733 - Loss 0.064481
2026-06-20 22:37:24 | Epoch 2 - Batch 734 - Loss 0.062132
2026-06-20 22:37:24 | Epoch 2 - Batch 735 - Loss 0.062922
2026-06-20 22:37:24 | Epoch 2 - Batch 736 - Loss 0.059757
2026-06-20 22:37:24 | Epoch 2 - Batch 737 - Loss 0.062292
2026-06-20 22:37:24 | Epoch 2 - Batch 738 - Loss 0.062256
2026-06-20 22:37:24 | Epoch 2 - Batch 739 - Loss 0.064265
2026-06-20 22:37:24 | Epoch 2 - Batch 740 - Loss 0.062552
2026-06-20 22:37:24 | Epoch 2 - Batch 741 - Loss 0.063162
2026-06-20 22:37:24 | Epoch 2 - Batch 742 - Loss 0.062055
2026-06-20 22:37:24 | Epoch 2 - Batch 743 - Loss 0.064703
2026-06-20 22:37:24 | Epoch 2 - Batch 744 - Loss 0.061190
2026-06-20 22:37:24 | Epoch 2 - Batch 745 - Loss 0.060389
2026-06-20 22:37:24 | Epoch 2 - Batch 746 - Loss 0.062212
2026-06-20 22:37:24 | Epoch 2 - Batch 747 - Loss 0.062660
2026-06-20 22:37:24 | Epoch 2 - Batch 748 - Loss 0.062313
2026-06-20 22:37:24 | Epoch 2 - Batch 749 - Loss 0.064728
2026-06-20 22:37:24 | Epoch 2 - Batch 750 - Loss 0.064425
2026-06-20 22:37:25 | Epoch 2 - Batch 751 - Loss 0.062635
2026-06-20 22:37:25 | Epoch 2 - Batch 752 - Loss 0.061993
2026-06-20 22:37:25 | Epoch 2 - Batch 753 - Loss 0.061658
2026-06-20 22:37:25 | Epoch 2 - Batch 754 - Loss 0.064621
2026-06-20 22:37:25 | Epoch 2 - Batch 755 - Loss 0.062052
2026-06-20 22:37:25 | Epoch 2 - Batch 756 - Loss 0.060772
2026-06-20 22:37:25 | Epoch 2 - Batch 757 - Loss 0.060958
2026-06-20 22:37:25 | Epoch 2 - Batch 758 - Loss 0.063459
2026-06-20 22:37:25 | Epoch 2 - Batch 759 - Loss 0.060744
2026-06-20 22:37:25 | Epoch 2 - Batch 760 - Loss 0.061168
2026-06-20 22:37:25 | Epoch 2 - Batch 761 - Loss 0.064390
2026-06-20 22:37:25 | Epoch 2 - Batch 762 - Loss 0.060359
2026-06-20 22:37:25 | Epoch 2 - Batch 763 - Loss 0.060482
2026-06-20 22:37:25 | Epoch 2 - Batch 764 - Loss 0.061806
2026-06-20 22:37:25 | Epoch 2 - Batch 765 - Loss 0.061210
2026-06-20 22:37:25 | Epoch 2 - Batch 766 - Loss 0.065577
2026-06-20 22:37:25 | Epoch 2 - Batch 767 - Loss 0.062303
2026-06-20 22:37:25 | Epoch 2 - Batch 768 - Loss 0.063636
2026-06-20 22:37:25 | Epoch 2 - Batch 769 - Loss 0.061057
2026-06-20 22:37:25 | Epoch 2 - Batch 770 - Loss 0.060723
2026-06-20 22:37:25 | Epoch 2 - Batch 771 - Loss 0.062526
2026-06-20 22:37:25 | Epoch 2 - Batch 772 - Loss 0.061959
2026-06-20 22:37:25 | Epoch 2 - Batch 773 - Loss 0.059391
2026-06-20 22:37:25 | Epoch 2 - Batch 774 - Loss 0.063834
2026-06-20 22:37:25 | Epoch 2 - Batch 775 - Loss 0.060601
2026-06-20 22:37:25 | Epoch 2 - Batch 776 - Loss 0.060734
2026-06-20 22:37:25 | Epoch 2 - Batch 777 - Loss 0.061529
2026-06-20 22:37:25 | Epoch 2 - Batch 778 - Loss 0.063266
2026-06-20 22:37:25 | Epoch 2 - Batch 779 - Loss 0.061205
2026-06-20 22:37:25 | Epoch 2 - Batch 780 - Loss 0.062259
2026-06-20 22:37:25 | Epoch 2 - Batch 781 - Loss 0.062153
2026-06-20 22:37:26 | Epoch 2 - Batch 782 - Loss 0.063820
2026-06-20 22:37:26 | Epoch 2 - Batch 783 - Loss 0.061981
2026-06-20 22:37:26 | Epoch 2 - Batch 784 - Loss 0.063506
2026-06-20 22:37:26 | Epoch 2 - Batch 785 - Loss 0.060806
2026-06-20 22:37:26 | Epoch 2 - Batch 786 - Loss 0.061906
2026-06-20 22:37:26 | Epoch 2 - Batch 787 - Loss 0.062225
2026-06-20 22:37:26 | Epoch 2 - Batch 788 - Loss 0.062174
2026-06-20 22:37:26 | Epoch 2 - Batch 789 - Loss 0.062901
2026-06-20 22:37:26 | Epoch 2 - Batch 790 - Loss 0.063674
2026-06-20 22:37:26 | Epoch 2 - Batch 791 - Loss 0.060931
2026-06-20 22:37:26 | Epoch 2 - Batch 792 - Loss 0.063030
2026-06-20 22:37:26 | Epoch 2 - Batch 793 - Loss 0.063786
2026-06-20 22:37:26 | Epoch 2 - Batch 794 - Loss 0.062802
2026-06-20 22:37:26 | Epoch 2 - Batch 795 - Loss 0.061294
2026-06-20 22:37:26 | Epoch 2 - Batch 796 - Loss 0.063445
2026-06-20 22:37:26 | Epoch 2 - Batch 797 - Loss 0.064108
2026-06-20 22:37:26 | Epoch 2 - Batch 798 - Loss 0.062241
2026-06-20 22:37:26 | Epoch 2 - Batch 799 - Loss 0.061733
2026-06-20 22:37:26 | Epoch 2 - Batch 800 - Loss 0.060454
2026-06-20 22:37:26 | Epoch 2 - Batch 801 - Loss 0.061727
2026-06-20 22:37:26 | Epoch 2 - Batch 802 - Loss 0.059930
2026-06-20 22:37:26 | Epoch 2 - Batch 803 - Loss 0.064129
2026-06-20 22:37:26 | Epoch 2 - Batch 804 - Loss 0.059690
2026-06-20 22:37:26 | Epoch 2 - Batch 805 - Loss 0.060199
2026-06-20 22:37:26 | Epoch 2 - Batch 806 - Loss 0.061400
2026-06-20 22:37:26 | Epoch 2 - Batch 807 - Loss 0.061123
2026-06-20 22:37:26 | Epoch 2 - Batch 808 - Loss 0.065698
2026-06-20 22:37:26 | Epoch 2 - Batch 809 - Loss 0.062406
2026-06-20 22:37:26 | Epoch 2 - Batch 810 - Loss 0.061829
2026-06-20 22:37:26 | Epoch 2 - Batch 811 - Loss 0.061296
2026-06-20 22:37:27 | Epoch 2 - Batch 812 - Loss 0.060136
2026-06-20 22:37:27 | Epoch 2 - Batch 813 - Loss 0.062527
2026-06-20 22:37:27 | Epoch 2 - Batch 814 - Loss 0.059795
2026-06-20 22:37:27 | Epoch 2 - Batch 815 - Loss 0.061787
2026-06-20 22:37:27 | Epoch 2 - Batch 816 - Loss 0.062825
2026-06-20 22:37:27 | Epoch 2 - Batch 817 - Loss 0.062067
2026-06-20 22:37:27 | Epoch 2 - Batch 818 - Loss 0.064603
2026-06-20 22:37:27 | Epoch 2 - Batch 819 - Loss 0.063672
2026-06-20 22:37:27 | Epoch 2 - Batch 820 - Loss 0.062821
2026-06-20 22:37:27 | Epoch 2 - Batch 821 - Loss 0.061016
2026-06-20 22:37:27 | Epoch 2 - Batch 822 - Loss 0.061907
2026-06-20 22:37:27 | Epoch 2 - Batch 823 - Loss 0.061350
2026-06-20 22:37:27 | Epoch 2 - Batch 824 - Loss 0.060452
2026-06-20 22:37:27 | Epoch 2 - Batch 825 - Loss 0.065361
2026-06-20 22:37:27 | Epoch 2 - Batch 826 - Loss 0.059543
2026-06-20 22:37:27 | Epoch 2 - Batch 827 - Loss 0.062958
2026-06-20 22:37:27 | Epoch 2 - Batch 828 - Loss 0.059860
2026-06-20 22:37:27 | Epoch 2 - Batch 829 - Loss 0.063226
2026-06-20 22:37:27 | Epoch 2 - Batch 830 - Loss 0.063251
2026-06-20 22:37:27 | Epoch 2 - Batch 831 - Loss 0.061374
2026-06-20 22:37:27 | Epoch 2 - Batch 832 - Loss 0.059818
2026-06-20 22:37:27 | Epoch 2 - Batch 833 - Loss 0.064692
2026-06-20 22:37:27 | Epoch 2 - Batch 834 - Loss 0.063617
2026-06-20 22:37:27 | Epoch 2 - Batch 835 - Loss 0.061408
2026-06-20 22:37:27 | Epoch 2 - Batch 836 - Loss 0.062383
2026-06-20 22:37:27 | Epoch 2 - Batch 837 - Loss 0.064446
2026-06-20 22:37:27 | Epoch 2 - Batch 838 - Loss 0.060394
2026-06-20 22:37:27 | Epoch 2 - Batch 839 - Loss 0.060422
2026-06-20 22:37:27 | Epoch 2 - Batch 840 - Loss 0.061309
2026-06-20 22:37:27 | Epoch 2 - Batch 841 - Loss 0.065789
2026-06-20 22:37:28 | Epoch 2 - Batch 842 - Loss 0.061344
2026-06-20 22:37:28 | Epoch 2 - Batch 843 - Loss 0.064167
2026-06-20 22:37:28 | Epoch 2 - Batch 844 - Loss 0.057926
2026-06-20 22:37:28 | Epoch 2 - Batch 845 - Loss 0.059076
2026-06-20 22:37:28 | Epoch 2 - Batch 846 - Loss 0.061998
2026-06-20 22:37:28 | Epoch 2 - Batch 847 - Loss 0.062330
2026-06-20 22:37:28 | Epoch 2 - Batch 848 - Loss 0.062910
2026-06-20 22:37:28 | Epoch 2 - Batch 849 - Loss 0.061844
2026-06-20 22:37:28 | Epoch 2 - Batch 850 - Loss 0.061212
2026-06-20 22:37:28 | Epoch 2 - Batch 851 - Loss 0.061534
2026-06-20 22:37:28 | Epoch 2 - Batch 852 - Loss 0.062130
2026-06-20 22:37:28 | Epoch 2 - Batch 853 - Loss 0.061183
2026-06-20 22:37:28 | Epoch 2 - Batch 854 - Loss 0.060426
2026-06-20 22:37:28 | Epoch 2 - Batch 855 - Loss 0.062937
2026-06-20 22:37:28 | Epoch 2 - Batch 856 - Loss 0.062256
2026-06-20 22:37:28 | Epoch 2 - Batch 857 - Loss 0.060634
2026-06-20 22:37:28 | Epoch 2 - Batch 858 - Loss 0.063722
2026-06-20 22:37:28 | Epoch 2 - Batch 859 - Loss 0.062221
2026-06-20 22:37:28 | Epoch 2 - Batch 860 - Loss 0.059825
2026-06-20 22:37:28 | Epoch 2 - Batch 861 - Loss 0.061831
2026-06-20 22:37:28 | Epoch 2 - Batch 862 - Loss 0.064080
2026-06-20 22:37:28 | Epoch 2 - Batch 863 - Loss 0.061100
2026-06-20 22:37:28 | Epoch 2 - Batch 864 - Loss 0.062662
2026-06-20 22:37:28 | Epoch 2 - Batch 865 - Loss 0.059696
2026-06-20 22:37:28 | Epoch 2 - Batch 866 - Loss 0.062376
2026-06-20 22:37:28 | Epoch 2 - Batch 867 - Loss 0.060984
2026-06-20 22:37:28 | Epoch 2 - Batch 868 - Loss 0.058723
2026-06-20 22:37:28 | Epoch 2 - Batch 869 - Loss 0.061038
2026-06-20 22:37:28 | Epoch 2 - Batch 870 - Loss 0.063037
2026-06-20 22:37:28 | Epoch 2 - Batch 871 - Loss 0.061081
2026-06-20 22:37:29 | Epoch 2 - Batch 872 - Loss 0.062275
2026-06-20 22:37:29 | Epoch 2 - Batch 873 - Loss 0.062993
2026-06-20 22:37:29 | Epoch 2 - Batch 874 - Loss 0.063538
2026-06-20 22:37:29 | Epoch 2 - Batch 875 - Loss 0.061666
2026-06-20 22:37:29 | Epoch 2 - Batch 876 - Loss 0.061772
2026-06-20 22:37:29 | Epoch 2 - Batch 877 - Loss 0.061932
2026-06-20 22:37:29 | Epoch 2 - Batch 878 - Loss 0.062845
2026-06-20 22:37:29 | Epoch 2 - Batch 879 - Loss 0.060241
2026-06-20 22:37:29 | Epoch 2 - Batch 880 - Loss 0.062010
2026-06-20 22:37:29 | Epoch 2 - Batch 881 - Loss 0.063819
2026-06-20 22:37:29 | Epoch 2 - Batch 882 - Loss 0.061393
2026-06-20 22:37:29 | Epoch 2 - Batch 883 - Loss 0.060317
2026-06-20 22:37:29 | Epoch 2 - Batch 884 - Loss 0.062625
2026-06-20 22:37:29 | Epoch 2 - Batch 885 - Loss 0.061472
2026-06-20 22:37:29 | Epoch 2 - Batch 886 - Loss 0.059907
2026-06-20 22:37:29 | Epoch 2 - Batch 887 - Loss 0.058538
2026-06-20 22:37:29 | Epoch 2 - Batch 888 - Loss 0.062547
2026-06-20 22:37:29 | Epoch 2 - Batch 889 - Loss 0.062422
2026-06-20 22:37:29 | Epoch 2 - Batch 890 - Loss 0.060901
2026-06-20 22:37:29 | Epoch 2 - Batch 891 - Loss 0.063144
2026-06-20 22:37:29 | Epoch 2 - Batch 892 - Loss 0.061693
2026-06-20 22:37:29 | Epoch 2 - Batch 893 - Loss 0.058071
2026-06-20 22:37:29 | Epoch 2 - Batch 894 - Loss 0.061569
2026-06-20 22:37:29 | Epoch 2 - Batch 895 - Loss 0.061116
2026-06-20 22:37:29 | Epoch 2 - Batch 896 - Loss 0.062713
2026-06-20 22:37:29 | Epoch 2 - Batch 897 - Loss 0.060538
2026-06-20 22:37:29 | Epoch 2 - Batch 898 - Loss 0.060068
2026-06-20 22:37:29 | Epoch 2 - Batch 899 - Loss 0.059995
2026-06-20 22:37:29 | Epoch 2 - Batch 900 - Loss 0.061692
2026-06-20 22:37:29 | Epoch 2 - Batch 901 - Loss 0.061383
2026-06-20 22:37:30 | Epoch 2 - Batch 902 - Loss 0.061276
2026-06-20 22:37:30 | Epoch 2 - Batch 903 - Loss 0.062199
2026-06-20 22:37:30 | Epoch 2 - Batch 904 - Loss 0.061565
2026-06-20 22:37:30 | Epoch 2 - Batch 905 - Loss 0.063233
2026-06-20 22:37:30 | Epoch 2 - Batch 906 - Loss 0.060310
2026-06-20 22:37:30 | Epoch 2 - Batch 907 - Loss 0.058905
2026-06-20 22:37:30 | Epoch 2 - Batch 908 - Loss 0.061043
2026-06-20 22:37:30 | Epoch 2 - Batch 909 - Loss 0.061719
2026-06-20 22:37:30 | Epoch 2 - Batch 910 - Loss 0.060695
2026-06-20 22:37:30 | Epoch 2 - Batch 911 - Loss 0.062144
2026-06-20 22:37:30 | Epoch 2 - Batch 912 - Loss 0.059990
2026-06-20 22:37:30 | Epoch 2 - Batch 913 - Loss 0.058663
2026-06-20 22:37:30 | Epoch 2 - Batch 914 - Loss 0.060595
2026-06-20 22:37:30 | Epoch 2 - Batch 915 - Loss 0.061941
2026-06-20 22:37:30 | Epoch 2 - Batch 916 - Loss 0.060663
2026-06-20 22:37:30 | Epoch 2 - Batch 917 - Loss 0.062080
2026-06-20 22:37:30 | Epoch 2 - Batch 918 - Loss 0.062668
2026-06-20 22:37:30 | Epoch 2 - Batch 919 - Loss 0.062566
2026-06-20 22:37:30 | Epoch 2 - Batch 920 - Loss 0.061703
2026-06-20 22:37:30 | Epoch 2 - Batch 921 - Loss 0.061806
2026-06-20 22:37:30 | Epoch 2 - Batch 922 - Loss 0.060587
2026-06-20 22:37:30 | Epoch 2 - Batch 923 - Loss 0.063220
2026-06-20 22:37:30 | Epoch 2 - Batch 924 - Loss 0.060124
2026-06-20 22:37:30 | Epoch 2 - Batch 925 - Loss 0.060917
2026-06-20 22:37:30 | Epoch 2 - Batch 926 - Loss 0.059275
2026-06-20 22:37:30 | Epoch 2 - Batch 927 - Loss 0.065804
2026-06-20 22:37:30 | Epoch 2 - Batch 928 - Loss 0.061889
2026-06-20 22:37:30 | Epoch 2 - Batch 929 - Loss 0.060581
2026-06-20 22:37:30 | Epoch 2 - Batch 930 - Loss 0.064131
2026-06-20 22:37:30 | Epoch 2 - Batch 931 - Loss 0.059119
2026-06-20 22:37:31 | Epoch 2 - Batch 932 - Loss 0.062022
2026-06-20 22:37:31 | Epoch 2 - Batch 933 - Loss 0.063284
2026-06-20 22:37:31 | Epoch 2 - Batch 934 - Loss 0.062328
2026-06-20 22:37:31 | Epoch 2 - Batch 935 - Loss 0.061270
2026-06-20 22:37:31 | Epoch 2 - Batch 936 - Loss 0.059466
2026-06-20 22:37:31 | Epoch 2 - Batch 937 - Loss 0.060392
2026-06-20 22:37:31 | Epoch 2 - Batch 938 - Loss 0.059467
2026-06-20 22:37:31 | Epoch 2 - Batch 939 - Loss 0.060617
2026-06-20 22:37:31 | Epoch 2 - Batch 940 - Loss 0.063990
2026-06-20 22:37:31 | Epoch 2 - Batch 941 - Loss 0.060308
2026-06-20 22:37:31 | Epoch 2 - Batch 942 - Loss 0.060857
2026-06-20 22:37:31 | Epoch 2 - Batch 943 - Loss 0.062420
2026-06-20 22:37:31 | Epoch 2 - Batch 944 - Loss 0.062351
2026-06-20 22:37:31 | Epoch 2 - Batch 945 - Loss 0.061857
2026-06-20 22:37:31 | Epoch 2 - Batch 946 - Loss 0.060318
2026-06-20 22:37:31 | Epoch 2 - Batch 947 - Loss 0.062033
2026-06-20 22:37:31 | Epoch 2 - Batch 948 - Loss 0.061938
2026-06-20 22:37:31 | Epoch 2 - Batch 949 - Loss 0.060181
2026-06-20 22:37:31 | Epoch 2 - Batch 950 - Loss 0.059604
2026-06-20 22:37:31 | Epoch 2 - Batch 951 - Loss 0.062297
2026-06-20 22:37:31 | Epoch 2 - Batch 952 - Loss 0.059654
2026-06-20 22:37:31 | Epoch 2 - Batch 953 - Loss 0.061842
2026-06-20 22:37:31 | Epoch 2 - Batch 954 - Loss 0.063112
2026-06-20 22:37:31 | Epoch 2 - Batch 955 - Loss 0.060372
2026-06-20 22:37:31 | Epoch 2 - Batch 956 - Loss 0.059867
2026-06-20 22:37:31 | Epoch 2 - Batch 957 - Loss 0.060670
2026-06-20 22:37:31 | Epoch 2 - Batch 958 - Loss 0.061449
2026-06-20 22:37:31 | Epoch 2 - Batch 959 - Loss 0.059990
2026-06-20 22:37:31 | Epoch 2 - Batch 960 - Loss 0.062659
2026-06-20 22:37:31 | Epoch 2 - Batch 961 - Loss 0.060465
2026-06-20 22:37:31 | Epoch 2 - Batch 962 - Loss 0.059701
2026-06-20 22:37:32 | Epoch 2 - Batch 963 - Loss 0.061847
2026-06-20 22:37:32 | Epoch 2 - Batch 964 - Loss 0.059150
2026-06-20 22:37:32 | Epoch 2 - Batch 965 - Loss 0.061764
2026-06-20 22:37:32 | Epoch 2 - Batch 966 - Loss 0.059277
2026-06-20 22:37:32 | Epoch 2 - Batch 967 - Loss 0.061029
2026-06-20 22:37:32 | Epoch 2 - Batch 968 - Loss 0.063928
2026-06-20 22:37:32 | Epoch 2 - Batch 969 - Loss 0.059677
2026-06-20 22:37:32 | Epoch 2 - Batch 970 - Loss 0.061540
2026-06-20 22:37:32 | Epoch 2 - Batch 971 - Loss 0.059027
2026-06-20 22:37:32 | Epoch 2 - Batch 972 - Loss 0.059751
2026-06-20 22:37:32 | Epoch 2 - Batch 973 - Loss 0.060299
2026-06-20 22:37:32 | Epoch 2 - Batch 974 - Loss 0.061126
2026-06-20 22:37:32 | Epoch 2 - Batch 975 - Loss 0.060320
2026-06-20 22:37:32 | Epoch 2 - Batch 976 - Loss 0.062359
2026-06-20 22:37:32 | Epoch 2 - Batch 977 - Loss 0.061343
2026-06-20 22:37:32 | Epoch 2 - Batch 978 - Loss 0.059151
2026-06-20 22:37:32 | Epoch 2 - Batch 979 - Loss 0.060437
2026-06-20 22:37:32 | Epoch 2 - Batch 980 - Loss 0.058723
2026-06-20 22:37:32 | Epoch 2 - Batch 981 - Loss 0.062391
2026-06-20 22:37:32 | Epoch 2 - Batch 982 - Loss 0.062295
2026-06-20 22:37:32 | Epoch 2 - Batch 983 - Loss 0.059289
2026-06-20 22:37:32 | Epoch 2 - Batch 984 - Loss 0.058606
2026-06-20 22:37:32 | Epoch 2 - Batch 985 - Loss 0.059013
2026-06-20 22:37:32 | Epoch 2 - Batch 986 - Loss 0.060562
2026-06-20 22:37:32 | Epoch 2 - Batch 987 - Loss 0.057183
2026-06-20 22:37:32 | Epoch 2 - Batch 988 - Loss 0.058946
2026-06-20 22:37:32 | Epoch 2 - Batch 989 - Loss 0.058312
2026-06-20 22:37:32 | Epoch 2 - Batch 990 - Loss 0.063205
2026-06-20 22:37:32 | Epoch 2 - Batch 991 - Loss 0.060349
2026-06-20 22:37:32 | Epoch 2 - Batch 992 - Loss 0.062490
2026-06-20 22:37:33 | Epoch 2 - Batch 993 - Loss 0.062234
2026-06-20 22:37:33 | Epoch 2 - Batch 994 - Loss 0.062592
2026-06-20 22:37:33 | Epoch 2 - Batch 995 - Loss 0.061389
2026-06-20 22:37:33 | Epoch 2 - Batch 996 - Loss 0.064226
2026-06-20 22:37:33 | Epoch 2 - Batch 997 - Loss 0.061630
2026-06-20 22:37:33 | Epoch 2 - Batch 998 - Loss 0.061478
2026-06-20 22:37:33 | Epoch 2 - Batch 999 - Loss 0.058079
2026-06-20 22:37:33 | Epoch 2 - Batch 1000 - Loss 0.061342
2026-06-20 22:37:33 | Epoch 2 - Batch 1001 - Loss 0.061197
2026-06-20 22:37:33 | Epoch 2 - Batch 1002 - Loss 0.061437
2026-06-20 22:37:33 | Epoch 2 - Batch 1003 - Loss 0.058433
2026-06-20 22:37:33 | Epoch 2 - Batch 1004 - Loss 0.061351
2026-06-20 22:37:33 | Epoch 2 - Batch 1005 - Loss 0.058625
2026-06-20 22:37:33 | Epoch 2 - Batch 1006 - Loss 0.057934
2026-06-20 22:37:33 | Epoch 2 - Batch 1007 - Loss 0.059751
2026-06-20 22:37:33 | Epoch 2 - Batch 1008 - Loss 0.061565
2026-06-20 22:37:33 | Epoch 2 - Batch 1009 - Loss 0.059933
2026-06-20 22:37:33 | Epoch 2 - Batch 1010 - Loss 0.059793
2026-06-20 22:37:33 | Epoch 2 - Batch 1011 - Loss 0.059078
2026-06-20 22:37:33 | Epoch 2 - Batch 1012 - Loss 0.060019
2026-06-20 22:37:33 | Epoch 2 - Batch 1013 - Loss 0.063853
2026-06-20 22:37:33 | Epoch 2 - Batch 1014 - Loss 0.060523
2026-06-20 22:37:33 | Epoch 2 - Batch 1015 - Loss 0.060307
2026-06-20 22:37:33 | Epoch 2 - Batch 1016 - Loss 0.060264
2026-06-20 22:37:33 | Epoch 2 - Batch 1017 - Loss 0.060317
2026-06-20 22:37:33 | Epoch 2 - Batch 1018 - Loss 0.059937
2026-06-20 22:37:33 | Epoch 2 - Batch 1019 - Loss 0.058988
2026-06-20 22:37:33 | Epoch 2 - Batch 1020 - Loss 0.060410
2026-06-20 22:37:33 | Epoch 2 - Batch 1021 - Loss 0.061013
2026-06-20 22:37:33 | Epoch 2 - Batch 1022 - Loss 0.057988
2026-06-20 22:37:34 | Epoch 2 - Batch 1023 - Loss 0.058957
2026-06-20 22:37:34 | Epoch 2 - Batch 1024 - Loss 0.058796
2026-06-20 22:37:34 | Epoch 2 - Batch 1025 - Loss 0.058201
2026-06-20 22:37:34 | Epoch 2 - Batch 1026 - Loss 0.061205
2026-06-20 22:37:34 | Epoch 2 - Batch 1027 - Loss 0.059675
2026-06-20 22:37:34 | Epoch 2 - Batch 1028 - Loss 0.064202
2026-06-20 22:37:34 | Epoch 2 - Batch 1029 - Loss 0.059377
2026-06-20 22:37:34 | Epoch 2 - Batch 1030 - Loss 0.060932
2026-06-20 22:37:34 | Epoch 2 - Batch 1031 - Loss 0.061911
2026-06-20 22:37:34 | Epoch 2 - Batch 1032 - Loss 0.060489
2026-06-20 22:37:34 | Epoch 2 - Batch 1033 - Loss 0.058759
2026-06-20 22:37:34 | Epoch 2 - Batch 1034 - Loss 0.059070
2026-06-20 22:37:34 | Epoch 2 - Batch 1035 - Loss 0.061232
2026-06-20 22:37:34 | Epoch 2 - Batch 1036 - Loss 0.061889
2026-06-20 22:37:34 | Epoch 2 - Batch 1037 - Loss 0.058190
2026-06-20 22:37:34 | Epoch 2 - Batch 1038 - Loss 0.059537
2026-06-20 22:37:34 | Epoch 2 - Batch 1039 - Loss 0.061330
2026-06-20 22:37:34 | Epoch 2 - Batch 1040 - Loss 0.059662
2026-06-20 22:37:34 | Epoch 2 - Batch 1041 - Loss 0.058206
2026-06-20 22:37:34 | Epoch 2 - Batch 1042 - Loss 0.061301
2026-06-20 22:37:34 | Epoch 2 - Batch 1043 - Loss 0.060451
2026-06-20 22:37:34 | Epoch 2 - Batch 1044 - Loss 0.059678
2026-06-20 22:37:34 | Epoch 2 - Batch 1045 - Loss 0.060823
2026-06-20 22:37:34 | Epoch 2 - Batch 1046 - Loss 0.061512
2026-06-20 22:37:34 | Epoch 2 - Batch 1047 - Loss 0.060604
2026-06-20 22:37:34 | Epoch 2 - Batch 1048 - Loss 0.060478
2026-06-20 22:37:34 | Epoch 2 - Batch 1049 - Loss 0.058008
2026-06-20 22:37:34 | Epoch 2 - Batch 1050 - Loss 0.060107
2026-06-20 22:37:34 | Epoch 2 - Batch 1051 - Loss 0.057958
2026-06-20 22:37:34 | Epoch 2 - Batch 1052 - Loss 0.062993
2026-06-20 22:37:35 | Epoch 2 - Batch 1053 - Loss 0.058871
2026-06-20 22:37:35 | Epoch 2 - Batch 1054 - Loss 0.059588
2026-06-20 22:37:35 | Epoch 2 - Batch 1055 - Loss 0.061480
2026-06-20 22:37:35 | Epoch 2 - Batch 1056 - Loss 0.059615
2026-06-20 22:37:35 | Epoch 2 - Batch 1057 - Loss 0.060516
2026-06-20 22:37:35 | Epoch 2 - Batch 1058 - Loss 0.061156
2026-06-20 22:37:35 | Epoch 2 - Batch 1059 - Loss 0.061022
2026-06-20 22:37:35 | Epoch 2 - Batch 1060 - Loss 0.058265
2026-06-20 22:37:35 | Epoch 2 - Batch 1061 - Loss 0.061314
2026-06-20 22:37:35 | Epoch 2 - Batch 1062 - Loss 0.059582
2026-06-20 22:37:35 | Epoch 2 - Batch 1063 - Loss 0.061066
2026-06-20 22:37:35 | Epoch 2 - Batch 1064 - Loss 0.060880
2026-06-20 22:37:35 | Epoch 2 - Batch 1065 - Loss 0.061120
2026-06-20 22:37:35 | Epoch 2 - Batch 1066 - Loss 0.060096
2026-06-20 22:37:35 | Epoch 2 - Batch 1067 - Loss 0.056122
2026-06-20 22:37:35 | Epoch 2 - Batch 1068 - Loss 0.059908
2026-06-20 22:37:35 | Epoch 2 - Batch 1069 - Loss 0.059294
2026-06-20 22:37:35 | Epoch 2 - Batch 1070 - Loss 0.061896
2026-06-20 22:37:35 | Epoch 2 - Batch 1071 - Loss 0.060157
2026-06-20 22:37:35 | Epoch 2 - Batch 1072 - Loss 0.060176
2026-06-20 22:37:35 | Epoch 2 - Batch 1073 - Loss 0.059463
2026-06-20 22:37:35 | Epoch 2 - Batch 1074 - Loss 0.058642
2026-06-20 22:37:35 | Epoch 2 - Batch 1075 - Loss 0.059141
2026-06-20 22:37:35 | Epoch 2 - Batch 1076 - Loss 0.062555
2026-06-20 22:37:35 | Epoch 2 - Batch 1077 - Loss 0.059534
2026-06-20 22:37:35 | Epoch 2 - Batch 1078 - Loss 0.061079
2026-06-20 22:37:35 | Epoch 2 - Batch 1079 - Loss 0.057866
2026-06-20 22:37:35 | Epoch 2 - Batch 1080 - Loss 0.059838
2026-06-20 22:37:35 | Epoch 2 - Batch 1081 - Loss 0.058920
2026-06-20 22:37:35 | Epoch 2 - Batch 1082 - Loss 0.062920
2026-06-20 22:37:36 | Epoch 2 - Batch 1083 - Loss 0.061869
2026-06-20 22:37:36 | Epoch 2 - Batch 1084 - Loss 0.057100
2026-06-20 22:37:36 | Epoch 2 - Batch 1085 - Loss 0.061033
2026-06-20 22:37:36 | Epoch 2 - Batch 1086 - Loss 0.060707
2026-06-20 22:37:36 | Epoch 2 - Batch 1087 - Loss 0.056891
2026-06-20 22:37:36 | Epoch 2 - Batch 1088 - Loss 0.058696
2026-06-20 22:37:36 | Epoch 2 - Batch 1089 - Loss 0.058573
2026-06-20 22:37:36 | Epoch 2 - Batch 1090 - Loss 0.062281
2026-06-20 22:37:36 | Epoch 2 - Batch 1091 - Loss 0.057320
2026-06-20 22:37:36 | Epoch 2 - Batch 1092 - Loss 0.059986
2026-06-20 22:37:36 | Epoch 2 - Batch 1093 - Loss 0.061554
2026-06-20 22:37:36 | Epoch 2 - Batch 1094 - Loss 0.058792
2026-06-20 22:37:36 | Epoch 2 - Batch 1095 - Loss 0.063084
2026-06-20 22:37:36 | Epoch 2 - Batch 1096 - Loss 0.063088
2026-06-20 22:37:36 | Epoch 2 - Batch 1097 - Loss 0.058841
2026-06-20 22:37:36 | Epoch 2 - Batch 1098 - Loss 0.057205
2026-06-20 22:37:36 | Epoch 2 - Batch 1099 - Loss 0.059077
2026-06-20 22:37:36 | Epoch 2 - Batch 1100 - Loss 0.060077
2026-06-20 22:37:36 | Epoch 2 - Batch 1101 - Loss 0.061192
2026-06-20 22:37:36 | Epoch 2 - Batch 1102 - Loss 0.061744
2026-06-20 22:37:36 | Epoch 2 - Batch 1103 - Loss 0.058672
2026-06-20 22:37:36 | Epoch 2 - Batch 1104 - Loss 0.058215
2026-06-20 22:37:36 | Epoch 2 - Batch 1105 - Loss 0.061096
2026-06-20 22:37:36 | Epoch 2 - Batch 1106 - Loss 0.066599
2026-06-20 22:37:36 | Epoch 2 - Batch 1107 - Loss 0.059154
2026-06-20 22:37:36 | Epoch 2 - Batch 1108 - Loss 0.059156
2026-06-20 22:37:36 | Epoch 2 - Batch 1109 - Loss 0.059344
2026-06-20 22:37:36 | Epoch 2 - Batch 1110 - Loss 0.058661
2026-06-20 22:37:36 | Epoch 2 - Batch 1111 - Loss 0.060261
2026-06-20 22:37:36 | Epoch 2 - Batch 1112 - Loss 0.057627
2026-06-20 22:37:36 | Epoch 2 - Batch 1113 - Loss 0.060917
2026-06-20 22:37:37 | Epoch 2 - Batch 1114 - Loss 0.059443
2026-06-20 22:37:37 | Epoch 2 - Batch 1115 - Loss 0.062345
2026-06-20 22:37:37 | Epoch 2 - Batch 1116 - Loss 0.058293
2026-06-20 22:37:37 | Epoch 2 - Batch 1117 - Loss 0.059418
2026-06-20 22:37:37 | Epoch 2 - Batch 1118 - Loss 0.058940
2026-06-20 22:37:37 | Epoch 2 - Batch 1119 - Loss 0.058100
2026-06-20 22:37:37 | Epoch 2 - Batch 1120 - Loss 0.058861
2026-06-20 22:37:37 | Epoch 2 - Batch 1121 - Loss 0.059727
2026-06-20 22:37:37 | Epoch 2 - Batch 1122 - Loss 0.058167
2026-06-20 22:37:37 | Epoch 2 - Batch 1123 - Loss 0.058807
2026-06-20 22:37:37 | Epoch 2 - Batch 1124 - Loss 0.060563
2026-06-20 22:37:37 | Epoch 2 - Batch 1125 - Loss 0.057494
2026-06-20 22:37:37 | Epoch 2 - Batch 1126 - Loss 0.057513
2026-06-20 22:37:37 | Epoch 2 - Batch 1127 - Loss 0.061292
2026-06-20 22:37:37 | Epoch 2 - Batch 1128 - Loss 0.059847
2026-06-20 22:37:37 | Epoch 2 - Batch 1129 - Loss 0.059724
2026-06-20 22:37:37 | Epoch 2 - Batch 1130 - Loss 0.061545
2026-06-20 22:37:37 | Epoch 2 - Batch 1131 - Loss 0.058205
2026-06-20 22:37:37 | Epoch 2 - Batch 1132 - Loss 0.060550
2026-06-20 22:37:37 | Epoch 2 - Batch 1133 - Loss 0.059725
2026-06-20 22:37:37 | Epoch 2 - Batch 1134 - Loss 0.058407
2026-06-20 22:37:37 | Epoch 2 - Batch 1135 - Loss 0.060056
2026-06-20 22:37:37 | Epoch 2 - Batch 1136 - Loss 0.057190
2026-06-20 22:37:37 | Epoch 2 - Batch 1137 - Loss 0.059530
2026-06-20 22:37:37 | Epoch 2 - Batch 1138 - Loss 0.058885
2026-06-20 22:37:37 | Epoch 2 - Batch 1139 - Loss 0.061948
2026-06-20 22:37:37 | Epoch 2 - Batch 1140 - Loss 0.059784
2026-06-20 22:37:37 | Epoch 2 - Batch 1141 - Loss 0.057478
2026-06-20 22:37:37 | Epoch 2 - Batch 1142 - Loss 0.058795
2026-06-20 22:37:37 | Epoch 2 - Batch 1143 - Loss 0.059977
2026-06-20 22:37:38 | Epoch 2 - Batch 1144 - Loss 0.059742
2026-06-20 22:37:38 | Epoch 2 - Batch 1145 - Loss 0.058442
2026-06-20 22:37:38 | Epoch 2 - Batch 1146 - Loss 0.059450
2026-06-20 22:37:38 | Epoch 2 - Batch 1147 - Loss 0.059662
2026-06-20 22:37:38 | Epoch 2 - Batch 1148 - Loss 0.058631
2026-06-20 22:37:38 | Epoch 2 - Batch 1149 - Loss 0.058384
2026-06-20 22:37:38 | Epoch 2 - Batch 1150 - Loss 0.057286
2026-06-20 22:38:02 | New global best checkpoint saved: /lustre/home/ziya/GNN/GraphWeather5p625/experiments/raw_5p625_full50_new01/best_ckpt.tar using valid_S10=0.307345
2026-06-20 22:38:02 | New best S=1 checkpoint saved: best_ckpt_S1.tar using valid_S1=0.063159
2026-06-20 22:38:02 | Epoch 2 finished in 62.61 sec | train 0.057286 S=1 | valid 0.063159 S=1 | valid_S1 0.063159 valid_S10 0.307345 valid_S10_final 0.501095 valid_S1_final 0.063159 valid_S2 0.096836 valid_S2_final 0.130513 valid_S4 0.157720 valid_S4_final 0.247110 valid_S6 0.213446 valid_S6_final 0.349113 valid_S8 0.263063 valid_S8_final 0.431663 | lr 1.00e-04
2026-06-20 22:38:02 | Epoch 3 - Batch 0 - Loss 0.059956
2026-06-20 22:38:02 | Epoch 3 - Batch 1 - Loss 0.057387
2026-06-20 22:38:02 | Epoch 3 - Batch 2 - Loss 0.057486
2026-06-20 22:38:02 | Epoch 3 - Batch 3 - Loss 0.059099
2026-06-20 22:38:02 | Epoch 3 - Batch 4 - Loss 0.058367
2026-06-20 22:38:02 | Epoch 3 - Batch 5 - Loss 0.058884
2026-06-20 22:38:02 | Epoch 3 - Batch 6 - Loss 0.061025
2026-06-20 22:38:03 | Epoch 3 - Batch 7 - Loss 0.057654
2026-06-20 22:38:03 | Epoch 3 - Batch 8 - Loss 0.060523
2026-06-20 22:38:03 | Epoch 3 - Batch 9 - Loss 0.056776
2026-06-20 22:38:03 | Epoch 3 - Batch 10 - Loss 0.059478
2026-06-20 22:38:03 | Epoch 3 - Batch 11 - Loss 0.060743
2026-06-20 22:38:03 | Epoch 3 - Batch 12 - Loss 0.058226
2026-06-20 22:38:03 | Epoch 3 - Batch 13 - Loss 0.060021
2026-06-20 22:38:03 | Epoch 3 - Batch 14 - Loss 0.062427
2026-06-20 22:38:03 | Epoch 3 - Batch 15 - Loss 0.058013
2026-06-20 22:38:03 | Epoch 3 - Batch 16 - Loss 0.062658
2026-06-20 22:38:03 | Epoch 3 - Batch 17 - Loss 0.056430
2026-06-20 22:38:03 | Epoch 3 - Batch 18 - Loss 0.056998
2026-06-20 22:38:03 | Epoch 3 - Batch 19 - Loss 0.061120
2026-06-20 22:38:03 | Epoch 3 - Batch 20 - Loss 0.059476
2026-06-20 22:38:03 | Epoch 3 - Batch 21 - Loss 0.057964
2026-06-20 22:38:03 | Epoch 3 - Batch 22 - Loss 0.058066
2026-06-20 22:38:03 | Epoch 3 - Batch 23 - Loss 0.059702
2026-06-20 22:38:03 | Epoch 3 - Batch 24 - Loss 0.060187
2026-06-20 22:38:03 | Epoch 3 - Batch 25 - Loss 0.058749
2026-06-20 22:38:03 | Epoch 3 - Batch 26 - Loss 0.059017
2026-06-20 22:38:03 | Epoch 3 - Batch 27 - Loss 0.056272
2026-06-20 22:38:03 | Epoch 3 - Batch 28 - Loss 0.058372
2026-06-20 22:38:03 | Epoch 3 - Batch 29 - Loss 0.059025
2026-06-20 22:38:03 | Epoch 3 - Batch 30 - Loss 0.059506
2026-06-20 22:38:03 | Epoch 3 - Batch 31 - Loss 0.060691
2026-06-20 22:38:03 | Epoch 3 - Batch 32 - Loss 0.059426
2026-06-20 22:38:03 | Epoch 3 - Batch 33 - Loss 0.058140
2026-06-20 22:38:03 | Epoch 3 - Batch 34 - Loss 0.057052
2026-06-20 22:38:03 | Epoch 3 - Batch 35 - Loss 0.060626
2026-06-20 22:38:03 | Epoch 3 - Batch 36 - Loss 0.057961
2026-06-20 22:38:04 | Epoch 3 - Batch 37 - Loss 0.060174
2026-06-20 22:38:04 | Epoch 3 - Batch 38 - Loss 0.060052
2026-06-20 22:38:04 | Epoch 3 - Batch 39 - Loss 0.058674
2026-06-20 22:38:04 | Epoch 3 - Batch 40 - Loss 0.057202
2026-06-20 22:38:04 | Epoch 3 - Batch 41 - Loss 0.057779
2026-06-20 22:38:04 | Epoch 3 - Batch 42 - Loss 0.059950
2026-06-20 22:38:04 | Epoch 3 - Batch 43 - Loss 0.059023
2026-06-20 22:38:04 | Epoch 3 - Batch 44 - Loss 0.058481
2026-06-20 22:38:04 | Epoch 3 - Batch 45 - Loss 0.061268
2026-06-20 22:38:04 | Epoch 3 - Batch 46 - Loss 0.059364
2026-06-20 22:38:04 | Epoch 3 - Batch 47 - Loss 0.059820
2026-06-20 22:38:04 | Epoch 3 - Batch 48 - Loss 0.056113
2026-06-20 22:38:04 | Epoch 3 - Batch 49 - Loss 0.057191
2026-06-20 22:38:04 | Epoch 3 - Batch 50 - Loss 0.059065
2026-06-20 22:38:04 | Epoch 3 - Batch 51 - Loss 0.058978
2026-06-20 22:38:04 | Epoch 3 - Batch 52 - Loss 0.060077
2026-06-20 22:38:04 | Epoch 3 - Batch 53 - Loss 0.058692
2026-06-20 22:38:04 | Epoch 3 - Batch 54 - Loss 0.059233
2026-06-20 22:38:04 | Epoch 3 - Batch 55 - Loss 0.058125
2026-06-20 22:38:04 | Epoch 3 - Batch 56 - Loss 0.059346
2026-06-20 22:38:04 | Epoch 3 - Batch 57 - Loss 0.060909
2026-06-20 22:38:04 | Epoch 3 - Batch 58 - Loss 0.057737
2026-06-20 22:38:04 | Epoch 3 - Batch 59 - Loss 0.059478
2026-06-20 22:38:04 | Epoch 3 - Batch 60 - Loss 0.060223
2026-06-20 22:38:04 | Epoch 3 - Batch 61 - Loss 0.059704
2026-06-20 22:38:04 | Epoch 3 - Batch 62 - Loss 0.058236
2026-06-20 22:38:04 | Epoch 3 - Batch 63 - Loss 0.061201
2026-06-20 22:38:04 | Epoch 3 - Batch 64 - Loss 0.058275
2026-06-20 22:38:04 | Epoch 3 - Batch 65 - Loss 0.058574
2026-06-20 22:38:04 | Epoch 3 - Batch 66 - Loss 0.060177
2026-06-20 22:38:05 | Epoch 3 - Batch 67 - Loss 0.061166
2026-06-20 22:38:05 | Epoch 3 - Batch 68 - Loss 0.055597
2026-06-20 22:38:05 | Epoch 3 - Batch 69 - Loss 0.059825
2026-06-20 22:38:05 | Epoch 3 - Batch 70 - Loss 0.058270
2026-06-20 22:38:05 | Epoch 3 - Batch 71 - Loss 0.058620
2026-06-20 22:38:05 | Epoch 3 - Batch 72 - Loss 0.057755
2026-06-20 22:38:05 | Epoch 3 - Batch 73 - Loss 0.058808
2026-06-20 22:38:05 | Epoch 3 - Batch 74 - Loss 0.059209
2026-06-20 22:38:05 | Epoch 3 - Batch 75 - Loss 0.058595
2026-06-20 22:38:05 | Epoch 3 - Batch 76 - Loss 0.060038
2026-06-20 22:38:05 | Epoch 3 - Batch 77 - Loss 0.058858
2026-06-20 22:38:05 | Epoch 3 - Batch 78 - Loss 0.058853
2026-06-20 22:38:05 | Epoch 3 - Batch 79 - Loss 0.057478
2026-06-20 22:38:05 | Epoch 3 - Batch 80 - Loss 0.057115
2026-06-20 22:38:05 | Epoch 3 - Batch 81 - Loss 0.057876
2026-06-20 22:38:05 | Epoch 3 - Batch 82 - Loss 0.058813
2026-06-20 22:38:05 | Epoch 3 - Batch 83 - Loss 0.061803
2026-06-20 22:38:05 | Epoch 3 - Batch 84 - Loss 0.058143
2026-06-20 22:38:05 | Epoch 3 - Batch 85 - Loss 0.059116
2026-06-20 22:38:05 | Epoch 3 - Batch 86 - Loss 0.058826
2026-06-20 22:38:05 | Epoch 3 - Batch 87 - Loss 0.058220
2026-06-20 22:38:05 | Epoch 3 - Batch 88 - Loss 0.058234
2026-06-20 22:38:05 | Epoch 3 - Batch 89 - Loss 0.058861
2026-06-20 22:38:05 | Epoch 3 - Batch 90 - Loss 0.059516
2026-06-20 22:38:05 | Epoch 3 - Batch 91 - Loss 0.059257
2026-06-20 22:38:05 | Epoch 3 - Batch 92 - Loss 0.060238
2026-06-20 22:38:05 | Epoch 3 - Batch 93 - Loss 0.059893
2026-06-20 22:38:05 | Epoch 3 - Batch 94 - Loss 0.058331
2026-06-20 22:38:05 | Epoch 3 - Batch 95 - Loss 0.057007
2026-06-20 22:38:05 | Epoch 3 - Batch 96 - Loss 0.058946
2026-06-20 22:38:06 | Epoch 3 - Batch 97 - Loss 0.058227
2026-06-20 22:38:06 | Epoch 3 - Batch 98 - Loss 0.058929
2026-06-20 22:38:06 | Epoch 3 - Batch 99 - Loss 0.056776
2026-06-20 22:38:06 | Epoch 3 - Batch 100 - Loss 0.059296
2026-06-20 22:38:06 | Epoch 3 - Batch 101 - Loss 0.060728
2026-06-20 22:38:06 | Epoch 3 - Batch 102 - Loss 0.058930
2026-06-20 22:38:06 | Epoch 3 - Batch 103 - Loss 0.060979
2026-06-20 22:38:06 | Epoch 3 - Batch 104 - Loss 0.058872
2026-06-20 22:38:06 | Epoch 3 - Batch 105 - Loss 0.057668
2026-06-20 22:38:06 | Epoch 3 - Batch 106 - Loss 0.059688
2026-06-20 22:38:06 | Epoch 3 - Batch 107 - Loss 0.060870
2026-06-20 22:38:06 | Epoch 3 - Batch 108 - Loss 0.057789
2026-06-20 22:38:06 | Epoch 3 - Batch 109 - Loss 0.057660
2026-06-20 22:38:06 | Epoch 3 - Batch 110 - Loss 0.058739
2026-06-20 22:38:06 | Epoch 3 - Batch 111 - Loss 0.058052
2026-06-20 22:38:06 | Epoch 3 - Batch 112 - Loss 0.058301
2026-06-20 22:38:06 | Epoch 3 - Batch 113 - Loss 0.060393
2026-06-20 22:38:06 | Epoch 3 - Batch 114 - Loss 0.057198
2026-06-20 22:38:06 | Epoch 3 - Batch 115 - Loss 0.057148
2026-06-20 22:38:06 | Epoch 3 - Batch 116 - Loss 0.059493
2026-06-20 22:38:06 | Epoch 3 - Batch 117 - Loss 0.060005
2026-06-20 22:38:06 | Epoch 3 - Batch 118 - Loss 0.057631
2026-06-20 22:38:06 | Epoch 3 - Batch 119 - Loss 0.055569
2026-06-20 22:38:06 | Epoch 3 - Batch 120 - Loss 0.059686
2026-06-20 22:38:06 | Epoch 3 - Batch 121 - Loss 0.058173
2026-06-20 22:38:06 | Epoch 3 - Batch 122 - Loss 0.057907
2026-06-20 22:38:06 | Epoch 3 - Batch 123 - Loss 0.056868
2026-06-20 22:38:06 | Epoch 3 - Batch 124 - Loss 0.060748
2026-06-20 22:38:06 | Epoch 3 - Batch 125 - Loss 0.058569
2026-06-20 22:38:06 | Epoch 3 - Batch 126 - Loss 0.058579
2026-06-20 22:38:06 | Epoch 3 - Batch 127 - Loss 0.057646
2026-06-20 22:38:07 | Epoch 3 - Batch 128 - Loss 0.058003
2026-06-20 22:38:07 | Epoch 3 - Batch 129 - Loss 0.058494
2026-06-20 22:38:07 | Epoch 3 - Batch 130 - Loss 0.057687
2026-06-20 22:38:07 | Epoch 3 - Batch 131 - Loss 0.056388
2026-06-20 22:38:07 | Epoch 3 - Batch 132 - Loss 0.054458
2026-06-20 22:38:07 | Epoch 3 - Batch 133 - Loss 0.057428
2026-06-20 22:38:07 | Epoch 3 - Batch 134 - Loss 0.057972
2026-06-20 22:38:07 | Epoch 3 - Batch 135 - Loss 0.058027
2026-06-20 22:38:07 | Epoch 3 - Batch 136 - Loss 0.060271
2026-06-20 22:38:07 | Epoch 3 - Batch 137 - Loss 0.056807
2026-06-20 22:38:07 | Epoch 3 - Batch 138 - Loss 0.058953
2026-06-20 22:38:07 | Epoch 3 - Batch 139 - Loss 0.062238
2026-06-20 22:38:07 | Epoch 3 - Batch 140 - Loss 0.056429
2026-06-20 22:38:07 | Epoch 3 - Batch 141 - Loss 0.056225
2026-06-20 22:38:07 | Epoch 3 - Batch 142 - Loss 0.057347
2026-06-20 22:38:07 | Epoch 3 - Batch 143 - Loss 0.058666
2026-06-20 22:38:07 | Epoch 3 - Batch 144 - Loss 0.058796
2026-06-20 22:38:07 | Epoch 3 - Batch 145 - Loss 0.057195
2026-06-20 22:38:07 | Epoch 3 - Batch 146 - Loss 0.059410
2026-06-20 22:38:07 | Epoch 3 - Batch 147 - Loss 0.055552
2026-06-20 22:38:07 | Epoch 3 - Batch 148 - Loss 0.059570
2026-06-20 22:38:07 | Epoch 3 - Batch 149 - Loss 0.058977
2026-06-20 22:38:07 | Epoch 3 - Batch 150 - Loss 0.057193
2026-06-20 22:38:07 | Epoch 3 - Batch 151 - Loss 0.059860
2026-06-20 22:38:07 | Epoch 3 - Batch 152 - Loss 0.055688
2026-06-20 22:38:07 | Epoch 3 - Batch 153 - Loss 0.056506
2026-06-20 22:38:07 | Epoch 3 - Batch 154 - Loss 0.057497
2026-06-20 22:38:07 | Epoch 3 - Batch 155 - Loss 0.058603
2026-06-20 22:38:07 | Epoch 3 - Batch 156 - Loss 0.059980
2026-06-20 22:38:07 | Epoch 3 - Batch 157 - Loss 0.058509
2026-06-20 22:38:08 | Epoch 3 - Batch 158 - Loss 0.055213
2026-06-20 22:38:08 | Epoch 3 - Batch 159 - Loss 0.058125
2026-06-20 22:38:08 | Epoch 3 - Batch 160 - Loss 0.056164
2026-06-20 22:38:08 | Epoch 3 - Batch 161 - Loss 0.058453
2026-06-20 22:38:08 | Epoch 3 - Batch 162 - Loss 0.059248
2026-06-20 22:38:08 | Epoch 3 - Batch 163 - Loss 0.055479
2026-06-20 22:38:08 | Epoch 3 - Batch 164 - Loss 0.060994
2026-06-20 22:38:08 | Epoch 3 - Batch 165 - Loss 0.058260
2026-06-20 22:38:08 | Epoch 3 - Batch 166 - Loss 0.058760
2026-06-20 22:38:08 | Epoch 3 - Batch 167 - Loss 0.058319
2026-06-20 22:38:08 | Epoch 3 - Batch 168 - Loss 0.056079
2026-06-20 22:38:08 | Epoch 3 - Batch 169 - Loss 0.059685
2026-06-20 22:38:08 | Epoch 3 - Batch 170 - Loss 0.057187
2026-06-20 22:38:08 | Epoch 3 - Batch 171 - Loss 0.057627
2026-06-20 22:38:08 | Epoch 3 - Batch 172 - Loss 0.055758
2026-06-20 22:38:08 | Epoch 3 - Batch 173 - Loss 0.058365
2026-06-20 22:38:08 | Epoch 3 - Batch 174 - Loss 0.057720
2026-06-20 22:38:08 | Epoch 3 - Batch 175 - Loss 0.057193
2026-06-20 22:38:08 | Epoch 3 - Batch 176 - Loss 0.055602
2026-06-20 22:38:08 | Epoch 3 - Batch 177 - Loss 0.057669
2026-06-20 22:38:08 | Epoch 3 - Batch 178 - Loss 0.059074
2026-06-20 22:38:08 | Epoch 3 - Batch 179 - Loss 0.057626
2026-06-20 22:38:08 | Epoch 3 - Batch 180 - Loss 0.057604
2026-06-20 22:38:08 | Epoch 3 - Batch 181 - Loss 0.059242
2026-06-20 22:38:08 | Epoch 3 - Batch 182 - Loss 0.057819
2026-06-20 22:38:08 | Epoch 3 - Batch 183 - Loss 0.058571
2026-06-20 22:38:08 | Epoch 3 - Batch 184 - Loss 0.059010
2026-06-20 22:38:08 | Epoch 3 - Batch 185 - Loss 0.055398
2026-06-20 22:38:08 | Epoch 3 - Batch 186 - Loss 0.054726
2026-06-20 22:38:08 | Epoch 3 - Batch 187 - Loss 0.060382
2026-06-20 22:38:09 | Epoch 3 - Batch 188 - Loss 0.057641
2026-06-20 22:38:09 | Epoch 3 - Batch 189 - Loss 0.058603
2026-06-20 22:38:09 | Epoch 3 - Batch 190 - Loss 0.057269
2026-06-20 22:38:09 | Epoch 3 - Batch 191 - Loss 0.057291
2026-06-20 22:38:09 | Epoch 3 - Batch 192 - Loss 0.058096
2026-06-20 22:38:09 | Epoch 3 - Batch 193 - Loss 0.057635
2026-06-20 22:38:09 | Epoch 3 - Batch 194 - Loss 0.056974
2026-06-20 22:38:09 | Epoch 3 - Batch 195 - Loss 0.059387
2026-06-20 22:38:09 | Epoch 3 - Batch 196 - Loss 0.059464
2026-06-20 22:38:09 | Epoch 3 - Batch 197 - Loss 0.058762
2026-06-20 22:38:09 | Epoch 3 - Batch 198 - Loss 0.059646
2026-06-20 22:38:09 | Epoch 3 - Batch 199 - Loss 0.061173
2026-06-20 22:38:09 | Epoch 3 - Batch 200 - Loss 0.056652
2026-06-20 22:38:09 | Epoch 3 - Batch 201 - Loss 0.057880
2026-06-20 22:38:09 | Epoch 3 - Batch 202 - Loss 0.057788
2026-06-20 22:38:09 | Epoch 3 - Batch 203 - Loss 0.058667
2026-06-20 22:38:09 | Epoch 3 - Batch 204 - Loss 0.057280
2026-06-20 22:38:09 | Epoch 3 - Batch 205 - Loss 0.057773
2026-06-20 22:38:09 | Epoch 3 - Batch 206 - Loss 0.058028
2026-06-20 22:38:09 | Epoch 3 - Batch 207 - Loss 0.056332
2026-06-20 22:38:09 | Epoch 3 - Batch 208 - Loss 0.057977
2026-06-20 22:38:09 | Epoch 3 - Batch 209 - Loss 0.058635
2026-06-20 22:38:09 | Epoch 3 - Batch 210 - Loss 0.058638
2026-06-20 22:38:09 | Epoch 3 - Batch 211 - Loss 0.058109
2026-06-20 22:38:09 | Epoch 3 - Batch 212 - Loss 0.057306
2026-06-20 22:38:09 | Epoch 3 - Batch 213 - Loss 0.057047
2026-06-20 22:38:09 | Epoch 3 - Batch 214 - Loss 0.059423
2026-06-20 22:38:09 | Epoch 3 - Batch 215 - Loss 0.057517
2026-06-20 22:38:09 | Epoch 3 - Batch 216 - Loss 0.056780
2026-06-20 22:38:09 | Epoch 3 - Batch 217 - Loss 0.057791
2026-06-20 22:38:10 | Epoch 3 - Batch 218 - Loss 0.059067
2026-06-20 22:38:10 | Epoch 3 - Batch 219 - Loss 0.060354
2026-06-20 22:38:10 | Epoch 3 - Batch 220 - Loss 0.057061
2026-06-20 22:38:10 | Epoch 3 - Batch 221 - Loss 0.058804
2026-06-20 22:38:10 | Epoch 3 - Batch 222 - Loss 0.057045
2026-06-20 22:38:10 | Epoch 3 - Batch 223 - Loss 0.058043
2026-06-20 22:38:10 | Epoch 3 - Batch 224 - Loss 0.058491
2026-06-20 22:38:10 | Epoch 3 - Batch 225 - Loss 0.059750
2026-06-20 22:38:10 | Epoch 3 - Batch 226 - Loss 0.057230
2026-06-20 22:38:10 | Epoch 3 - Batch 227 - Loss 0.058268
2026-06-20 22:38:10 | Epoch 3 - Batch 228 - Loss 0.060234
2026-06-20 22:38:10 | Epoch 3 - Batch 229 - Loss 0.058728
2026-06-20 22:38:10 | Epoch 3 - Batch 230 - Loss 0.060402
2026-06-20 22:38:10 | Epoch 3 - Batch 231 - Loss 0.058607
2026-06-20 22:38:10 | Epoch 3 - Batch 232 - Loss 0.057031
2026-06-20 22:38:10 | Epoch 3 - Batch 233 - Loss 0.059832
2026-06-20 22:38:10 | Epoch 3 - Batch 234 - Loss 0.057739
2026-06-20 22:38:10 | Epoch 3 - Batch 235 - Loss 0.059626
2026-06-20 22:38:10 | Epoch 3 - Batch 236 - Loss 0.055339
2026-06-20 22:38:10 | Epoch 3 - Batch 237 - Loss 0.057704
2026-06-20 22:38:10 | Epoch 3 - Batch 238 - Loss 0.057139
2026-06-20 22:38:10 | Epoch 3 - Batch 239 - Loss 0.059259
2026-06-20 22:38:10 | Epoch 3 - Batch 240 - Loss 0.057351
2026-06-20 22:38:10 | Epoch 3 - Batch 241 - Loss 0.058533
2026-06-20 22:38:10 | Epoch 3 - Batch 242 - Loss 0.056909
2026-06-20 22:38:10 | Epoch 3 - Batch 243 - Loss 0.058153
2026-06-20 22:38:10 | Epoch 3 - Batch 244 - Loss 0.060065
2026-06-20 22:38:10 | Epoch 3 - Batch 245 - Loss 0.058543
2026-06-20 22:38:10 | Epoch 3 - Batch 246 - Loss 0.058709
2026-06-20 22:38:10 | Epoch 3 - Batch 247 - Loss 0.057573
2026-06-20 22:38:11 | Epoch 3 - Batch 248 - Loss 0.057947
2026-06-20 22:38:11 | Epoch 3 - Batch 249 - Loss 0.057175
2026-06-20 22:38:11 | Epoch 3 - Batch 250 - Loss 0.058781
2026-06-20 22:38:11 | Epoch 3 - Batch 251 - Loss 0.056759
2026-06-20 22:38:11 | Epoch 3 - Batch 252 - Loss 0.058813
2026-06-20 22:38:11 | Epoch 3 - Batch 253 - Loss 0.057190
2026-06-20 22:38:11 | Epoch 3 - Batch 254 - Loss 0.059098
2026-06-20 22:38:11 | Epoch 3 - Batch 255 - Loss 0.056234
2026-06-20 22:38:11 | Epoch 3 - Batch 256 - Loss 0.056125
2026-06-20 22:38:11 | Epoch 3 - Batch 257 - Loss 0.060359
2026-06-20 22:38:11 | Epoch 3 - Batch 258 - Loss 0.058314
2026-06-20 22:38:11 | Epoch 3 - Batch 259 - Loss 0.057083
2026-06-20 22:38:11 | Epoch 3 - Batch 260 - Loss 0.058215
2026-06-20 22:38:11 | Epoch 3 - Batch 261 - Loss 0.058575
2026-06-20 22:38:11 | Epoch 3 - Batch 262 - Loss 0.057846
2026-06-20 22:38:11 | Epoch 3 - Batch 263 - Loss 0.055136
2026-06-20 22:38:11 | Epoch 3 - Batch 264 - Loss 0.057732
2026-06-20 22:38:11 | Epoch 3 - Batch 265 - Loss 0.056548
2026-06-20 22:38:11 | Epoch 3 - Batch 266 - Loss 0.058100
2026-06-20 22:38:11 | Epoch 3 - Batch 267 - Loss 0.057026
2026-06-20 22:38:11 | Epoch 3 - Batch 268 - Loss 0.058772
2026-06-20 22:38:11 | Epoch 3 - Batch 269 - Loss 0.058223
2026-06-20 22:38:11 | Epoch 3 - Batch 270 - Loss 0.056165
2026-06-20 22:38:11 | Epoch 3 - Batch 271 - Loss 0.058661
2026-06-20 22:38:11 | Epoch 3 - Batch 272 - Loss 0.056172
2026-06-20 22:38:11 | Epoch 3 - Batch 273 - Loss 0.056372
2026-06-20 22:38:11 | Epoch 3 - Batch 274 - Loss 0.054937
2026-06-20 22:38:11 | Epoch 3 - Batch 275 - Loss 0.058757
2026-06-20 22:38:11 | Epoch 3 - Batch 276 - Loss 0.056598
2026-06-20 22:38:11 | Epoch 3 - Batch 277 - Loss 0.059471
2026-06-20 22:38:12 | Epoch 3 - Batch 278 - Loss 0.060497
2026-06-20 22:38:12 | Epoch 3 - Batch 279 - Loss 0.059090
2026-06-20 22:38:12 | Epoch 3 - Batch 280 - Loss 0.057517
2026-06-20 22:38:12 | Epoch 3 - Batch 281 - Loss 0.057568
2026-06-20 22:38:12 | Epoch 3 - Batch 282 - Loss 0.058157
2026-06-20 22:38:12 | Epoch 3 - Batch 283 - Loss 0.058022
2026-06-20 22:38:12 | Epoch 3 - Batch 284 - Loss 0.056921
2026-06-20 22:38:12 | Epoch 3 - Batch 285 - Loss 0.059882
2026-06-20 22:38:12 | Epoch 3 - Batch 286 - Loss 0.059265
2026-06-20 22:38:12 | Epoch 3 - Batch 287 - Loss 0.056011
2026-06-20 22:38:12 | Epoch 3 - Batch 288 - Loss 0.058255
2026-06-20 22:38:12 | Epoch 3 - Batch 289 - Loss 0.054929
2026-06-20 22:38:12 | Epoch 3 - Batch 290 - Loss 0.057277
2026-06-20 22:38:12 | Epoch 3 - Batch 291 - Loss 0.056580
2026-06-20 22:38:12 | Epoch 3 - Batch 292 - Loss 0.057314
2026-06-20 22:38:12 | Epoch 3 - Batch 293 - Loss 0.055878
2026-06-20 22:38:12 | Epoch 3 - Batch 294 - Loss 0.058798
2026-06-20 22:38:12 | Epoch 3 - Batch 295 - Loss 0.059864
2026-06-20 22:38:12 | Epoch 3 - Batch 296 - Loss 0.057901
2026-06-20 22:38:12 | Epoch 3 - Batch 297 - Loss 0.058462
2026-06-20 22:38:12 | Epoch 3 - Batch 298 - Loss 0.058298
2026-06-20 22:38:12 | Epoch 3 - Batch 299 - Loss 0.055856
2026-06-20 22:38:12 | Epoch 3 - Batch 300 - Loss 0.058530
2026-06-20 22:38:12 | Epoch 3 - Batch 301 - Loss 0.055814
2026-06-20 22:38:12 | Epoch 3 - Batch 302 - Loss 0.056734
2026-06-20 22:38:12 | Epoch 3 - Batch 303 - Loss 0.056825
2026-06-20 22:38:12 | Epoch 3 - Batch 304 - Loss 0.058982
2026-06-20 22:38:12 | Epoch 3 - Batch 305 - Loss 0.056758
2026-06-20 22:38:12 | Epoch 3 - Batch 306 - Loss 0.056350
2026-06-20 22:38:12 | Epoch 3 - Batch 307 - Loss 0.055378
2026-06-20 22:38:13 | Epoch 3 - Batch 308 - Loss 0.057676
2026-06-20 22:38:13 | Epoch 3 - Batch 309 - Loss 0.056545
2026-06-20 22:38:13 | Epoch 3 - Batch 310 - Loss 0.057884
2026-06-20 22:38:13 | Epoch 3 - Batch 311 - Loss 0.056351
2026-06-20 22:38:13 | Epoch 3 - Batch 312 - Loss 0.057545
2026-06-20 22:38:13 | Epoch 3 - Batch 313 - Loss 0.058626
2026-06-20 22:38:13 | Epoch 3 - Batch 314 - Loss 0.059608
2026-06-20 22:38:13 | Epoch 3 - Batch 315 - Loss 0.059586
2026-06-20 22:38:13 | Epoch 3 - Batch 316 - Loss 0.054126
2026-06-20 22:38:13 | Epoch 3 - Batch 317 - Loss 0.057946
2026-06-20 22:38:13 | Epoch 3 - Batch 318 - Loss 0.059836
2026-06-20 22:38:13 | Epoch 3 - Batch 319 - Loss 0.056524
2026-06-20 22:38:13 | Epoch 3 - Batch 320 - Loss 0.058629
2026-06-20 22:38:13 | Epoch 3 - Batch 321 - Loss 0.058070
2026-06-20 22:38:13 | Epoch 3 - Batch 322 - Loss 0.057118
2026-06-20 22:38:13 | Epoch 3 - Batch 323 - Loss 0.057457
2026-06-20 22:38:13 | Epoch 3 - Batch 324 - Loss 0.058640
2026-06-20 22:38:13 | Epoch 3 - Batch 325 - Loss 0.055523
2026-06-20 22:38:13 | Epoch 3 - Batch 326 - Loss 0.056225
2026-06-20 22:38:13 | Epoch 3 - Batch 327 - Loss 0.058107
2026-06-20 22:38:13 | Epoch 3 - Batch 328 - Loss 0.055158
2026-06-20 22:38:13 | Epoch 3 - Batch 329 - Loss 0.056171
2026-06-20 22:38:13 | Epoch 3 - Batch 330 - Loss 0.054639
2026-06-20 22:38:13 | Epoch 3 - Batch 331 - Loss 0.054555
2026-06-20 22:38:13 | Epoch 3 - Batch 332 - Loss 0.055637
2026-06-20 22:38:13 | Epoch 3 - Batch 333 - Loss 0.057311
2026-06-20 22:38:13 | Epoch 3 - Batch 334 - Loss 0.055525
2026-06-20 22:38:13 | Epoch 3 - Batch 335 - Loss 0.056161
2026-06-20 22:38:13 | Epoch 3 - Batch 336 - Loss 0.056771
2026-06-20 22:38:13 | Epoch 3 - Batch 337 - Loss 0.059519
2026-06-20 22:38:13 | Epoch 3 - Batch 338 - Loss 0.056864
2026-06-20 22:38:14 | Epoch 3 - Batch 339 - Loss 0.054261
2026-06-20 22:38:14 | Epoch 3 - Batch 340 - Loss 0.056691
2026-06-20 22:38:14 | Epoch 3 - Batch 341 - Loss 0.056555
2026-06-20 22:38:14 | Epoch 3 - Batch 342 - Loss 0.054310
2026-06-20 22:38:14 | Epoch 3 - Batch 343 - Loss 0.053463
2026-06-20 22:38:14 | Epoch 3 - Batch 344 - Loss 0.055923
2026-06-20 22:38:14 | Epoch 3 - Batch 345 - Loss 0.056119
2026-06-20 22:38:14 | Epoch 3 - Batch 346 - Loss 0.056879
2026-06-20 22:38:14 | Epoch 3 - Batch 347 - Loss 0.058964
2026-06-20 22:38:14 | Epoch 3 - Batch 348 - Loss 0.054747
2026-06-20 22:38:14 | Epoch 3 - Batch 349 - Loss 0.058884
2026-06-20 22:38:14 | Epoch 3 - Batch 350 - Loss 0.057081
2026-06-20 22:38:14 | Epoch 3 - Batch 351 - Loss 0.059496
2026-06-20 22:38:14 | Epoch 3 - Batch 352 - Loss 0.055613
2026-06-20 22:38:14 | Epoch 3 - Batch 353 - Loss 0.057797
2026-06-20 22:38:14 | Epoch 3 - Batch 354 - Loss 0.056233
2026-06-20 22:38:14 | Epoch 3 - Batch 355 - Loss 0.056184
2026-06-20 22:38:14 | Epoch 3 - Batch 356 - Loss 0.056579
2026-06-20 22:38:14 | Epoch 3 - Batch 357 - Loss 0.057718
2026-06-20 22:38:14 | Epoch 3 - Batch 358 - Loss 0.056183
2026-06-20 22:38:14 | Epoch 3 - Batch 359 - Loss 0.059077
2026-06-20 22:38:14 | Epoch 3 - Batch 360 - Loss 0.055417
2026-06-20 22:38:14 | Epoch 3 - Batch 361 - Loss 0.059452
2026-06-20 22:38:14 | Epoch 3 - Batch 362 - Loss 0.054308
2026-06-20 22:38:14 | Epoch 3 - Batch 363 - Loss 0.056867
2026-06-20 22:38:14 | Epoch 3 - Batch 364 - Loss 0.055827
2026-06-20 22:38:14 | Epoch 3 - Batch 365 - Loss 0.056125
2026-06-20 22:38:14 | Epoch 3 - Batch 366 - Loss 0.057091
2026-06-20 22:38:14 | Epoch 3 - Batch 367 - Loss 0.058667
2026-06-20 22:38:14 | Epoch 3 - Batch 368 - Loss 0.059930
2026-06-20 22:38:15 | Epoch 3 - Batch 369 - Loss 0.056015
2026-06-20 22:38:15 | Epoch 3 - Batch 370 - Loss 0.058387
2026-06-20 22:38:15 | Epoch 3 - Batch 371 - Loss 0.058445
2026-06-20 22:38:15 | Epoch 3 - Batch 372 - Loss 0.057741
2026-06-20 22:38:15 | Epoch 3 - Batch 373 - Loss 0.058055
2026-06-20 22:38:15 | Epoch 3 - Batch 374 - Loss 0.057241
2026-06-20 22:38:15 | Epoch 3 - Batch 375 - Loss 0.056197
2026-06-20 22:38:15 | Epoch 3 - Batch 376 - Loss 0.058234
2026-06-20 22:38:15 | Epoch 3 - Batch 377 - Loss 0.056166
2026-06-20 22:38:15 | Epoch 3 - Batch 378 - Loss 0.055537
2026-06-20 22:38:15 | Epoch 3 - Batch 379 - Loss 0.058389
2026-06-20 22:38:15 | Epoch 3 - Batch 380 - Loss 0.054144
2026-06-20 22:38:15 | Epoch 3 - Batch 381 - Loss 0.055578
2026-06-20 22:38:15 | Epoch 3 - Batch 382 - Loss 0.057652
2026-06-20 22:38:15 | Epoch 3 - Batch 383 - Loss 0.055937
2026-06-20 22:38:15 | Epoch 3 - Batch 384 - Loss 0.056517
2026-06-20 22:38:15 | Epoch 3 - Batch 385 - Loss 0.056804
2026-06-20 22:38:15 | Epoch 3 - Batch 386 - Loss 0.057615
2026-06-20 22:38:15 | Epoch 3 - Batch 387 - Loss 0.055589
2026-06-20 22:38:15 | Epoch 3 - Batch 388 - Loss 0.058782
2026-06-20 22:38:15 | Epoch 3 - Batch 389 - Loss 0.057635
2026-06-20 22:38:15 | Epoch 3 - Batch 390 - Loss 0.055224
2026-06-20 22:38:15 | Epoch 3 - Batch 391 - Loss 0.057376
2026-06-20 22:38:15 | Epoch 3 - Batch 392 - Loss 0.053821
2026-06-20 22:38:15 | Epoch 3 - Batch 393 - Loss 0.056092
2026-06-20 22:38:15 | Epoch 3 - Batch 394 - Loss 0.055802
2026-06-20 22:38:15 | Epoch 3 - Batch 395 - Loss 0.057179
2026-06-20 22:38:15 | Epoch 3 - Batch 396 - Loss 0.055270
2026-06-20 22:38:15 | Epoch 3 - Batch 397 - Loss 0.057924
2026-06-20 22:38:15 | Epoch 3 - Batch 398 - Loss 0.055181
2026-06-20 22:38:16 | Epoch 3 - Batch 399 - Loss 0.060109
2026-06-20 22:38:16 | Epoch 3 - Batch 400 - Loss 0.057303
2026-06-20 22:38:16 | Epoch 3 - Batch 401 - Loss 0.054739
2026-06-20 22:38:16 | Epoch 3 - Batch 402 - Loss 0.059552
2026-06-20 22:38:16 | Epoch 3 - Batch 403 - Loss 0.057794
2026-06-20 22:38:16 | Epoch 3 - Batch 404 - Loss 0.056793
2026-06-20 22:38:16 | Epoch 3 - Batch 405 - Loss 0.057812
2026-06-20 22:38:16 | Epoch 3 - Batch 406 - Loss 0.056244
2026-06-20 22:38:16 | Epoch 3 - Batch 407 - Loss 0.058067
2026-06-20 22:38:16 | Epoch 3 - Batch 408 - Loss 0.057520
2026-06-20 22:38:16 | Epoch 3 - Batch 409 - Loss 0.059143
2026-06-20 22:38:16 | Epoch 3 - Batch 410 - Loss 0.058986
2026-06-20 22:38:16 | Epoch 3 - Batch 411 - Loss 0.055167
2026-06-20 22:38:16 | Epoch 3 - Batch 412 - Loss 0.058633
2026-06-20 22:38:16 | Epoch 3 - Batch 413 - Loss 0.058225
2026-06-20 22:38:16 | Epoch 3 - Batch 414 - Loss 0.058462
2026-06-20 22:38:16 | Epoch 3 - Batch 415 - Loss 0.055496
2026-06-20 22:38:16 | Epoch 3 - Batch 416 - Loss 0.055165
2026-06-20 22:38:16 | Epoch 3 - Batch 417 - Loss 0.057402
2026-06-20 22:38:16 | Epoch 3 - Batch 418 - Loss 0.055394
2026-06-20 22:38:16 | Epoch 3 - Batch 419 - Loss 0.057031
2026-06-20 22:38:16 | Epoch 3 - Batch 420 - Loss 0.057202
2026-06-20 22:38:16 | Epoch 3 - Batch 421 - Loss 0.058260
2026-06-20 22:38:16 | Epoch 3 - Batch 422 - Loss 0.057737
2026-06-20 22:38:16 | Epoch 3 - Batch 423 - Loss 0.058068
2026-06-20 22:38:16 | Epoch 3 - Batch 424 - Loss 0.055255
2026-06-20 22:38:16 | Epoch 3 - Batch 425 - Loss 0.056650
2026-06-20 22:38:16 | Epoch 3 - Batch 426 - Loss 0.060230
2026-06-20 22:38:16 | Epoch 3 - Batch 427 - Loss 0.057903
2026-06-20 22:38:16 | Epoch 3 - Batch 428 - Loss 0.057142
2026-06-20 22:38:17 | Epoch 3 - Batch 429 - Loss 0.054804
2026-06-20 22:38:17 | Epoch 3 - Batch 430 - Loss 0.059888
2026-06-20 22:38:17 | Epoch 3 - Batch 431 - Loss 0.055727
2026-06-20 22:38:17 | Epoch 3 - Batch 432 - Loss 0.054670
2026-06-20 22:38:17 | Epoch 3 - Batch 433 - Loss 0.059441
2026-06-20 22:38:17 | Epoch 3 - Batch 434 - Loss 0.056249
2026-06-20 22:38:17 | Epoch 3 - Batch 435 - Loss 0.057188
2026-06-20 22:38:17 | Epoch 3 - Batch 436 - Loss 0.057225
2026-06-20 22:38:17 | Epoch 3 - Batch 437 - Loss 0.054883
2026-06-20 22:38:17 | Epoch 3 - Batch 438 - Loss 0.056453
2026-06-20 22:38:17 | Epoch 3 - Batch 439 - Loss 0.054886
2026-06-20 22:38:17 | Epoch 3 - Batch 440 - Loss 0.057480
2026-06-20 22:38:17 | Epoch 3 - Batch 441 - Loss 0.059390
2026-06-20 22:38:17 | Epoch 3 - Batch 442 - Loss 0.056573
2026-06-20 22:38:17 | Epoch 3 - Batch 443 - Loss 0.057043
2026-06-20 22:38:17 | Epoch 3 - Batch 444 - Loss 0.055781
2026-06-20 22:38:17 | Epoch 3 - Batch 445 - Loss 0.057570
2026-06-20 22:38:17 | Epoch 3 - Batch 446 - Loss 0.056237
2026-06-20 22:38:17 | Epoch 3 - Batch 447 - Loss 0.055617
2026-06-20 22:38:17 | Epoch 3 - Batch 448 - Loss 0.058213
2026-06-20 22:38:17 | Epoch 3 - Batch 449 - Loss 0.059494
2026-06-20 22:38:17 | Epoch 3 - Batch 450 - Loss 0.056087
2026-06-20 22:38:17 | Epoch 3 - Batch 451 - Loss 0.057598
2026-06-20 22:38:17 | Epoch 3 - Batch 452 - Loss 0.056796
2026-06-20 22:38:17 | Epoch 3 - Batch 453 - Loss 0.058713
2026-06-20 22:38:17 | Epoch 3 - Batch 454 - Loss 0.056621
2026-06-20 22:38:17 | Epoch 3 - Batch 455 - Loss 0.056306
2026-06-20 22:38:17 | Epoch 3 - Batch 456 - Loss 0.057280
2026-06-20 22:38:17 | Epoch 3 - Batch 457 - Loss 0.057058
2026-06-20 22:38:17 | Epoch 3 - Batch 458 - Loss 0.056689
2026-06-20 22:38:18 | Epoch 3 - Batch 459 - Loss 0.056008
2026-06-20 22:38:18 | Epoch 3 - Batch 460 - Loss 0.058861
2026-06-20 22:38:18 | Epoch 3 - Batch 461 - Loss 0.055160
2026-06-20 22:38:18 | Epoch 3 - Batch 462 - Loss 0.055800
2026-06-20 22:38:18 | Epoch 3 - Batch 463 - Loss 0.057174
2026-06-20 22:38:18 | Epoch 3 - Batch 464 - Loss 0.059057
2026-06-20 22:38:18 | Epoch 3 - Batch 465 - Loss 0.058185
2026-06-20 22:38:18 | Epoch 3 - Batch 466 - Loss 0.056653
2026-06-20 22:38:18 | Epoch 3 - Batch 467 - Loss 0.055895
2026-06-20 22:38:18 | Epoch 3 - Batch 468 - Loss 0.057988
2026-06-20 22:38:18 | Epoch 3 - Batch 469 - Loss 0.056316
2026-06-20 22:38:18 | Epoch 3 - Batch 470 - Loss 0.057097
2026-06-20 22:38:18 | Epoch 3 - Batch 471 - Loss 0.054093
2026-06-20 22:38:18 | Epoch 3 - Batch 472 - Loss 0.056539
2026-06-20 22:38:18 | Epoch 3 - Batch 473 - Loss 0.057677
2026-06-20 22:38:18 | Epoch 3 - Batch 474 - Loss 0.057351
2026-06-20 22:38:18 | Epoch 3 - Batch 475 - Loss 0.053584
2026-06-20 22:38:18 | Epoch 3 - Batch 476 - Loss 0.057554
2026-06-20 22:38:18 | Epoch 3 - Batch 477 - Loss 0.056267
2026-06-20 22:38:18 | Epoch 3 - Batch 478 - Loss 0.057087
2026-06-20 22:38:18 | Epoch 3 - Batch 479 - Loss 0.056558
2026-06-20 22:38:18 | Epoch 3 - Batch 480 - Loss 0.054848
2026-06-20 22:38:18 | Epoch 3 - Batch 481 - Loss 0.057415
2026-06-20 22:38:18 | Epoch 3 - Batch 482 - Loss 0.055602
2026-06-20 22:38:18 | Epoch 3 - Batch 483 - Loss 0.056630
2026-06-20 22:38:18 | Epoch 3 - Batch 484 - Loss 0.054619
2026-06-20 22:38:18 | Epoch 3 - Batch 485 - Loss 0.055470
2026-06-20 22:38:18 | Epoch 3 - Batch 486 - Loss 0.054996
2026-06-20 22:38:18 | Epoch 3 - Batch 487 - Loss 0.059749
2026-06-20 22:38:18 | Epoch 3 - Batch 488 - Loss 0.056361
2026-06-20 22:38:19 | Epoch 3 - Batch 489 - Loss 0.055873
2026-06-20 22:38:19 | Epoch 3 - Batch 490 - Loss 0.055559
2026-06-20 22:38:19 | Epoch 3 - Batch 491 - Loss 0.057022
2026-06-20 22:38:19 | Epoch 3 - Batch 492 - Loss 0.056074
2026-06-20 22:38:19 | Epoch 3 - Batch 493 - Loss 0.055466
2026-06-20 22:38:19 | Epoch 3 - Batch 494 - Loss 0.054950
2026-06-20 22:38:19 | Epoch 3 - Batch 495 - Loss 0.055789
2026-06-20 22:38:19 | Epoch 3 - Batch 496 - Loss 0.056355
2026-06-20 22:38:19 | Epoch 3 - Batch 497 - Loss 0.055027
2026-06-20 22:38:19 | Epoch 3 - Batch 498 - Loss 0.056082
2026-06-20 22:38:19 | Epoch 3 - Batch 499 - Loss 0.058360
2026-06-20 22:38:19 | Epoch 3 - Batch 500 - Loss 0.054870
2026-06-20 22:38:19 | Epoch 3 - Batch 501 - Loss 0.053961
2026-06-20 22:38:19 | Epoch 3 - Batch 502 - Loss 0.055800
2026-06-20 22:38:19 | Epoch 3 - Batch 503 - Loss 0.055228
2026-06-20 22:38:19 | Epoch 3 - Batch 504 - Loss 0.054756
2026-06-20 22:38:19 | Epoch 3 - Batch 505 - Loss 0.055885
2026-06-20 22:38:19 | Epoch 3 - Batch 506 - Loss 0.055396
2026-06-20 22:38:19 | Epoch 3 - Batch 507 - Loss 0.055755
2026-06-20 22:38:19 | Epoch 3 - Batch 508 - Loss 0.056386
2026-06-20 22:38:19 | Epoch 3 - Batch 509 - Loss 0.057473
2026-06-20 22:38:19 | Epoch 3 - Batch 510 - Loss 0.056094
2026-06-20 22:38:19 | Epoch 3 - Batch 511 - Loss 0.058677
2026-06-20 22:38:19 | Epoch 3 - Batch 512 - Loss 0.054656
2026-06-20 22:38:19 | Epoch 3 - Batch 513 - Loss 0.056169
2026-06-20 22:38:19 | Epoch 3 - Batch 514 - Loss 0.057700
2026-06-20 22:38:19 | Epoch 3 - Batch 515 - Loss 0.057024
2026-06-20 22:38:19 | Epoch 3 - Batch 516 - Loss 0.054846
2026-06-20 22:38:19 | Epoch 3 - Batch 517 - Loss 0.057314
2026-06-20 22:38:19 | Epoch 3 - Batch 518 - Loss 0.059417
2026-06-20 22:38:19 | Epoch 3 - Batch 519 - Loss 0.054818
2026-06-20 22:38:20 | Epoch 3 - Batch 520 - Loss 0.056842
2026-06-20 22:38:20 | Epoch 3 - Batch 521 - Loss 0.056600
2026-06-20 22:38:20 | Epoch 3 - Batch 522 - Loss 0.055595
2026-06-20 22:38:20 | Epoch 3 - Batch 523 - Loss 0.058186
2026-06-20 22:38:20 | Epoch 3 - Batch 524 - Loss 0.057444
2026-06-20 22:38:20 | Epoch 3 - Batch 525 - Loss 0.058040
2026-06-20 22:38:20 | Epoch 3 - Batch 526 - Loss 0.053940
2026-06-20 22:38:20 | Epoch 3 - Batch 527 - Loss 0.058228
2026-06-20 22:38:20 | Epoch 3 - Batch 528 - Loss 0.057640
2026-06-20 22:38:20 | Epoch 3 - Batch 529 - Loss 0.056768
2026-06-20 22:38:20 | Epoch 3 - Batch 530 - Loss 0.055083
2026-06-20 22:38:20 | Epoch 3 - Batch 531 - Loss 0.054993
2026-06-20 22:38:20 | Epoch 3 - Batch 532 - Loss 0.054923
2026-06-20 22:38:20 | Epoch 3 - Batch 533 - Loss 0.056452
2026-06-20 22:38:20 | Epoch 3 - Batch 534 - Loss 0.056212
2026-06-20 22:38:20 | Epoch 3 - Batch 535 - Loss 0.055634
2026-06-20 22:38:20 | Epoch 3 - Batch 536 - Loss 0.056535
2026-06-20 22:38:20 | Epoch 3 - Batch 537 - Loss 0.055758
2026-06-20 22:38:20 | Epoch 3 - Batch 538 - Loss 0.057046
2026-06-20 22:38:20 | Epoch 3 - Batch 539 - Loss 0.056755
2026-06-20 22:38:20 | Epoch 3 - Batch 540 - Loss 0.056651
2026-06-20 22:38:20 | Epoch 3 - Batch 541 - Loss 0.056090
2026-06-20 22:38:20 | Epoch 3 - Batch 542 - Loss 0.056576
2026-06-20 22:38:20 | Epoch 3 - Batch 543 - Loss 0.056413
2026-06-20 22:38:20 | Epoch 3 - Batch 544 - Loss 0.057262
2026-06-20 22:38:20 | Epoch 3 - Batch 545 - Loss 0.054768
2026-06-20 22:38:20 | Epoch 3 - Batch 546 - Loss 0.053941
2026-06-20 22:38:20 | Epoch 3 - Batch 547 - Loss 0.056232
2026-06-20 22:38:20 | Epoch 3 - Batch 548 - Loss 0.057682
2026-06-20 22:38:20 | Epoch 3 - Batch 549 - Loss 0.054246
2026-06-20 22:38:21 | Epoch 3 - Batch 550 - Loss 0.056386
2026-06-20 22:38:21 | Epoch 3 - Batch 551 - Loss 0.054870
2026-06-20 22:38:21 | Epoch 3 - Batch 552 - Loss 0.055599
2026-06-20 22:38:21 | Epoch 3 - Batch 553 - Loss 0.056953
2026-06-20 22:38:21 | Epoch 3 - Batch 554 - Loss 0.056870
2026-06-20 22:38:21 | Epoch 3 - Batch 555 - Loss 0.054445
2026-06-20 22:38:21 | Epoch 3 - Batch 556 - Loss 0.058213
2026-06-20 22:38:21 | Epoch 3 - Batch 557 - Loss 0.056990
2026-06-20 22:38:21 | Epoch 3 - Batch 558 - Loss 0.056676
2026-06-20 22:38:21 | Epoch 3 - Batch 559 - Loss 0.054541
2026-06-20 22:38:21 | Epoch 3 - Batch 560 - Loss 0.057178
2026-06-20 22:38:21 | Epoch 3 - Batch 561 - Loss 0.055410
2026-06-20 22:38:21 | Epoch 3 - Batch 562 - Loss 0.056073
2026-06-20 22:38:21 | Epoch 3 - Batch 563 - Loss 0.056695
2026-06-20 22:38:21 | Epoch 3 - Batch 564 - Loss 0.055159
2026-06-20 22:38:21 | Epoch 3 - Batch 565 - Loss 0.057498
2026-06-20 22:38:21 | Epoch 3 - Batch 566 - Loss 0.055938
2026-06-20 22:38:21 | Epoch 3 - Batch 567 - Loss 0.058170
2026-06-20 22:38:21 | Epoch 3 - Batch 568 - Loss 0.055797
2026-06-20 22:38:21 | Epoch 3 - Batch 569 - Loss 0.056753
2026-06-20 22:38:21 | Epoch 3 - Batch 570 - Loss 0.055983
2026-06-20 22:38:21 | Epoch 3 - Batch 571 - Loss 0.055591
2026-06-20 22:38:21 | Epoch 3 - Batch 572 - Loss 0.054961
2026-06-20 22:38:21 | Epoch 3 - Batch 573 - Loss 0.055515
2026-06-20 22:38:21 | Epoch 3 - Batch 574 - Loss 0.056457
2026-06-20 22:38:21 | Epoch 3 - Batch 575 - Loss 0.056565
2026-06-20 22:38:21 | Epoch 3 - Batch 576 - Loss 0.056343
2026-06-20 22:38:21 | Epoch 3 - Batch 577 - Loss 0.056139
2026-06-20 22:38:21 | Epoch 3 - Batch 578 - Loss 0.056515
2026-06-20 22:38:21 | Epoch 3 - Batch 579 - Loss 0.057545
2026-06-20 22:38:22 | Epoch 3 - Batch 580 - Loss 0.055912
2026-06-20 22:38:22 | Epoch 3 - Batch 581 - Loss 0.056069
2026-06-20 22:38:22 | Epoch 3 - Batch 582 - Loss 0.059112
2026-06-20 22:38:22 | Epoch 3 - Batch 583 - Loss 0.055316
2026-06-20 22:38:22 | Epoch 3 - Batch 584 - Loss 0.057064
2026-06-20 22:38:22 | Epoch 3 - Batch 585 - Loss 0.057057
2026-06-20 22:38:22 | Epoch 3 - Batch 586 - Loss 0.056271
2026-06-20 22:38:22 | Epoch 3 - Batch 587 - Loss 0.057496
2026-06-20 22:38:22 | Epoch 3 - Batch 588 - Loss 0.055454
2026-06-20 22:38:22 | Epoch 3 - Batch 589 - Loss 0.056424
2026-06-20 22:38:22 | Epoch 3 - Batch 590 - Loss 0.054956
2026-06-20 22:38:22 | Epoch 3 - Batch 591 - Loss 0.055357
2026-06-20 22:38:22 | Epoch 3 - Batch 592 - Loss 0.056663
2026-06-20 22:38:22 | Epoch 3 - Batch 593 - Loss 0.052810
2026-06-20 22:38:22 | Epoch 3 - Batch 594 - Loss 0.055920
2026-06-20 22:38:22 | Epoch 3 - Batch 595 - Loss 0.055677
2026-06-20 22:38:22 | Epoch 3 - Batch 596 - Loss 0.054539
2026-06-20 22:38:22 | Epoch 3 - Batch 597 - Loss 0.055944
2026-06-20 22:38:22 | Epoch 3 - Batch 598 - Loss 0.054836
2026-06-20 22:38:22 | Epoch 3 - Batch 599 - Loss 0.059014
2026-06-20 22:38:22 | Epoch 3 - Batch 600 - Loss 0.055888
2026-06-20 22:38:22 | Epoch 3 - Batch 601 - Loss 0.055291
2026-06-20 22:38:22 | Epoch 3 - Batch 602 - Loss 0.056701
2026-06-20 22:38:22 | Epoch 3 - Batch 603 - Loss 0.055906
2026-06-20 22:38:22 | Epoch 3 - Batch 604 - Loss 0.056733
2026-06-20 22:38:22 | Epoch 3 - Batch 605 - Loss 0.054892
2026-06-20 22:38:22 | Epoch 3 - Batch 606 - Loss 0.056650
2026-06-20 22:38:22 | Epoch 3 - Batch 607 - Loss 0.054265
2026-06-20 22:38:22 | Epoch 3 - Batch 608 - Loss 0.058548
2026-06-20 22:38:22 | Epoch 3 - Batch 609 - Loss 0.056756
2026-06-20 22:38:23 | Epoch 3 - Batch 610 - Loss 0.054397
2026-06-20 22:38:23 | Epoch 3 - Batch 611 - Loss 0.055599
2026-06-20 22:38:23 | Epoch 3 - Batch 612 - Loss 0.053922
2026-06-20 22:38:23 | Epoch 3 - Batch 613 - Loss 0.057956
2026-06-20 22:38:23 | Epoch 3 - Batch 614 - Loss 0.054826
2026-06-20 22:38:23 | Epoch 3 - Batch 615 - Loss 0.053789
2026-06-20 22:38:23 | Epoch 3 - Batch 616 - Loss 0.053283
2026-06-20 22:38:23 | Epoch 3 - Batch 617 - Loss 0.052512
2026-06-20 22:38:23 | Epoch 3 - Batch 618 - Loss 0.054850
2026-06-20 22:38:23 | Epoch 3 - Batch 619 - Loss 0.055203
2026-06-20 22:38:23 | Epoch 3 - Batch 620 - Loss 0.056054
2026-06-20 22:38:23 | Epoch 3 - Batch 621 - Loss 0.057260
2026-06-20 22:38:23 | Epoch 3 - Batch 622 - Loss 0.055131
2026-06-20 22:38:23 | Epoch 3 - Batch 623 - Loss 0.055191
2026-06-20 22:38:23 | Epoch 3 - Batch 624 - Loss 0.057364
2026-06-20 22:38:23 | Epoch 3 - Batch 625 - Loss 0.055037
2026-06-20 22:38:23 | Epoch 3 - Batch 626 - Loss 0.056938
2026-06-20 22:38:23 | Epoch 3 - Batch 627 - Loss 0.056046
2026-06-20 22:38:23 | Epoch 3 - Batch 628 - Loss 0.054578
2026-06-20 22:38:23 | Epoch 3 - Batch 629 - Loss 0.056569
2026-06-20 22:38:23 | Epoch 3 - Batch 630 - Loss 0.055795
2026-06-20 22:38:23 | Epoch 3 - Batch 631 - Loss 0.057949
2026-06-20 22:38:23 | Epoch 3 - Batch 632 - Loss 0.055183
2026-06-20 22:38:23 | Epoch 3 - Batch 633 - Loss 0.056013
2026-06-20 22:38:23 | Epoch 3 - Batch 634 - Loss 0.055623
2026-06-20 22:38:23 | Epoch 3 - Batch 635 - Loss 0.054802
2026-06-20 22:38:23 | Epoch 3 - Batch 636 - Loss 0.054587
2026-06-20 22:38:23 | Epoch 3 - Batch 637 - Loss 0.053368
2026-06-20 22:38:23 | Epoch 3 - Batch 638 - Loss 0.053034
2026-06-20 22:38:23 | Epoch 3 - Batch 639 - Loss 0.056762
2026-06-20 22:38:24 | Epoch 3 - Batch 640 - Loss 0.057065
2026-06-20 22:38:24 | Epoch 3 - Batch 641 - Loss 0.054287
2026-06-20 22:38:24 | Epoch 3 - Batch 642 - Loss 0.053219
2026-06-20 22:38:24 | Epoch 3 - Batch 643 - Loss 0.055494
2026-06-20 22:38:24 | Epoch 3 - Batch 644 - Loss 0.057280
2026-06-20 22:38:24 | Epoch 3 - Batch 645 - Loss 0.054124
2026-06-20 22:38:24 | Epoch 3 - Batch 646 - Loss 0.054208
2026-06-20 22:38:24 | Epoch 3 - Batch 647 - Loss 0.051800
2026-06-20 22:38:24 | Epoch 3 - Batch 648 - Loss 0.055634
2026-06-20 22:38:24 | Epoch 3 - Batch 649 - Loss 0.055260
2026-06-20 22:38:24 | Epoch 3 - Batch 650 - Loss 0.055850
2026-06-20 22:38:24 | Epoch 3 - Batch 651 - Loss 0.057529
2026-06-20 22:38:24 | Epoch 3 - Batch 652 - Loss 0.055703
2026-06-20 22:38:24 | Epoch 3 - Batch 653 - Loss 0.054968
2026-06-20 22:38:24 | Epoch 3 - Batch 654 - Loss 0.057085
2026-06-20 22:38:24 | Epoch 3 - Batch 655 - Loss 0.054405
2026-06-20 22:38:24 | Epoch 3 - Batch 656 - Loss 0.053016
2026-06-20 22:38:24 | Epoch 3 - Batch 657 - Loss 0.055087
2026-06-20 22:38:24 | Epoch 3 - Batch 658 - Loss 0.058197
2026-06-20 22:38:24 | Epoch 3 - Batch 659 - Loss 0.056172
2026-06-20 22:38:24 | Epoch 3 - Batch 660 - Loss 0.056403
2026-06-20 22:38:24 | Epoch 3 - Batch 661 - Loss 0.058209
2026-06-20 22:38:24 | Epoch 3 - Batch 662 - Loss 0.054947
2026-06-20 22:38:24 | Epoch 3 - Batch 663 - Loss 0.056407
2026-06-20 22:38:24 | Epoch 3 - Batch 664 - Loss 0.056475
2026-06-20 22:38:24 | Epoch 3 - Batch 665 - Loss 0.055904
2026-06-20 22:38:24 | Epoch 3 - Batch 666 - Loss 0.053991
2026-06-20 22:38:24 | Epoch 3 - Batch 667 - Loss 0.054233
2026-06-20 22:38:24 | Epoch 3 - Batch 668 - Loss 0.053973
2026-06-20 22:38:24 | Epoch 3 - Batch 669 - Loss 0.053150
2026-06-20 22:38:25 | Epoch 3 - Batch 670 - Loss 0.056862
2026-06-20 22:38:25 | Epoch 3 - Batch 671 - Loss 0.053017
2026-06-20 22:38:25 | Epoch 3 - Batch 672 - Loss 0.052117
2026-06-20 22:38:25 | Epoch 3 - Batch 673 - Loss 0.056118
2026-06-20 22:38:25 | Epoch 3 - Batch 674 - Loss 0.055322
2026-06-20 22:38:25 | Epoch 3 - Batch 675 - Loss 0.052879
2026-06-20 22:38:25 | Epoch 3 - Batch 676 - Loss 0.054525
2026-06-20 22:38:25 | Epoch 3 - Batch 677 - Loss 0.053238
2026-06-20 22:38:25 | Epoch 3 - Batch 678 - Loss 0.054786
2026-06-20 22:38:25 | Epoch 3 - Batch 679 - Loss 0.056577
2026-06-20 22:38:25 | Epoch 3 - Batch 680 - Loss 0.056415
2026-06-20 22:38:25 | Epoch 3 - Batch 681 - Loss 0.053321
2026-06-20 22:38:25 | Epoch 3 - Batch 682 - Loss 0.059146
2026-06-20 22:38:25 | Epoch 3 - Batch 683 - Loss 0.052633
2026-06-20 22:38:25 | Epoch 3 - Batch 684 - Loss 0.054421
2026-06-20 22:38:25 | Epoch 3 - Batch 685 - Loss 0.053348
2026-06-20 22:38:25 | Epoch 3 - Batch 686 - Loss 0.056658
2026-06-20 22:38:25 | Epoch 3 - Batch 687 - Loss 0.055059
2026-06-20 22:38:25 | Epoch 3 - Batch 688 - Loss 0.054228
2026-06-20 22:38:25 | Epoch 3 - Batch 689 - Loss 0.054107
2026-06-20 22:38:25 | Epoch 3 - Batch 690 - Loss 0.053572
2026-06-20 22:38:25 | Epoch 3 - Batch 691 - Loss 0.056284
2026-06-20 22:38:25 | Epoch 3 - Batch 692 - Loss 0.056848
2026-06-20 22:38:25 | Epoch 3 - Batch 693 - Loss 0.055651
2026-06-20 22:38:25 | Epoch 3 - Batch 694 - Loss 0.054561
2026-06-20 22:38:25 | Epoch 3 - Batch 695 - Loss 0.053827
2026-06-20 22:38:25 | Epoch 3 - Batch 696 - Loss 0.056301
2026-06-20 22:38:25 | Epoch 3 - Batch 697 - Loss 0.054985
2026-06-20 22:38:25 | Epoch 3 - Batch 698 - Loss 0.055359
2026-06-20 22:38:25 | Epoch 3 - Batch 699 - Loss 0.053619
2026-06-20 22:38:25 | Epoch 3 - Batch 700 - Loss 0.054169
2026-06-20 22:38:26 | Epoch 3 - Batch 701 - Loss 0.054882
2026-06-20 22:38:26 | Epoch 3 - Batch 702 - Loss 0.053738
2026-06-20 22:38:26 | Epoch 3 - Batch 703 - Loss 0.056407
2026-06-20 22:38:26 | Epoch 3 - Batch 704 - Loss 0.055456
2026-06-20 22:38:26 | Epoch 3 - Batch 705 - Loss 0.055564
2026-06-20 22:38:26 | Epoch 3 - Batch 706 - Loss 0.054998
2026-06-20 22:38:26 | Epoch 3 - Batch 707 - Loss 0.053750
2026-06-20 22:38:26 | Epoch 3 - Batch 708 - Loss 0.053654
2026-06-20 22:38:26 | Epoch 3 - Batch 709 - Loss 0.055776
2026-06-20 22:38:26 | Epoch 3 - Batch 710 - Loss 0.054343
2026-06-20 22:38:26 | Epoch 3 - Batch 711 - Loss 0.054744
2026-06-20 22:38:26 | Epoch 3 - Batch 712 - Loss 0.056991
2026-06-20 22:38:26 | Epoch 3 - Batch 713 - Loss 0.056056
2026-06-20 22:38:26 | Epoch 3 - Batch 714 - Loss 0.055384
2026-06-20 22:38:26 | Epoch 3 - Batch 715 - Loss 0.054305
2026-06-20 22:38:26 | Epoch 3 - Batch 716 - Loss 0.054341
2026-06-20 22:38:26 | Epoch 3 - Batch 717 - Loss 0.054632
2026-06-20 22:38:26 | Epoch 3 - Batch 718 - Loss 0.054035
2026-06-20 22:38:26 | Epoch 3 - Batch 719 - Loss 0.053974
2026-06-20 22:38:26 | Epoch 3 - Batch 720 - Loss 0.055039
2026-06-20 22:38:26 | Epoch 3 - Batch 721 - Loss 0.053433
2026-06-20 22:38:26 | Epoch 3 - Batch 722 - Loss 0.057925
2026-06-20 22:38:26 | Epoch 3 - Batch 723 - Loss 0.053515
2026-06-20 22:38:26 | Epoch 3 - Batch 724 - Loss 0.055534
2026-06-20 22:38:26 | Epoch 3 - Batch 725 - Loss 0.055131
2026-06-20 22:38:26 | Epoch 3 - Batch 726 - Loss 0.053843
2026-06-20 22:38:26 | Epoch 3 - Batch 727 - Loss 0.054720
2026-06-20 22:38:26 | Epoch 3 - Batch 728 - Loss 0.053863
2026-06-20 22:38:26 | Epoch 3 - Batch 729 - Loss 0.055106
2026-06-20 22:38:26 | Epoch 3 - Batch 730 - Loss 0.053947
2026-06-20 22:38:27 | Epoch 3 - Batch 731 - Loss 0.053525
2026-06-20 22:38:27 | Epoch 3 - Batch 732 - Loss 0.055624
2026-06-20 22:38:27 | Epoch 3 - Batch 733 - Loss 0.054297
2026-06-20 22:38:27 | Epoch 3 - Batch 734 - Loss 0.057153
2026-06-20 22:38:27 | Epoch 3 - Batch 735 - Loss 0.054833
2026-06-20 22:38:27 | Epoch 3 - Batch 736 - Loss 0.055348
2026-06-20 22:38:27 | Epoch 3 - Batch 737 - Loss 0.055333
2026-06-20 22:38:27 | Epoch 3 - Batch 738 - Loss 0.056924
2026-06-20 22:38:27 | Epoch 3 - Batch 739 - Loss 0.056396
2026-06-20 22:38:27 | Epoch 3 - Batch 740 - Loss 0.055946
2026-06-20 22:38:27 | Epoch 3 - Batch 741 - Loss 0.054498
2026-06-20 22:38:27 | Epoch 3 - Batch 742 - Loss 0.053083
2026-06-20 22:38:27 | Epoch 3 - Batch 743 - Loss 0.053667
2026-06-20 22:38:27 | Epoch 3 - Batch 744 - Loss 0.059206
2026-06-20 22:38:27 | Epoch 3 - Batch 745 - Loss 0.053976
2026-06-20 22:38:27 | Epoch 3 - Batch 746 - Loss 0.058103
2026-06-20 22:38:27 | Epoch 3 - Batch 747 - Loss 0.054457
2026-06-20 22:38:27 | Epoch 3 - Batch 748 - Loss 0.056154
2026-06-20 22:38:27 | Epoch 3 - Batch 749 - Loss 0.055327
2026-06-20 22:38:27 | Epoch 3 - Batch 750 - Loss 0.053837
2026-06-20 22:38:27 | Epoch 3 - Batch 751 - Loss 0.055849
2026-06-20 22:38:27 | Epoch 3 - Batch 752 - Loss 0.054423
2026-06-20 22:38:27 | Epoch 3 - Batch 753 - Loss 0.055319
2026-06-20 22:38:27 | Epoch 3 - Batch 754 - Loss 0.054366
2026-06-20 22:38:27 | Epoch 3 - Batch 755 - Loss 0.057135
2026-06-20 22:38:27 | Epoch 3 - Batch 756 - Loss 0.056375
2026-06-20 22:38:27 | Epoch 3 - Batch 757 - Loss 0.055609
2026-06-20 22:38:27 | Epoch 3 - Batch 758 - Loss 0.054957
2026-06-20 22:38:27 | Epoch 3 - Batch 759 - Loss 0.054769
2026-06-20 22:38:27 | Epoch 3 - Batch 760 - Loss 0.055118
2026-06-20 22:38:28 | Epoch 3 - Batch 761 - Loss 0.054236
2026-06-20 22:38:28 | Epoch 3 - Batch 762 - Loss 0.054863
2026-06-20 22:38:28 | Epoch 3 - Batch 763 - Loss 0.057266
2026-06-20 22:38:28 | Epoch 3 - Batch 764 - Loss 0.056522
2026-06-20 22:38:28 | Epoch 3 - Batch 765 - Loss 0.055496
2026-06-20 22:38:28 | Epoch 3 - Batch 766 - Loss 0.053305
2026-06-20 22:38:28 | Epoch 3 - Batch 767 - Loss 0.053806
2026-06-20 22:38:28 | Epoch 3 - Batch 768 - Loss 0.052426
2026-06-20 22:38:28 | Epoch 3 - Batch 769 - Loss 0.057191
2026-06-20 22:38:28 | Epoch 3 - Batch 770 - Loss 0.056202
2026-06-20 22:38:28 | Epoch 3 - Batch 771 - Loss 0.055075
2026-06-20 22:38:28 | Epoch 3 - Batch 772 - Loss 0.056090
2026-06-20 22:38:28 | Epoch 3 - Batch 773 - Loss 0.055607
2026-06-20 22:38:28 | Epoch 3 - Batch 774 - Loss 0.055611
2026-06-20 22:38:28 | Epoch 3 - Batch 775 - Loss 0.053408
2026-06-20 22:38:28 | Epoch 3 - Batch 776 - Loss 0.056774
2026-06-20 22:38:28 | Epoch 3 - Batch 777 - Loss 0.053709
2026-06-20 22:38:28 | Epoch 3 - Batch 778 - Loss 0.053567
2026-06-20 22:38:28 | Epoch 3 - Batch 779 - Loss 0.054407
2026-06-20 22:38:28 | Epoch 3 - Batch 780 - Loss 0.054178
2026-06-20 22:38:28 | Epoch 3 - Batch 781 - Loss 0.053631
2026-06-20 22:38:28 | Epoch 3 - Batch 782 - Loss 0.054749
2026-06-20 22:38:28 | Epoch 3 - Batch 783 - Loss 0.056916
2026-06-20 22:38:28 | Epoch 3 - Batch 784 - Loss 0.054623
2026-06-20 22:38:28 | Epoch 3 - Batch 785 - Loss 0.053805
2026-06-20 22:38:28 | Epoch 3 - Batch 786 - Loss 0.053349
2026-06-20 22:38:28 | Epoch 3 - Batch 787 - Loss 0.052305
2026-06-20 22:38:28 | Epoch 3 - Batch 788 - Loss 0.055751
2026-06-20 22:38:28 | Epoch 3 - Batch 789 - Loss 0.053834
2026-06-20 22:38:28 | Epoch 3 - Batch 790 - Loss 0.054057
2026-06-20 22:38:29 | Epoch 3 - Batch 791 - Loss 0.054692
2026-06-20 22:38:29 | Epoch 3 - Batch 792 - Loss 0.054359
2026-06-20 22:38:29 | Epoch 3 - Batch 793 - Loss 0.056535
2026-06-20 22:38:29 | Epoch 3 - Batch 794 - Loss 0.054624
2026-06-20 22:38:29 | Epoch 3 - Batch 795 - Loss 0.055805
2026-06-20 22:38:29 | Epoch 3 - Batch 796 - Loss 0.056123
2026-06-20 22:38:29 | Epoch 3 - Batch 797 - Loss 0.055118
2026-06-20 22:38:29 | Epoch 3 - Batch 798 - Loss 0.053668
2026-06-20 22:38:29 | Epoch 3 - Batch 799 - Loss 0.054836
2026-06-20 22:38:29 | Epoch 3 - Batch 800 - Loss 0.055532
2026-06-20 22:38:29 | Epoch 3 - Batch 801 - Loss 0.055241
2026-06-20 22:38:29 | Epoch 3 - Batch 802 - Loss 0.054166
2026-06-20 22:38:29 | Epoch 3 - Batch 803 - Loss 0.057323
2026-06-20 22:38:29 | Epoch 3 - Batch 804 - Loss 0.054376
2026-06-20 22:38:29 | Epoch 3 - Batch 805 - Loss 0.054492
2026-06-20 22:38:29 | Epoch 3 - Batch 806 - Loss 0.053674
2026-06-20 22:38:29 | Epoch 3 - Batch 807 - Loss 0.053065
2026-06-20 22:38:29 | Epoch 3 - Batch 808 - Loss 0.053095
2026-06-20 22:38:29 | Epoch 3 - Batch 809 - Loss 0.055011
2026-06-20 22:38:29 | Epoch 3 - Batch 810 - Loss 0.056127
2026-06-20 22:38:29 | Epoch 3 - Batch 811 - Loss 0.055596
2026-06-20 22:38:29 | Epoch 3 - Batch 812 - Loss 0.054314
2026-06-20 22:38:29 | Epoch 3 - Batch 813 - Loss 0.054984
2026-06-20 22:38:29 | Epoch 3 - Batch 814 - Loss 0.053163
2026-06-20 22:38:29 | Epoch 3 - Batch 815 - Loss 0.054329
2026-06-20 22:38:29 | Epoch 3 - Batch 816 - Loss 0.055295
2026-06-20 22:38:29 | Epoch 3 - Batch 817 - Loss 0.054972
2026-06-20 22:38:29 | Epoch 3 - Batch 818 - Loss 0.054286
2026-06-20 22:38:29 | Epoch 3 - Batch 819 - Loss 0.055055
2026-06-20 22:38:29 | Epoch 3 - Batch 820 - Loss 0.056278
2026-06-20 22:38:30 | Epoch 3 - Batch 821 - Loss 0.052181
2026-06-20 22:38:30 | Epoch 3 - Batch 822 - Loss 0.055389
2026-06-20 22:38:30 | Epoch 3 - Batch 823 - Loss 0.056621
2026-06-20 22:38:30 | Epoch 3 - Batch 824 - Loss 0.055141
2026-06-20 22:38:30 | Epoch 3 - Batch 825 - Loss 0.055811
2026-06-20 22:38:30 | Epoch 3 - Batch 826 - Loss 0.054478
2026-06-20 22:38:30 | Epoch 3 - Batch 827 - Loss 0.053243
2026-06-20 22:38:30 | Epoch 3 - Batch 828 - Loss 0.054173
2026-06-20 22:38:30 | Epoch 3 - Batch 829 - Loss 0.051633
2026-06-20 22:38:30 | Epoch 3 - Batch 830 - Loss 0.055566
2026-06-20 22:38:30 | Epoch 3 - Batch 831 - Loss 0.053425
2026-06-20 22:38:30 | Epoch 3 - Batch 832 - Loss 0.054838
2026-06-20 22:38:30 | Epoch 3 - Batch 833 - Loss 0.053494
2026-06-20 22:38:30 | Epoch 3 - Batch 834 - Loss 0.053015
2026-06-20 22:38:30 | Epoch 3 - Batch 835 - Loss 0.054323
2026-06-20 22:38:30 | Epoch 3 - Batch 836 - Loss 0.053358
2026-06-20 22:38:30 | Epoch 3 - Batch 837 - Loss 0.054721
2026-06-20 22:38:30 | Epoch 3 - Batch 838 - Loss 0.055201
2026-06-20 22:38:30 | Epoch 3 - Batch 839 - Loss 0.053889
2026-06-20 22:38:30 | Epoch 3 - Batch 840 - Loss 0.053455
2026-06-20 22:38:30 | Epoch 3 - Batch 841 - Loss 0.053924
2026-06-20 22:38:30 | Epoch 3 - Batch 842 - Loss 0.055370
2026-06-20 22:38:30 | Epoch 3 - Batch 843 - Loss 0.055333
2026-06-20 22:38:30 | Epoch 3 - Batch 844 - Loss 0.056253
2026-06-20 22:38:30 | Epoch 3 - Batch 845 - Loss 0.057216
2026-06-20 22:38:30 | Epoch 3 - Batch 846 - Loss 0.057510
2026-06-20 22:38:30 | Epoch 3 - Batch 847 - Loss 0.055333
2026-06-20 22:38:30 | Epoch 3 - Batch 848 - Loss 0.054554
2026-06-20 22:38:30 | Epoch 3 - Batch 849 - Loss 0.055279
2026-06-20 22:38:30 | Epoch 3 - Batch 850 - Loss 0.054018
2026-06-20 22:38:31 | Epoch 3 - Batch 851 - Loss 0.053536
2026-06-20 22:38:31 | Epoch 3 - Batch 852 - Loss 0.055040
2026-06-20 22:38:31 | Epoch 3 - Batch 853 - Loss 0.056007
2026-06-20 22:38:31 | Epoch 3 - Batch 854 - Loss 0.057660
2026-06-20 22:38:31 | Epoch 3 - Batch 855 - Loss 0.055492
2026-06-20 22:38:31 | Epoch 3 - Batch 856 - Loss 0.051296
2026-06-20 22:38:31 | Epoch 3 - Batch 857 - Loss 0.053964
2026-06-20 22:38:31 | Epoch 3 - Batch 858 - Loss 0.052610
2026-06-20 22:38:31 | Epoch 3 - Batch 859 - Loss 0.054365
2026-06-20 22:38:31 | Epoch 3 - Batch 860 - Loss 0.052921
2026-06-20 22:38:31 | Epoch 3 - Batch 861 - Loss 0.055166
2026-06-20 22:38:31 | Epoch 3 - Batch 862 - Loss 0.052706
2026-06-20 22:38:31 | Epoch 3 - Batch 863 - Loss 0.056578
2026-06-20 22:38:31 | Epoch 3 - Batch 864 - Loss 0.054191
2026-06-20 22:38:31 | Epoch 3 - Batch 865 - Loss 0.056546
2026-06-20 22:38:31 | Epoch 3 - Batch 866 - Loss 0.056163
2026-06-20 22:38:31 | Epoch 3 - Batch 867 - Loss 0.056346
2026-06-20 22:38:31 | Epoch 3 - Batch 868 - Loss 0.056720
2026-06-20 22:38:31 | Epoch 3 - Batch 869 - Loss 0.052481
2026-06-20 22:38:31 | Epoch 3 - Batch 870 - Loss 0.053105
2026-06-20 22:38:31 | Epoch 3 - Batch 871 - Loss 0.055186
2026-06-20 22:38:31 | Epoch 3 - Batch 872 - Loss 0.055747
2026-06-20 22:38:31 | Epoch 3 - Batch 873 - Loss 0.053455
2026-06-20 22:38:31 | Epoch 3 - Batch 874 - Loss 0.055220
2026-06-20 22:38:31 | Epoch 3 - Batch 875 - Loss 0.055424
2026-06-20 22:38:31 | Epoch 3 - Batch 876 - Loss 0.054704
2026-06-20 22:38:31 | Epoch 3 - Batch 877 - Loss 0.055583
2026-06-20 22:38:31 | Epoch 3 - Batch 878 - Loss 0.054255
2026-06-20 22:38:31 | Epoch 3 - Batch 879 - Loss 0.056094
2026-06-20 22:38:31 | Epoch 3 - Batch 880 - Loss 0.055029
2026-06-20 22:38:31 | Epoch 3 - Batch 881 - Loss 0.054820
2026-06-20 22:38:32 | Epoch 3 - Batch 882 - Loss 0.055876
2026-06-20 22:38:32 | Epoch 3 - Batch 883 - Loss 0.050843
2026-06-20 22:38:32 | Epoch 3 - Batch 884 - Loss 0.054939
2026-06-20 22:38:32 | Epoch 3 - Batch 885 - Loss 0.052996
2026-06-20 22:38:32 | Epoch 3 - Batch 886 - Loss 0.055612
2026-06-20 22:38:32 | Epoch 3 - Batch 887 - Loss 0.052817
2026-06-20 22:38:32 | Epoch 3 - Batch 888 - Loss 0.056590
2026-06-20 22:38:32 | Epoch 3 - Batch 889 - Loss 0.053405
2026-06-20 22:38:32 | Epoch 3 - Batch 890 - Loss 0.054555
2026-06-20 22:38:32 | Epoch 3 - Batch 891 - Loss 0.052841
2026-06-20 22:38:32 | Epoch 3 - Batch 892 - Loss 0.055023
2026-06-20 22:38:32 | Epoch 3 - Batch 893 - Loss 0.054398
2026-06-20 22:38:32 | Epoch 3 - Batch 894 - Loss 0.053310
2026-06-20 22:38:32 | Epoch 3 - Batch 895 - Loss 0.053632
2026-06-20 22:38:32 | Epoch 3 - Batch 896 - Loss 0.051703
2026-06-20 22:38:32 | Epoch 3 - Batch 897 - Loss 0.054557
2026-06-20 22:38:32 | Epoch 3 - Batch 898 - Loss 0.052354
2026-06-20 22:38:32 | Epoch 3 - Batch 899 - Loss 0.054487
2026-06-20 22:38:32 | Epoch 3 - Batch 900 - Loss 0.055735
2026-06-20 22:38:32 | Epoch 3 - Batch 901 - Loss 0.054745
2026-06-20 22:38:32 | Epoch 3 - Batch 902 - Loss 0.055970
2026-06-20 22:38:32 | Epoch 3 - Batch 903 - Loss 0.052434
2026-06-20 22:38:32 | Epoch 3 - Batch 904 - Loss 0.055903
2026-06-20 22:38:32 | Epoch 3 - Batch 905 - Loss 0.051926
2026-06-20 22:38:32 | Epoch 3 - Batch 906 - Loss 0.052246
2026-06-20 22:38:32 | Epoch 3 - Batch 907 - Loss 0.054875
2026-06-20 22:38:32 | Epoch 3 - Batch 908 - Loss 0.053082
2026-06-20 22:38:32 | Epoch 3 - Batch 909 - Loss 0.052047
2026-06-20 22:38:32 | Epoch 3 - Batch 910 - Loss 0.053308
2026-06-20 22:38:32 | Epoch 3 - Batch 911 - Loss 0.056076
2026-06-20 22:38:33 | Epoch 3 - Batch 912 - Loss 0.051345
2026-06-20 22:38:33 | Epoch 3 - Batch 913 - Loss 0.054429
2026-06-20 22:38:33 | Epoch 3 - Batch 914 - Loss 0.053071
2026-06-20 22:38:33 | Epoch 3 - Batch 915 - Loss 0.055050
2026-06-20 22:38:33 | Epoch 3 - Batch 916 - Loss 0.054797
2026-06-20 22:38:33 | Epoch 3 - Batch 917 - Loss 0.054840
2026-06-20 22:38:33 | Epoch 3 - Batch 918 - Loss 0.051584
2026-06-20 22:38:33 | Epoch 3 - Batch 919 - Loss 0.052829
2026-06-20 22:38:33 | Epoch 3 - Batch 920 - Loss 0.054032
2026-06-20 22:38:33 | Epoch 3 - Batch 921 - Loss 0.055110
2026-06-20 22:38:33 | Epoch 3 - Batch 922 - Loss 0.053982
2026-06-20 22:38:33 | Epoch 3 - Batch 923 - Loss 0.054546
2026-06-20 22:38:33 | Epoch 3 - Batch 924 - Loss 0.053243
2026-06-20 22:38:33 | Epoch 3 - Batch 925 - Loss 0.055673
2026-06-20 22:38:33 | Epoch 3 - Batch 926 - Loss 0.054173
2026-06-20 22:38:33 | Epoch 3 - Batch 927 - Loss 0.057598
2026-06-20 22:38:33 | Epoch 3 - Batch 928 - Loss 0.056038
2026-06-20 22:38:33 | Epoch 3 - Batch 929 - Loss 0.052494
2026-06-20 22:38:33 | Epoch 3 - Batch 930 - Loss 0.054313
2026-06-20 22:38:33 | Epoch 3 - Batch 931 - Loss 0.053852
2026-06-20 22:38:33 | Epoch 3 - Batch 932 - Loss 0.055164
2026-06-20 22:38:33 | Epoch 3 - Batch 933 - Loss 0.053532
2026-06-20 22:38:33 | Epoch 3 - Batch 934 - Loss 0.055703
2026-06-20 22:38:33 | Epoch 3 - Batch 935 - Loss 0.055554
2026-06-20 22:38:33 | Epoch 3 - Batch 936 - Loss 0.053767
2026-06-20 22:38:33 | Epoch 3 - Batch 937 - Loss 0.051698
2026-06-20 22:38:33 | Epoch 3 - Batch 938 - Loss 0.054465
2026-06-20 22:38:33 | Epoch 3 - Batch 939 - Loss 0.055190
2026-06-20 22:38:33 | Epoch 3 - Batch 940 - Loss 0.053190
2026-06-20 22:38:33 | Epoch 3 - Batch 941 - Loss 0.054859
2026-06-20 22:38:34 | Epoch 3 - Batch 942 - Loss 0.053827
2026-06-20 22:38:34 | Epoch 3 - Batch 943 - Loss 0.053097
2026-06-20 22:38:34 | Epoch 3 - Batch 944 - Loss 0.054397
2026-06-20 22:38:34 | Epoch 3 - Batch 945 - Loss 0.056027
2026-06-20 22:38:34 | Epoch 3 - Batch 946 - Loss 0.055207
2026-06-20 22:38:34 | Epoch 3 - Batch 947 - Loss 0.053033
2026-06-20 22:38:34 | Epoch 3 - Batch 948 - Loss 0.051633
2026-06-20 22:38:34 | Epoch 3 - Batch 949 - Loss 0.054824
2026-06-20 22:38:34 | Epoch 3 - Batch 950 - Loss 0.054108
2026-06-20 22:38:34 | Epoch 3 - Batch 951 - Loss 0.053575
2026-06-20 22:38:34 | Epoch 3 - Batch 952 - Loss 0.052834
2026-06-20 22:38:34 | Epoch 3 - Batch 953 - Loss 0.055501
2026-06-20 22:38:34 | Epoch 3 - Batch 954 - Loss 0.055652
2026-06-20 22:38:34 | Epoch 3 - Batch 955 - Loss 0.054715
2026-06-20 22:38:34 | Epoch 3 - Batch 956 - Loss 0.052546
2026-06-20 22:38:34 | Epoch 3 - Batch 957 - Loss 0.054116
2026-06-20 22:38:34 | Epoch 3 - Batch 958 - Loss 0.054906
2026-06-20 22:38:34 | Epoch 3 - Batch 959 - Loss 0.054157
2026-06-20 22:38:34 | Epoch 3 - Batch 960 - Loss 0.052625
2026-06-20 22:38:34 | Epoch 3 - Batch 961 - Loss 0.052832
2026-06-20 22:38:34 | Epoch 3 - Batch 962 - Loss 0.051786
2026-06-20 22:38:34 | Epoch 3 - Batch 963 - Loss 0.055616
2026-06-20 22:38:34 | Epoch 3 - Batch 964 - Loss 0.053996
2026-06-20 22:38:34 | Epoch 3 - Batch 965 - Loss 0.056050
2026-06-20 22:38:34 | Epoch 3 - Batch 966 - Loss 0.054446
2026-06-20 22:38:34 | Epoch 3 - Batch 967 - Loss 0.054466
2026-06-20 22:38:34 | Epoch 3 - Batch 968 - Loss 0.054028
2026-06-20 22:38:34 | Epoch 3 - Batch 969 - Loss 0.052736
2026-06-20 22:38:34 | Epoch 3 - Batch 970 - Loss 0.052983
2026-06-20 22:38:34 | Epoch 3 - Batch 971 - Loss 0.054753
2026-06-20 22:38:35 | Epoch 3 - Batch 972 - Loss 0.053279
2026-06-20 22:38:35 | Epoch 3 - Batch 973 - Loss 0.053922
2026-06-20 22:38:35 | Epoch 3 - Batch 974 - Loss 0.052084
2026-06-20 22:38:35 | Epoch 3 - Batch 975 - Loss 0.055327
2026-06-20 22:38:35 | Epoch 3 - Batch 976 - Loss 0.053575
2026-06-20 22:38:35 | Epoch 3 - Batch 977 - Loss 0.054760
2026-06-20 22:38:35 | Epoch 3 - Batch 978 - Loss 0.055930
2026-06-20 22:38:35 | Epoch 3 - Batch 979 - Loss 0.052574
2026-06-20 22:38:35 | Epoch 3 - Batch 980 - Loss 0.052529
2026-06-20 22:38:35 | Epoch 3 - Batch 981 - Loss 0.053488
2026-06-20 22:38:35 | Epoch 3 - Batch 982 - Loss 0.054517
2026-06-20 22:38:35 | Epoch 3 - Batch 983 - Loss 0.053912
2026-06-20 22:38:35 | Epoch 3 - Batch 984 - Loss 0.054457
2026-06-20 22:38:35 | Epoch 3 - Batch 985 - Loss 0.053613
2026-06-20 22:38:35 | Epoch 3 - Batch 986 - Loss 0.054307
2026-06-20 22:38:35 | Epoch 3 - Batch 987 - Loss 0.052903
2026-06-20 22:38:35 | Epoch 3 - Batch 988 - Loss 0.054319
2026-06-20 22:38:35 | Epoch 3 - Batch 989 - Loss 0.056020
2026-06-20 22:38:35 | Epoch 3 - Batch 990 - Loss 0.055058
2026-06-20 22:38:35 | Epoch 3 - Batch 991 - Loss 0.053451
2026-06-20 22:38:35 | Epoch 3 - Batch 992 - Loss 0.053598
2026-06-20 22:38:35 | Epoch 3 - Batch 993 - Loss 0.055631
2026-06-20 22:38:35 | Epoch 3 - Batch 994 - Loss 0.053991
2026-06-20 22:38:35 | Epoch 3 - Batch 995 - Loss 0.053402
2026-06-20 22:38:35 | Epoch 3 - Batch 996 - Loss 0.053603
2026-06-20 22:38:35 | Epoch 3 - Batch 997 - Loss 0.054387
2026-06-20 22:38:35 | Epoch 3 - Batch 998 - Loss 0.056638
2026-06-20 22:38:35 | Epoch 3 - Batch 999 - Loss 0.055751
2026-06-20 22:38:35 | Epoch 3 - Batch 1000 - Loss 0.057487
2026-06-20 22:38:35 | Epoch 3 - Batch 1001 - Loss 0.053004
2026-06-20 22:38:36 | Epoch 3 - Batch 1002 - Loss 0.054547
2026-06-20 22:38:36 | Epoch 3 - Batch 1003 - Loss 0.051717
2026-06-20 22:38:36 | Epoch 3 - Batch 1004 - Loss 0.052696
2026-06-20 22:38:36 | Epoch 3 - Batch 1005 - Loss 0.057414
2026-06-20 22:38:36 | Epoch 3 - Batch 1006 - Loss 0.056262
2026-06-20 22:38:36 | Epoch 3 - Batch 1007 - Loss 0.054698
2026-06-20 22:38:36 | Epoch 3 - Batch 1008 - Loss 0.053272
2026-06-20 22:38:36 | Epoch 3 - Batch 1009 - Loss 0.052493
2026-06-20 22:38:36 | Epoch 3 - Batch 1010 - Loss 0.055504
2026-06-20 22:38:36 | Epoch 3 - Batch 1011 - Loss 0.056455
2026-06-20 22:38:36 | Epoch 3 - Batch 1012 - Loss 0.055232
2026-06-20 22:38:36 | Epoch 3 - Batch 1013 - Loss 0.050870
2026-06-20 22:38:36 | Epoch 3 - Batch 1014 - Loss 0.053181
2026-06-20 22:38:36 | Epoch 3 - Batch 1015 - Loss 0.055174
2026-06-20 22:38:36 | Epoch 3 - Batch 1016 - Loss 0.053902
2026-06-20 22:38:36 | Epoch 3 - Batch 1017 - Loss 0.053510
2026-06-20 22:38:36 | Epoch 3 - Batch 1018 - Loss 0.055223
2026-06-20 22:38:36 | Epoch 3 - Batch 1019 - Loss 0.052618
2026-06-20 22:38:36 | Epoch 3 - Batch 1020 - Loss 0.055515
2026-06-20 22:38:36 | Epoch 3 - Batch 1021 - Loss 0.053008
2026-06-20 22:38:36 | Epoch 3 - Batch 1022 - Loss 0.052777
2026-06-20 22:38:36 | Epoch 3 - Batch 1023 - Loss 0.052980
2026-06-20 22:38:36 | Epoch 3 - Batch 1024 - Loss 0.052243
2026-06-20 22:38:36 | Epoch 3 - Batch 1025 - Loss 0.054667
2026-06-20 22:38:36 | Epoch 3 - Batch 1026 - Loss 0.054244
2026-06-20 22:38:36 | Epoch 3 - Batch 1027 - Loss 0.056523
2026-06-20 22:38:36 | Epoch 3 - Batch 1028 - Loss 0.054831
2026-06-20 22:38:36 | Epoch 3 - Batch 1029 - Loss 0.054645
2026-06-20 22:38:36 | Epoch 3 - Batch 1030 - Loss 0.054086
2026-06-20 22:38:36 | Epoch 3 - Batch 1031 - Loss 0.053811
2026-06-20 22:38:36 | Epoch 3 - Batch 1032 - Loss 0.052980
2026-06-20 22:38:37 | Epoch 3 - Batch 1033 - Loss 0.052810
2026-06-20 22:38:37 | Epoch 3 - Batch 1034 - Loss 0.055568
2026-06-20 22:38:37 | Epoch 3 - Batch 1035 - Loss 0.052071
2026-06-20 22:38:37 | Epoch 3 - Batch 1036 - Loss 0.054178
2026-06-20 22:38:37 | Epoch 3 - Batch 1037 - Loss 0.052292
2026-06-20 22:38:37 | Epoch 3 - Batch 1038 - Loss 0.050984
2026-06-20 22:38:37 | Epoch 3 - Batch 1039 - Loss 0.053874
2026-06-20 22:38:37 | Epoch 3 - Batch 1040 - Loss 0.055127
2026-06-20 22:38:37 | Epoch 3 - Batch 1041 - Loss 0.054302
2026-06-20 22:38:37 | Epoch 3 - Batch 1042 - Loss 0.054003
2026-06-20 22:38:37 | Epoch 3 - Batch 1043 - Loss 0.052101
2026-06-20 22:38:37 | Epoch 3 - Batch 1044 - Loss 0.054048
2026-06-20 22:38:37 | Epoch 3 - Batch 1045 - Loss 0.057274
2026-06-20 22:38:37 | Epoch 3 - Batch 1046 - Loss 0.054330
2026-06-20 22:38:37 | Epoch 3 - Batch 1047 - Loss 0.053671
2026-06-20 22:38:37 | Epoch 3 - Batch 1048 - Loss 0.053610
2026-06-20 22:38:37 | Epoch 3 - Batch 1049 - Loss 0.051299
2026-06-20 22:38:37 | Epoch 3 - Batch 1050 - Loss 0.055515
2026-06-20 22:38:37 | Epoch 3 - Batch 1051 - Loss 0.054013
2026-06-20 22:38:37 | Epoch 3 - Batch 1052 - Loss 0.053244
2026-06-20 22:38:37 | Epoch 3 - Batch 1053 - Loss 0.055143
2026-06-20 22:38:37 | Epoch 3 - Batch 1054 - Loss 0.054098
2026-06-20 22:38:37 | Epoch 3 - Batch 1055 - Loss 0.051610
2026-06-20 22:38:37 | Epoch 3 - Batch 1056 - Loss 0.054836
2026-06-20 22:38:37 | Epoch 3 - Batch 1057 - Loss 0.051715
2026-06-20 22:38:37 | Epoch 3 - Batch 1058 - Loss 0.053880
2026-06-20 22:38:37 | Epoch 3 - Batch 1059 - Loss 0.054105
2026-06-20 22:38:37 | Epoch 3 - Batch 1060 - Loss 0.054182
2026-06-20 22:38:37 | Epoch 3 - Batch 1061 - Loss 0.053426
2026-06-20 22:38:37 | Epoch 3 - Batch 1062 - Loss 0.054577
2026-06-20 22:38:38 | Epoch 3 - Batch 1063 - Loss 0.055338
2026-06-20 22:38:38 | Epoch 3 - Batch 1064 - Loss 0.053793
2026-06-20 22:38:38 | Epoch 3 - Batch 1065 - Loss 0.052489
2026-06-20 22:38:38 | Epoch 3 - Batch 1066 - Loss 0.053455
2026-06-20 22:38:38 | Epoch 3 - Batch 1067 - Loss 0.053023
2026-06-20 22:38:38 | Epoch 3 - Batch 1068 - Loss 0.053240
2026-06-20 22:38:38 | Epoch 3 - Batch 1069 - Loss 0.055428
2026-06-20 22:38:38 | Epoch 3 - Batch 1070 - Loss 0.055019
2026-06-20 22:38:38 | Epoch 3 - Batch 1071 - Loss 0.051358
2026-06-20 22:38:38 | Epoch 3 - Batch 1072 - Loss 0.052992
2026-06-20 22:38:38 | Epoch 3 - Batch 1073 - Loss 0.054506
2026-06-20 22:38:38 | Epoch 3 - Batch 1074 - Loss 0.052431
2026-06-20 22:38:38 | Epoch 3 - Batch 1075 - Loss 0.050181
2026-06-20 22:38:38 | Epoch 3 - Batch 1076 - Loss 0.052998
2026-06-20 22:38:38 | Epoch 3 - Batch 1077 - Loss 0.054833
2026-06-20 22:38:38 | Epoch 3 - Batch 1078 - Loss 0.051277
2026-06-20 22:38:38 | Epoch 3 - Batch 1079 - Loss 0.052735
2026-06-20 22:38:38 | Epoch 3 - Batch 1080 - Loss 0.052735
2026-06-20 22:38:38 | Epoch 3 - Batch 1081 - Loss 0.054576
2026-06-20 22:38:38 | Epoch 3 - Batch 1082 - Loss 0.053934
2026-06-20 22:38:38 | Epoch 3 - Batch 1083 - Loss 0.052672
2026-06-20 22:38:38 | Epoch 3 - Batch 1084 - Loss 0.055618
2026-06-20 22:38:38 | Epoch 3 - Batch 1085 - Loss 0.052198
2026-06-20 22:38:38 | Epoch 3 - Batch 1086 - Loss 0.054257
2026-06-20 22:38:38 | Epoch 3 - Batch 1087 - Loss 0.054117
2026-06-20 22:38:38 | Epoch 3 - Batch 1088 - Loss 0.053494
2026-06-20 22:38:38 | Epoch 3 - Batch 1089 - Loss 0.052015
2026-06-20 22:38:38 | Epoch 3 - Batch 1090 - Loss 0.051217
2026-06-20 22:38:38 | Epoch 3 - Batch 1091 - Loss 0.055295
2026-06-20 22:38:38 | Epoch 3 - Batch 1092 - Loss 0.055222
2026-06-20 22:38:39 | Epoch 3 - Batch 1093 - Loss 0.053437
2026-06-20 22:38:39 | Epoch 3 - Batch 1094 - Loss 0.055579
2026-06-20 22:38:39 | Epoch 3 - Batch 1095 - Loss 0.052020
2026-06-20 22:38:39 | Epoch 3 - Batch 1096 - Loss 0.054925
2026-06-20 22:38:39 | Epoch 3 - Batch 1097 - Loss 0.052936
2026-06-20 22:38:39 | Epoch 3 - Batch 1098 - Loss 0.053529
2026-06-20 22:38:39 | Epoch 3 - Batch 1099 - Loss 0.053823
2026-06-20 22:38:39 | Epoch 3 - Batch 1100 - Loss 0.052452
2026-06-20 22:38:39 | Epoch 3 - Batch 1101 - Loss 0.054250
2026-06-20 22:38:39 | Epoch 3 - Batch 1102 - Loss 0.055892
2026-06-20 22:38:39 | Epoch 3 - Batch 1103 - Loss 0.052955
2026-06-20 22:38:39 | Epoch 3 - Batch 1104 - Loss 0.051876
2026-06-20 22:38:39 | Epoch 3 - Batch 1105 - Loss 0.053059
2026-06-20 22:38:39 | Epoch 3 - Batch 1106 - Loss 0.053765
2026-06-20 22:38:39 | Epoch 3 - Batch 1107 - Loss 0.051681
2026-06-20 22:38:39 | Epoch 3 - Batch 1108 - Loss 0.054943
2026-06-20 22:38:39 | Epoch 3 - Batch 1109 - Loss 0.050849
2026-06-20 22:38:39 | Epoch 3 - Batch 1110 - Loss 0.052518
2026-06-20 22:38:39 | Epoch 3 - Batch 1111 - Loss 0.053621
2026-06-20 22:38:39 | Epoch 3 - Batch 1112 - Loss 0.052186
2026-06-20 22:38:39 | Epoch 3 - Batch 1113 - Loss 0.054705
2026-06-20 22:38:39 | Epoch 3 - Batch 1114 - Loss 0.052117
2026-06-20 22:38:39 | Epoch 3 - Batch 1115 - Loss 0.051816
2026-06-20 22:38:39 | Epoch 3 - Batch 1116 - Loss 0.054505
2026-06-20 22:38:39 | Epoch 3 - Batch 1117 - Loss 0.052596
2026-06-20 22:38:39 | Epoch 3 - Batch 1118 - Loss 0.053642
2026-06-20 22:38:39 | Epoch 3 - Batch 1119 - Loss 0.052072
2026-06-20 22:38:39 | Epoch 3 - Batch 1120 - Loss 0.053579
2026-06-20 22:38:39 | Epoch 3 - Batch 1121 - Loss 0.054460
2026-06-20 22:38:39 | Epoch 3 - Batch 1122 - Loss 0.055372
2026-06-20 22:38:40 | Epoch 3 - Batch 1123 - Loss 0.052344
2026-06-20 22:38:40 | Epoch 3 - Batch 1124 - Loss 0.053399
2026-06-20 22:38:40 | Epoch 3 - Batch 1125 - Loss 0.052626
2026-06-20 22:38:40 | Epoch 3 - Batch 1126 - Loss 0.053400
2026-06-20 22:38:40 | Epoch 3 - Batch 1127 - Loss 0.051943
2026-06-20 22:38:40 | Epoch 3 - Batch 1128 - Loss 0.052636
2026-06-20 22:38:40 | Epoch 3 - Batch 1129 - Loss 0.053018
2026-06-20 22:38:40 | Epoch 3 - Batch 1130 - Loss 0.053201
2026-06-20 22:38:40 | Epoch 3 - Batch 1131 - Loss 0.051730
2026-06-20 22:38:40 | Epoch 3 - Batch 1132 - Loss 0.051016
2026-06-20 22:38:40 | Epoch 3 - Batch 1133 - Loss 0.054611
2026-06-20 22:38:40 | Epoch 3 - Batch 1134 - Loss 0.052960
2026-06-20 22:38:40 | Epoch 3 - Batch 1135 - Loss 0.055382
2026-06-20 22:38:40 | Epoch 3 - Batch 1136 - Loss 0.053600
2026-06-20 22:38:40 | Epoch 3 - Batch 1137 - Loss 0.053057
2026-06-20 22:38:40 | Epoch 3 - Batch 1138 - Loss 0.054140
2026-06-20 22:38:40 | Epoch 3 - Batch 1139 - Loss 0.052671
2026-06-20 22:38:40 | Epoch 3 - Batch 1140 - Loss 0.055514
2026-06-20 22:38:40 | Epoch 3 - Batch 1141 - Loss 0.051411
2026-06-20 22:38:40 | Epoch 3 - Batch 1142 - Loss 0.052285
2026-06-20 22:38:40 | Epoch 3 - Batch 1143 - Loss 0.053690
2026-06-20 22:38:40 | Epoch 3 - Batch 1144 - Loss 0.052672
2026-06-20 22:38:40 | Epoch 3 - Batch 1145 - Loss 0.054358
2026-06-20 22:38:40 | Epoch 3 - Batch 1146 - Loss 0.054960
2026-06-20 22:38:40 | Epoch 3 - Batch 1147 - Loss 0.054274
2026-06-20 22:38:40 | Epoch 3 - Batch 1148 - Loss 0.057353
2026-06-20 22:38:40 | Epoch 3 - Batch 1149 - Loss 0.052090
2026-06-20 22:38:40 | Epoch 3 - Batch 1150 - Loss 0.052294
2026-06-20 22:39:05 | New global best checkpoint saved: /lustre/home/ziya/GNN/GraphWeather5p625/experiments/raw_5p625_full50_new01/best_ckpt.tar using valid_S10=0.294692
2026-06-20 22:39:05 | New best S=1 checkpoint saved: best_ckpt_S1.tar using valid_S1=0.057188
2026-06-20 22:39:05 | Epoch 3 finished in 62.63 sec | train 0.052294 S=1 | valid 0.057188 S=1 | valid_S1 0.057188 valid_S10 0.294692 valid_S10_final 0.481371 valid_S1_final 0.057188 valid_S2 0.087994 valid_S2_final 0.118800 valid_S4 0.146385 valid_S4_final 0.233386 valid_S6 0.202189 valid_S6_final 0.338774 valid_S8 0.251631 valid_S8_final 0.418671 | lr 1.00e-04
2026-06-20 22:39:05 | Epoch 4 - Batch 0 - Loss 0.053007
2026-06-20 22:39:05 | Epoch 4 - Batch 1 - Loss 0.054027
2026-06-20 22:39:05 | Epoch 4 - Batch 2 - Loss 0.054704
2026-06-20 22:39:05 | Epoch 4 - Batch 3 - Loss 0.053422
2026-06-20 22:39:05 | Epoch 4 - Batch 4 - Loss 0.050580
2026-06-20 22:39:05 | Epoch 4 - Batch 5 - Loss 0.053091
2026-06-20 22:39:05 | Epoch 4 - Batch 6 - Loss 0.054263
2026-06-20 22:39:05 | Epoch 4 - Batch 7 - Loss 0.050854
2026-06-20 22:39:05 | Epoch 4 - Batch 8 - Loss 0.051578
2026-06-20 22:39:05 | Epoch 4 - Batch 9 - Loss 0.055193
2026-06-20 22:39:05 | Epoch 4 - Batch 10 - Loss 0.052933
2026-06-20 22:39:05 | Epoch 4 - Batch 11 - Loss 0.053954
2026-06-20 22:39:05 | Epoch 4 - Batch 12 - Loss 0.054078
2026-06-20 22:39:05 | Epoch 4 - Batch 13 - Loss 0.053810
2026-06-20 22:39:05 | Epoch 4 - Batch 14 - Loss 0.052185
2026-06-20 22:39:05 | Epoch 4 - Batch 15 - Loss 0.052053
2026-06-20 22:39:05 | Epoch 4 - Batch 16 - Loss 0.051713
2026-06-20 22:39:05 | Epoch 4 - Batch 17 - Loss 0.051489
2026-06-20 22:39:06 | Epoch 4 - Batch 18 - Loss 0.052195
2026-06-20 22:39:06 | Epoch 4 - Batch 19 - Loss 0.055117
2026-06-20 22:39:06 | Epoch 4 - Batch 20 - Loss 0.056083
2026-06-20 22:39:06 | Epoch 4 - Batch 21 - Loss 0.052629
2026-06-20 22:39:06 | Epoch 4 - Batch 22 - Loss 0.051928
2026-06-20 22:39:06 | Epoch 4 - Batch 23 - Loss 0.052911
2026-06-20 22:39:06 | Epoch 4 - Batch 24 - Loss 0.050757
2026-06-20 22:39:06 | Epoch 4 - Batch 25 - Loss 0.050863
2026-06-20 22:39:06 | Epoch 4 - Batch 26 - Loss 0.055517
2026-06-20 22:39:06 | Epoch 4 - Batch 27 - Loss 0.053679
2026-06-20 22:39:06 | Epoch 4 - Batch 28 - Loss 0.051252
2026-06-20 22:39:06 | Epoch 4 - Batch 29 - Loss 0.054329
2026-06-20 22:39:06 | Epoch 4 - Batch 30 - Loss 0.053369
2026-06-20 22:39:06 | Epoch 4 - Batch 31 - Loss 0.054077
2026-06-20 22:39:06 | Epoch 4 - Batch 32 - Loss 0.053117
2026-06-20 22:39:06 | Epoch 4 - Batch 33 - Loss 0.052648
2026-06-20 22:39:06 | Epoch 4 - Batch 34 - Loss 0.053395
2026-06-20 22:39:06 | Epoch 4 - Batch 35 - Loss 0.053228
2026-06-20 22:39:06 | Epoch 4 - Batch 36 - Loss 0.054942
2026-06-20 22:39:06 | Epoch 4 - Batch 37 - Loss 0.051744
2026-06-20 22:39:06 | Epoch 4 - Batch 38 - Loss 0.054138
2026-06-20 22:39:06 | Epoch 4 - Batch 39 - Loss 0.053591
2026-06-20 22:39:06 | Epoch 4 - Batch 40 - Loss 0.052142
2026-06-20 22:39:06 | Epoch 4 - Batch 41 - Loss 0.056377
2026-06-20 22:39:06 | Epoch 4 - Batch 42 - Loss 0.053822
2026-06-20 22:39:06 | Epoch 4 - Batch 43 - Loss 0.054179
2026-06-20 22:39:06 | Epoch 4 - Batch 44 - Loss 0.051447
2026-06-20 22:39:06 | Epoch 4 - Batch 45 - Loss 0.054156
2026-06-20 22:39:06 | Epoch 4 - Batch 46 - Loss 0.052735
2026-06-20 22:39:06 | Epoch 4 - Batch 47 - Loss 0.051897
2026-06-20 22:39:07 | Epoch 4 - Batch 48 - Loss 0.053610
2026-06-20 22:39:07 | Epoch 4 - Batch 49 - Loss 0.055260
2026-06-20 22:39:07 | Epoch 4 - Batch 50 - Loss 0.054480
2026-06-20 22:39:07 | Epoch 4 - Batch 51 - Loss 0.054855
2026-06-20 22:39:07 | Epoch 4 - Batch 52 - Loss 0.051985
2026-06-20 22:39:07 | Epoch 4 - Batch 53 - Loss 0.052877
2026-06-20 22:39:07 | Epoch 4 - Batch 54 - Loss 0.051578
2026-06-20 22:39:07 | Epoch 4 - Batch 55 - Loss 0.053962
2026-06-20 22:39:07 | Epoch 4 - Batch 56 - Loss 0.053419
2026-06-20 22:39:07 | Epoch 4 - Batch 57 - Loss 0.052653
2026-06-20 22:39:07 | Epoch 4 - Batch 58 - Loss 0.052729
2026-06-20 22:39:07 | Epoch 4 - Batch 59 - Loss 0.052772
2026-06-20 22:39:07 | Epoch 4 - Batch 60 - Loss 0.054761
2026-06-20 22:39:07 | Epoch 4 - Batch 61 - Loss 0.054415
2026-06-20 22:39:07 | Epoch 4 - Batch 62 - Loss 0.054551
2026-06-20 22:39:07 | Epoch 4 - Batch 63 - Loss 0.054541
2026-06-20 22:39:07 | Epoch 4 - Batch 64 - Loss 0.052632
2026-06-20 22:39:07 | Epoch 4 - Batch 65 - Loss 0.054777
2026-06-20 22:39:07 | Epoch 4 - Batch 66 - Loss 0.052441
2026-06-20 22:39:07 | Epoch 4 - Batch 67 - Loss 0.051991
2026-06-20 22:39:07 | Epoch 4 - Batch 68 - Loss 0.051479
2026-06-20 22:39:07 | Epoch 4 - Batch 69 - Loss 0.052918
2026-06-20 22:39:07 | Epoch 4 - Batch 70 - Loss 0.050244
2026-06-20 22:39:07 | Epoch 4 - Batch 71 - Loss 0.053205
2026-06-20 22:39:07 | Epoch 4 - Batch 72 - Loss 0.051964
2026-06-20 22:39:07 | Epoch 4 - Batch 73 - Loss 0.050870
2026-06-20 22:39:07 | Epoch 4 - Batch 74 - Loss 0.053434
2026-06-20 22:39:07 | Epoch 4 - Batch 75 - Loss 0.051833
2026-06-20 22:39:07 | Epoch 4 - Batch 76 - Loss 0.051010
2026-06-20 22:39:07 | Epoch 4 - Batch 77 - Loss 0.052124
2026-06-20 22:39:08 | Epoch 4 - Batch 78 - Loss 0.052124
2026-06-20 22:39:08 | Epoch 4 - Batch 79 - Loss 0.052372
2026-06-20 22:39:08 | Epoch 4 - Batch 80 - Loss 0.052414
2026-06-20 22:39:08 | Epoch 4 - Batch 81 - Loss 0.051111
2026-06-20 22:39:08 | Epoch 4 - Batch 82 - Loss 0.053978
2026-06-20 22:39:08 | Epoch 4 - Batch 83 - Loss 0.051906
2026-06-20 22:39:08 | Epoch 4 - Batch 84 - Loss 0.051593
2026-06-20 22:39:08 | Epoch 4 - Batch 85 - Loss 0.054238
2026-06-20 22:39:08 | Epoch 4 - Batch 86 - Loss 0.052710
2026-06-20 22:39:08 | Epoch 4 - Batch 87 - Loss 0.049901
2026-06-20 22:39:08 | Epoch 4 - Batch 88 - Loss 0.050574
2026-06-20 22:39:08 | Epoch 4 - Batch 89 - Loss 0.052418
2026-06-20 22:39:08 | Epoch 4 - Batch 90 - Loss 0.054077
2026-06-20 22:39:08 | Epoch 4 - Batch 91 - Loss 0.052905
2026-06-20 22:39:08 | Epoch 4 - Batch 92 - Loss 0.051862
2026-06-20 22:39:08 | Epoch 4 - Batch 93 - Loss 0.053649
2026-06-20 22:39:08 | Epoch 4 - Batch 94 - Loss 0.051138
2026-06-20 22:39:08 | Epoch 4 - Batch 95 - Loss 0.053960
2026-06-20 22:39:08 | Epoch 4 - Batch 96 - Loss 0.052686
2026-06-20 22:39:08 | Epoch 4 - Batch 97 - Loss 0.053672
2026-06-20 22:39:08 | Epoch 4 - Batch 98 - Loss 0.050953
2026-06-20 22:39:08 | Epoch 4 - Batch 99 - Loss 0.054101
2026-06-20 22:39:08 | Epoch 4 - Batch 100 - Loss 0.053408
2026-06-20 22:39:08 | Epoch 4 - Batch 101 - Loss 0.054140
2026-06-20 22:39:08 | Epoch 4 - Batch 102 - Loss 0.052484
2026-06-20 22:39:08 | Epoch 4 - Batch 103 - Loss 0.049549
2026-06-20 22:39:08 | Epoch 4 - Batch 104 - Loss 0.052923
2026-06-20 22:39:08 | Epoch 4 - Batch 105 - Loss 0.052689
2026-06-20 22:39:08 | Epoch 4 - Batch 106 - Loss 0.052838
2026-06-20 22:39:08 | Epoch 4 - Batch 107 - Loss 0.054924
2026-06-20 22:39:08 | Epoch 4 - Batch 108 - Loss 0.055859
2026-06-20 22:39:09 | Epoch 4 - Batch 109 - Loss 0.052122
2026-06-20 22:39:09 | Epoch 4 - Batch 110 - Loss 0.053150
2026-06-20 22:39:09 | Epoch 4 - Batch 111 - Loss 0.050802
2026-06-20 22:39:09 | Epoch 4 - Batch 112 - Loss 0.052402
2026-06-20 22:39:09 | Epoch 4 - Batch 113 - Loss 0.053391
2026-06-20 22:39:09 | Epoch 4 - Batch 114 - Loss 0.053865
2026-06-20 22:39:09 | Epoch 4 - Batch 115 - Loss 0.053865
2026-06-20 22:39:09 | Epoch 4 - Batch 116 - Loss 0.050411
2026-06-20 22:39:09 | Epoch 4 - Batch 117 - Loss 0.051928
2026-06-20 22:39:09 | Epoch 4 - Batch 118 - Loss 0.053355
2026-06-20 22:39:09 | Epoch 4 - Batch 119 - Loss 0.052038
2026-06-20 22:39:09 | Epoch 4 - Batch 120 - Loss 0.052858
2026-06-20 22:39:09 | Epoch 4 - Batch 121 - Loss 0.052863
2026-06-20 22:39:09 | Epoch 4 - Batch 122 - Loss 0.053884
2026-06-20 22:39:09 | Epoch 4 - Batch 123 - Loss 0.051377
2026-06-20 22:39:09 | Epoch 4 - Batch 124 - Loss 0.053685
2026-06-20 22:39:09 | Epoch 4 - Batch 125 - Loss 0.051622
2026-06-20 22:39:09 | Epoch 4 - Batch 126 - Loss 0.051587
2026-06-20 22:39:09 | Epoch 4 - Batch 127 - Loss 0.052345
2026-06-20 22:39:09 | Epoch 4 - Batch 128 - Loss 0.054077
2026-06-20 22:39:09 | Epoch 4 - Batch 129 - Loss 0.052659
2026-06-20 22:39:09 | Epoch 4 - Batch 130 - Loss 0.053395
2026-06-20 22:39:09 | Epoch 4 - Batch 131 - Loss 0.052491
2026-06-20 22:39:09 | Epoch 4 - Batch 132 - Loss 0.052241
2026-06-20 22:39:09 | Epoch 4 - Batch 133 - Loss 0.051720
2026-06-20 22:39:09 | Epoch 4 - Batch 134 - Loss 0.052801
2026-06-20 22:39:09 | Epoch 4 - Batch 135 - Loss 0.052202
2026-06-20 22:39:09 | Epoch 4 - Batch 136 - Loss 0.053759
2026-06-20 22:39:09 | Epoch 4 - Batch 137 - Loss 0.049785
2026-06-20 22:39:09 | Epoch 4 - Batch 138 - Loss 0.053109
2026-06-20 22:39:10 | Epoch 4 - Batch 139 - Loss 0.051256
2026-06-20 22:39:10 | Epoch 4 - Batch 140 - Loss 0.052288
2026-06-20 22:39:10 | Epoch 4 - Batch 141 - Loss 0.052846
2026-06-20 22:39:10 | Epoch 4 - Batch 142 - Loss 0.052501
2026-06-20 22:39:10 | Epoch 4 - Batch 143 - Loss 0.053752
2026-06-20 22:39:10 | Epoch 4 - Batch 144 - Loss 0.053769
2026-06-20 22:39:10 | Epoch 4 - Batch 145 - Loss 0.054647
2026-06-20 22:39:10 | Epoch 4 - Batch 146 - Loss 0.053025
2026-06-20 22:39:10 | Epoch 4 - Batch 147 - Loss 0.050451
2026-06-20 22:39:10 | Epoch 4 - Batch 148 - Loss 0.051130
2026-06-20 22:39:10 | Epoch 4 - Batch 149 - Loss 0.049732
2026-06-20 22:39:10 | Epoch 4 - Batch 150 - Loss 0.054169
2026-06-20 22:39:10 | Epoch 4 - Batch 151 - Loss 0.053295
2026-06-20 22:39:10 | Epoch 4 - Batch 152 - Loss 0.052912
2026-06-20 22:39:10 | Epoch 4 - Batch 153 - Loss 0.050933
2026-06-20 22:39:10 | Epoch 4 - Batch 154 - Loss 0.053000
2026-06-20 22:39:10 | Epoch 4 - Batch 155 - Loss 0.053604
2026-06-20 22:39:10 | Epoch 4 - Batch 156 - Loss 0.053203
2026-06-20 22:39:10 | Epoch 4 - Batch 157 - Loss 0.054307
2026-06-20 22:39:10 | Epoch 4 - Batch 158 - Loss 0.053158
2026-06-20 22:39:10 | Epoch 4 - Batch 159 - Loss 0.053217
2026-06-20 22:39:10 | Epoch 4 - Batch 160 - Loss 0.053084
2026-06-20 22:39:10 | Epoch 4 - Batch 161 - Loss 0.050617
2026-06-20 22:39:10 | Epoch 4 - Batch 162 - Loss 0.050473
2026-06-20 22:39:10 | Epoch 4 - Batch 163 - Loss 0.051037
2026-06-20 22:39:10 | Epoch 4 - Batch 164 - Loss 0.052030
2026-06-20 22:39:10 | Epoch 4 - Batch 165 - Loss 0.054158
2026-06-20 22:39:10 | Epoch 4 - Batch 166 - Loss 0.051330
2026-06-20 22:39:10 | Epoch 4 - Batch 167 - Loss 0.051884
2026-06-20 22:39:10 | Epoch 4 - Batch 168 - Loss 0.052949
2026-06-20 22:39:11 | Epoch 4 - Batch 169 - Loss 0.052259
2026-06-20 22:39:11 | Epoch 4 - Batch 170 - Loss 0.050618
2026-06-20 22:39:11 | Epoch 4 - Batch 171 - Loss 0.051577
2026-06-20 22:39:11 | Epoch 4 - Batch 172 - Loss 0.053334
2026-06-20 22:39:11 | Epoch 4 - Batch 173 - Loss 0.052497
2026-06-20 22:39:11 | Epoch 4 - Batch 174 - Loss 0.054916
2026-06-20 22:39:11 | Epoch 4 - Batch 175 - Loss 0.052465
2026-06-20 22:39:11 | Epoch 4 - Batch 176 - Loss 0.051811
2026-06-20 22:39:11 | Epoch 4 - Batch 177 - Loss 0.049953
2026-06-20 22:39:11 | Epoch 4 - Batch 178 - Loss 0.052668
2026-06-20 22:39:11 | Epoch 4 - Batch 179 - Loss 0.051894
2026-06-20 22:39:11 | Epoch 4 - Batch 180 - Loss 0.052523
2026-06-20 22:39:11 | Epoch 4 - Batch 181 - Loss 0.052170
2026-06-20 22:39:11 | Epoch 4 - Batch 182 - Loss 0.055419
2026-06-20 22:39:11 | Epoch 4 - Batch 183 - Loss 0.050880
2026-06-20 22:39:11 | Epoch 4 - Batch 184 - Loss 0.053801
2026-06-20 22:39:11 | Epoch 4 - Batch 185 - Loss 0.051233
2026-06-20 22:39:11 | Epoch 4 - Batch 186 - Loss 0.054189
2026-06-20 22:39:11 | Epoch 4 - Batch 187 - Loss 0.053632
2026-06-20 22:39:11 | Epoch 4 - Batch 188 - Loss 0.053217
2026-06-20 22:39:11 | Epoch 4 - Batch 189 - Loss 0.052620
2026-06-20 22:39:11 | Epoch 4 - Batch 190 - Loss 0.053697
2026-06-20 22:39:11 | Epoch 4 - Batch 191 - Loss 0.051561
2026-06-20 22:39:11 | Epoch 4 - Batch 192 - Loss 0.053833
2026-06-20 22:39:11 | Epoch 4 - Batch 193 - Loss 0.053650
2026-06-20 22:39:11 | Epoch 4 - Batch 194 - Loss 0.054747
2026-06-20 22:39:11 | Epoch 4 - Batch 195 - Loss 0.052823
2026-06-20 22:39:11 | Epoch 4 - Batch 196 - Loss 0.053035
2026-06-20 22:39:11 | Epoch 4 - Batch 197 - Loss 0.053048
2026-06-20 22:39:11 | Epoch 4 - Batch 198 - Loss 0.050131
2026-06-20 22:39:11 | Epoch 4 - Batch 199 - Loss 0.048925
2026-06-20 22:39:12 | Epoch 4 - Batch 200 - Loss 0.051947
2026-06-20 22:39:12 | Epoch 4 - Batch 201 - Loss 0.052797
2026-06-20 22:39:12 | Epoch 4 - Batch 202 - Loss 0.053274
2026-06-20 22:39:12 | Epoch 4 - Batch 203 - Loss 0.053780
2026-06-20 22:39:12 | Epoch 4 - Batch 204 - Loss 0.053355
2026-06-20 22:39:12 | Epoch 4 - Batch 205 - Loss 0.053021
2026-06-20 22:39:12 | Epoch 4 - Batch 206 - Loss 0.050868
2026-06-20 22:39:12 | Epoch 4 - Batch 207 - Loss 0.053429
2026-06-20 22:39:12 | Epoch 4 - Batch 208 - Loss 0.053267
2026-06-20 22:39:12 | Epoch 4 - Batch 209 - Loss 0.052233
2026-06-20 22:39:12 | Epoch 4 - Batch 210 - Loss 0.053280
2026-06-20 22:39:12 | Epoch 4 - Batch 211 - Loss 0.051985
2026-06-20 22:39:12 | Epoch 4 - Batch 212 - Loss 0.051473
2026-06-20 22:39:12 | Epoch 4 - Batch 213 - Loss 0.052064
2026-06-20 22:39:12 | Epoch 4 - Batch 214 - Loss 0.051170
2026-06-20 22:39:12 | Epoch 4 - Batch 215 - Loss 0.050877
2026-06-20 22:39:12 | Epoch 4 - Batch 216 - Loss 0.052878
2026-06-20 22:39:12 | Epoch 4 - Batch 217 - Loss 0.051562
2026-06-20 22:39:12 | Epoch 4 - Batch 218 - Loss 0.050271
2026-06-20 22:39:12 | Epoch 4 - Batch 219 - Loss 0.050538
2026-06-20 22:39:12 | Epoch 4 - Batch 220 - Loss 0.051451
2026-06-20 22:39:12 | Epoch 4 - Batch 221 - Loss 0.050294
2026-06-20 22:39:12 | Epoch 4 - Batch 222 - Loss 0.053760
2026-06-20 22:39:12 | Epoch 4 - Batch 223 - Loss 0.053026
2026-06-20 22:39:12 | Epoch 4 - Batch 224 - Loss 0.051077
2026-06-20 22:39:12 | Epoch 4 - Batch 225 - Loss 0.050867
2026-06-20 22:39:12 | Epoch 4 - Batch 226 - Loss 0.053298
2026-06-20 22:39:12 | Epoch 4 - Batch 227 - Loss 0.052065
2026-06-20 22:39:12 | Epoch 4 - Batch 228 - Loss 0.052685
2026-06-20 22:39:12 | Epoch 4 - Batch 229 - Loss 0.051172
2026-06-20 22:39:13 | Epoch 4 - Batch 230 - Loss 0.050831
2026-06-20 22:39:13 | Epoch 4 - Batch 231 - Loss 0.050363
2026-06-20 22:39:13 | Epoch 4 - Batch 232 - Loss 0.053392
2026-06-20 22:39:13 | Epoch 4 - Batch 233 - Loss 0.052200
2026-06-20 22:39:13 | Epoch 4 - Batch 234 - Loss 0.050796
2026-06-20 22:39:13 | Epoch 4 - Batch 235 - Loss 0.051299
2026-06-20 22:39:13 | Epoch 4 - Batch 236 - Loss 0.052447
2026-06-20 22:39:13 | Epoch 4 - Batch 237 - Loss 0.051133
2026-06-20 22:39:13 | Epoch 4 - Batch 238 - Loss 0.051492
2026-06-20 22:39:13 | Epoch 4 - Batch 239 - Loss 0.053278
2026-06-20 22:39:13 | Epoch 4 - Batch 240 - Loss 0.052035
2026-06-20 22:39:13 | Epoch 4 - Batch 241 - Loss 0.052755
2026-06-20 22:39:13 | Epoch 4 - Batch 242 - Loss 0.052780
2026-06-20 22:39:13 | Epoch 4 - Batch 243 - Loss 0.050717
2026-06-20 22:39:13 | Epoch 4 - Batch 244 - Loss 0.052581
2026-06-20 22:39:13 | Epoch 4 - Batch 245 - Loss 0.052834
2026-06-20 22:39:13 | Epoch 4 - Batch 246 - Loss 0.050181
2026-06-20 22:39:13 | Epoch 4 - Batch 247 - Loss 0.052595
2026-06-20 22:39:13 | Epoch 4 - Batch 248 - Loss 0.050406
2026-06-20 22:39:13 | Epoch 4 - Batch 249 - Loss 0.053828
2026-06-20 22:39:13 | Epoch 4 - Batch 250 - Loss 0.053355
2026-06-20 22:39:13 | Epoch 4 - Batch 251 - Loss 0.052443
2026-06-20 22:39:13 | Epoch 4 - Batch 252 - Loss 0.051384
2026-06-20 22:39:13 | Epoch 4 - Batch 253 - Loss 0.050954
2026-06-20 22:39:13 | Epoch 4 - Batch 254 - Loss 0.052938
2026-06-20 22:39:13 | Epoch 4 - Batch 255 - Loss 0.056647
2026-06-20 22:39:13 | Epoch 4 - Batch 256 - Loss 0.052422
2026-06-20 22:39:13 | Epoch 4 - Batch 257 - Loss 0.051450
2026-06-20 22:39:13 | Epoch 4 - Batch 258 - Loss 0.052097
2026-06-20 22:39:13 | Epoch 4 - Batch 259 - Loss 0.053195
2026-06-20 22:39:14 | Epoch 4 - Batch 260 - Loss 0.051312
2026-06-20 22:39:14 | Epoch 4 - Batch 261 - Loss 0.052242
2026-06-20 22:39:14 | Epoch 4 - Batch 262 - Loss 0.052324
2026-06-20 22:39:14 | Epoch 4 - Batch 263 - Loss 0.051652
2026-06-20 22:39:14 | Epoch 4 - Batch 264 - Loss 0.049305
2026-06-20 22:39:14 | Epoch 4 - Batch 265 - Loss 0.050824
2026-06-20 22:39:14 | Epoch 4 - Batch 266 - Loss 0.051756
2026-06-20 22:39:14 | Epoch 4 - Batch 267 - Loss 0.051640
2026-06-20 22:39:14 | Epoch 4 - Batch 268 - Loss 0.051133
2026-06-20 22:39:14 | Epoch 4 - Batch 269 - Loss 0.052608
2026-06-20 22:39:14 | Epoch 4 - Batch 270 - Loss 0.051645
2026-06-20 22:39:14 | Epoch 4 - Batch 271 - Loss 0.051031
2026-06-20 22:39:14 | Epoch 4 - Batch 272 - Loss 0.051394
2026-06-20 22:39:14 | Epoch 4 - Batch 273 - Loss 0.054816
2026-06-20 22:39:14 | Epoch 4 - Batch 274 - Loss 0.053826
2026-06-20 22:39:14 | Epoch 4 - Batch 275 - Loss 0.053209
2026-06-20 22:39:14 | Epoch 4 - Batch 276 - Loss 0.053093
2026-06-20 22:39:14 | Epoch 4 - Batch 277 - Loss 0.053845
2026-06-20 22:39:14 | Epoch 4 - Batch 278 - Loss 0.051331
2026-06-20 22:39:14 | Epoch 4 - Batch 279 - Loss 0.052166
2026-06-20 22:39:14 | Epoch 4 - Batch 280 - Loss 0.051480
2026-06-20 22:39:14 | Epoch 4 - Batch 281 - Loss 0.052841
2026-06-20 22:39:14 | Epoch 4 - Batch 282 - Loss 0.053437
2026-06-20 22:39:14 | Epoch 4 - Batch 283 - Loss 0.051658
2026-06-20 22:39:14 | Epoch 4 - Batch 284 - Loss 0.051373
2026-06-20 22:39:14 | Epoch 4 - Batch 285 - Loss 0.051890
2026-06-20 22:39:14 | Epoch 4 - Batch 286 - Loss 0.051997
2026-06-20 22:39:14 | Epoch 4 - Batch 287 - Loss 0.052689
2026-06-20 22:39:14 | Epoch 4 - Batch 288 - Loss 0.051937
2026-06-20 22:39:14 | Epoch 4 - Batch 289 - Loss 0.051955
2026-06-20 22:39:14 | Epoch 4 - Batch 290 - Loss 0.050227
2026-06-20 22:39:15 | Epoch 4 - Batch 291 - Loss 0.053681
2026-06-20 22:39:15 | Epoch 4 - Batch 292 - Loss 0.052040
2026-06-20 22:39:15 | Epoch 4 - Batch 293 - Loss 0.054775
2026-06-20 22:39:15 | Epoch 4 - Batch 294 - Loss 0.052710
2026-06-20 22:39:15 | Epoch 4 - Batch 295 - Loss 0.049784
2026-06-20 22:39:15 | Epoch 4 - Batch 296 - Loss 0.050608
2026-06-20 22:39:15 | Epoch 4 - Batch 297 - Loss 0.050702
2026-06-20 22:39:15 | Epoch 4 - Batch 298 - Loss 0.051695
2026-06-20 22:39:15 | Epoch 4 - Batch 299 - Loss 0.053425
2026-06-20 22:39:15 | Epoch 4 - Batch 300 - Loss 0.051066
2026-06-20 22:39:15 | Epoch 4 - Batch 301 - Loss 0.052796
2026-06-20 22:39:15 | Epoch 4 - Batch 302 - Loss 0.051471
2026-06-20 22:39:15 | Epoch 4 - Batch 303 - Loss 0.050838
2026-06-20 22:39:15 | Epoch 4 - Batch 304 - Loss 0.050823
2026-06-20 22:39:15 | Epoch 4 - Batch 305 - Loss 0.050496
2026-06-20 22:39:15 | Epoch 4 - Batch 306 - Loss 0.051872
2026-06-20 22:39:15 | Epoch 4 - Batch 307 - Loss 0.050879
2026-06-20 22:39:15 | Epoch 4 - Batch 308 - Loss 0.054067
2026-06-20 22:39:15 | Epoch 4 - Batch 309 - Loss 0.051004
2026-06-20 22:39:15 | Epoch 4 - Batch 310 - Loss 0.050879
2026-06-20 22:39:15 | Epoch 4 - Batch 311 - Loss 0.053371
2026-06-20 22:39:15 | Epoch 4 - Batch 312 - Loss 0.053714
2026-06-20 22:39:15 | Epoch 4 - Batch 313 - Loss 0.054972
2026-06-20 22:39:15 | Epoch 4 - Batch 314 - Loss 0.052021
2026-06-20 22:39:15 | Epoch 4 - Batch 315 - Loss 0.053894
2026-06-20 22:39:15 | Epoch 4 - Batch 316 - Loss 0.054197
2026-06-20 22:39:15 | Epoch 4 - Batch 317 - Loss 0.052799
2026-06-20 22:39:15 | Epoch 4 - Batch 318 - Loss 0.053584
2026-06-20 22:39:15 | Epoch 4 - Batch 319 - Loss 0.050250
2026-06-20 22:39:15 | Epoch 4 - Batch 320 - Loss 0.052023
2026-06-20 22:39:16 | Epoch 4 - Batch 321 - Loss 0.053690
2026-06-20 22:39:16 | Epoch 4 - Batch 322 - Loss 0.052112
2026-06-20 22:39:16 | Epoch 4 - Batch 323 - Loss 0.050778
2026-06-20 22:39:16 | Epoch 4 - Batch 324 - Loss 0.052870
2026-06-20 22:39:16 | Epoch 4 - Batch 325 - Loss 0.051801
2026-06-20 22:39:16 | Epoch 4 - Batch 326 - Loss 0.051810
2026-06-20 22:39:16 | Epoch 4 - Batch 327 - Loss 0.053606
2026-06-20 22:39:16 | Epoch 4 - Batch 328 - Loss 0.051461
2026-06-20 22:39:16 | Epoch 4 - Batch 329 - Loss 0.052374
2026-06-20 22:39:16 | Epoch 4 - Batch 330 - Loss 0.051872
2026-06-20 22:39:16 | Epoch 4 - Batch 331 - Loss 0.051176
2026-06-20 22:39:16 | Epoch 4 - Batch 332 - Loss 0.051392
2026-06-20 22:39:16 | Epoch 4 - Batch 333 - Loss 0.051024
2026-06-20 22:39:16 | Epoch 4 - Batch 334 - Loss 0.052830
2026-06-20 22:39:16 | Epoch 4 - Batch 335 - Loss 0.050097
2026-06-20 22:39:16 | Epoch 4 - Batch 336 - Loss 0.052598
2026-06-20 22:39:16 | Epoch 4 - Batch 337 - Loss 0.051248
2026-06-20 22:39:16 | Epoch 4 - Batch 338 - Loss 0.051857
2026-06-20 22:39:16 | Epoch 4 - Batch 339 - Loss 0.054584
2026-06-20 22:39:16 | Epoch 4 - Batch 340 - Loss 0.049349
2026-06-20 22:39:16 | Epoch 4 - Batch 341 - Loss 0.051359
2026-06-20 22:39:16 | Epoch 4 - Batch 342 - Loss 0.053468
2026-06-20 22:39:16 | Epoch 4 - Batch 343 - Loss 0.051715
2026-06-20 22:39:16 | Epoch 4 - Batch 344 - Loss 0.052117
2026-06-20 22:39:16 | Epoch 4 - Batch 345 - Loss 0.053324
2026-06-20 22:39:16 | Epoch 4 - Batch 346 - Loss 0.050620
2026-06-20 22:39:16 | Epoch 4 - Batch 347 - Loss 0.052029
2026-06-20 22:39:16 | Epoch 4 - Batch 348 - Loss 0.050666
2026-06-20 22:39:16 | Epoch 4 - Batch 349 - Loss 0.051423
2026-06-20 22:39:16 | Epoch 4 - Batch 350 - Loss 0.051307
2026-06-20 22:39:17 | Epoch 4 - Batch 351 - Loss 0.052025
2026-06-20 22:39:17 | Epoch 4 - Batch 352 - Loss 0.053072
2026-06-20 22:39:17 | Epoch 4 - Batch 353 - Loss 0.052723
2026-06-20 22:39:17 | Epoch 4 - Batch 354 - Loss 0.053212
2026-06-20 22:39:17 | Epoch 4 - Batch 355 - Loss 0.053122
2026-06-20 22:39:17 | Epoch 4 - Batch 356 - Loss 0.051779
2026-06-20 22:39:17 | Epoch 4 - Batch 357 - Loss 0.050209
2026-06-20 22:39:17 | Epoch 4 - Batch 358 - Loss 0.052390
2026-06-20 22:39:17 | Epoch 4 - Batch 359 - Loss 0.053016
2026-06-20 22:39:17 | Epoch 4 - Batch 360 - Loss 0.049991
2026-06-20 22:39:17 | Epoch 4 - Batch 361 - Loss 0.048652
2026-06-20 22:39:17 | Epoch 4 - Batch 362 - Loss 0.051108
2026-06-20 22:39:17 | Epoch 4 - Batch 363 - Loss 0.051223
2026-06-20 22:39:17 | Epoch 4 - Batch 364 - Loss 0.051178
2026-06-20 22:39:17 | Epoch 4 - Batch 365 - Loss 0.052532
2026-06-20 22:39:17 | Epoch 4 - Batch 366 - Loss 0.049172
2026-06-20 22:39:17 | Epoch 4 - Batch 367 - Loss 0.051973
2026-06-20 22:39:17 | Epoch 4 - Batch 368 - Loss 0.052941
2026-06-20 22:39:17 | Epoch 4 - Batch 369 - Loss 0.051803
2026-06-20 22:39:17 | Epoch 4 - Batch 370 - Loss 0.051837
2026-06-20 22:39:17 | Epoch 4 - Batch 371 - Loss 0.052284
2026-06-20 22:39:17 | Epoch 4 - Batch 372 - Loss 0.052457
2026-06-20 22:39:17 | Epoch 4 - Batch 373 - Loss 0.050062
2026-06-20 22:39:17 | Epoch 4 - Batch 374 - Loss 0.052452
2026-06-20 22:39:17 | Epoch 4 - Batch 375 - Loss 0.052311
2026-06-20 22:39:17 | Epoch 4 - Batch 376 - Loss 0.053672
2026-06-20 22:39:17 | Epoch 4 - Batch 377 - Loss 0.053114
2026-06-20 22:39:17 | Epoch 4 - Batch 378 - Loss 0.051267
2026-06-20 22:39:17 | Epoch 4 - Batch 379 - Loss 0.054093
2026-06-20 22:39:17 | Epoch 4 - Batch 380 - Loss 0.052444
2026-06-20 22:39:18 | Epoch 4 - Batch 381 - Loss 0.050448
2026-06-20 22:39:18 | Epoch 4 - Batch 382 - Loss 0.054042
2026-06-20 22:39:18 | Epoch 4 - Batch 383 - Loss 0.051635
2026-06-20 22:39:18 | Epoch 4 - Batch 384 - Loss 0.050925
2026-06-20 22:39:18 | Epoch 4 - Batch 385 - Loss 0.053790
2026-06-20 22:39:18 | Epoch 4 - Batch 386 - Loss 0.051103
2026-06-20 22:39:18 | Epoch 4 - Batch 387 - Loss 0.051725
2026-06-20 22:39:18 | Epoch 4 - Batch 388 - Loss 0.052552
2026-06-20 22:39:18 | Epoch 4 - Batch 389 - Loss 0.051203
2026-06-20 22:39:18 | Epoch 4 - Batch 390 - Loss 0.050570
2026-06-20 22:39:18 | Epoch 4 - Batch 391 - Loss 0.051884
2026-06-20 22:39:18 | Epoch 4 - Batch 392 - Loss 0.051803
2026-06-20 22:39:18 | Epoch 4 - Batch 393 - Loss 0.051490
2026-06-20 22:39:18 | Epoch 4 - Batch 394 - Loss 0.053658
2026-06-20 22:39:18 | Epoch 4 - Batch 395 - Loss 0.050259
2026-06-20 22:39:18 | Epoch 4 - Batch 396 - Loss 0.049437
2026-06-20 22:39:18 | Epoch 4 - Batch 397 - Loss 0.051416
2026-06-20 22:39:18 | Epoch 4 - Batch 398 - Loss 0.051576
2026-06-20 22:39:18 | Epoch 4 - Batch 399 - Loss 0.053549
2026-06-20 22:39:18 | Epoch 4 - Batch 400 - Loss 0.052307
2026-06-20 22:39:18 | Epoch 4 - Batch 401 - Loss 0.050632
2026-06-20 22:39:18 | Epoch 4 - Batch 402 - Loss 0.051415
2026-06-20 22:39:18 | Epoch 4 - Batch 403 - Loss 0.051179
2026-06-20 22:39:18 | Epoch 4 - Batch 404 - Loss 0.051298
2026-06-20 22:39:18 | Epoch 4 - Batch 405 - Loss 0.050441
2026-06-20 22:39:18 | Epoch 4 - Batch 406 - Loss 0.048704
2026-06-20 22:39:18 | Epoch 4 - Batch 407 - Loss 0.051024
2026-06-20 22:39:18 | Epoch 4 - Batch 408 - Loss 0.051211
2026-06-20 22:39:18 | Epoch 4 - Batch 409 - Loss 0.053415
2026-06-20 22:39:18 | Epoch 4 - Batch 410 - Loss 0.051949
2026-06-20 22:39:19 | Epoch 4 - Batch 411 - Loss 0.052095
2026-06-20 22:39:19 | Epoch 4 - Batch 412 - Loss 0.052072
2026-06-20 22:39:19 | Epoch 4 - Batch 413 - Loss 0.053040
2026-06-20 22:39:19 | Epoch 4 - Batch 414 - Loss 0.052202
2026-06-20 22:39:19 | Epoch 4 - Batch 415 - Loss 0.052185
2026-06-20 22:39:19 | Epoch 4 - Batch 416 - Loss 0.051442
2026-06-20 22:39:19 | Epoch 4 - Batch 417 - Loss 0.051950
2026-06-20 22:39:19 | Epoch 4 - Batch 418 - Loss 0.053931
2026-06-20 22:39:19 | Epoch 4 - Batch 419 - Loss 0.052764
2026-06-20 22:39:19 | Epoch 4 - Batch 420 - Loss 0.049816
2026-06-20 22:39:19 | Epoch 4 - Batch 421 - Loss 0.051203
2026-06-20 22:39:19 | Epoch 4 - Batch 422 - Loss 0.049637
2026-06-20 22:39:19 | Epoch 4 - Batch 423 - Loss 0.052704
2026-06-20 22:39:19 | Epoch 4 - Batch 424 - Loss 0.051601
2026-06-20 22:39:19 | Epoch 4 - Batch 425 - Loss 0.051307
2026-06-20 22:39:19 | Epoch 4 - Batch 426 - Loss 0.053425
2026-06-20 22:39:19 | Epoch 4 - Batch 427 - Loss 0.051082
2026-06-20 22:39:19 | Epoch 4 - Batch 428 - Loss 0.052252
2026-06-20 22:39:19 | Epoch 4 - Batch 429 - Loss 0.051928
2026-06-20 22:39:19 | Epoch 4 - Batch 430 - Loss 0.050289
2026-06-20 22:39:19 | Epoch 4 - Batch 431 - Loss 0.050095
2026-06-20 22:39:19 | Epoch 4 - Batch 432 - Loss 0.050815
2026-06-20 22:39:19 | Epoch 4 - Batch 433 - Loss 0.051254
2026-06-20 22:39:19 | Epoch 4 - Batch 434 - Loss 0.050675
2026-06-20 22:39:19 | Epoch 4 - Batch 435 - Loss 0.052100
2026-06-20 22:39:19 | Epoch 4 - Batch 436 - Loss 0.050620
2026-06-20 22:39:19 | Epoch 4 - Batch 437 - Loss 0.052507
2026-06-20 22:39:19 | Epoch 4 - Batch 438 - Loss 0.051036
2026-06-20 22:39:19 | Epoch 4 - Batch 439 - Loss 0.052534
2026-06-20 22:39:19 | Epoch 4 - Batch 440 - Loss 0.053457
2026-06-20 22:39:20 | Epoch 4 - Batch 441 - Loss 0.049977
2026-06-20 22:39:20 | Epoch 4 - Batch 442 - Loss 0.051513
2026-06-20 22:39:20 | Epoch 4 - Batch 443 - Loss 0.051004
2026-06-20 22:39:20 | Epoch 4 - Batch 444 - Loss 0.052111
2026-06-20 22:39:20 | Epoch 4 - Batch 445 - Loss 0.052143
2026-06-20 22:39:20 | Epoch 4 - Batch 446 - Loss 0.052719
2026-06-20 22:39:20 | Epoch 4 - Batch 447 - Loss 0.053722
2026-06-20 22:39:20 | Epoch 4 - Batch 448 - Loss 0.050018
2026-06-20 22:39:20 | Epoch 4 - Batch 449 - Loss 0.053407
2026-06-20 22:39:20 | Epoch 4 - Batch 450 - Loss 0.050961
2026-06-20 22:39:20 | Epoch 4 - Batch 451 - Loss 0.050369
2026-06-20 22:39:20 | Epoch 4 - Batch 452 - Loss 0.051973
2026-06-20 22:39:20 | Epoch 4 - Batch 453 - Loss 0.050719
2026-06-20 22:39:20 | Epoch 4 - Batch 454 - Loss 0.050700
2026-06-20 22:39:20 | Epoch 4 - Batch 455 - Loss 0.049397
2026-06-20 22:39:20 | Epoch 4 - Batch 456 - Loss 0.050438
2026-06-20 22:39:20 | Epoch 4 - Batch 457 - Loss 0.053243
2026-06-20 22:39:20 | Epoch 4 - Batch 458 - Loss 0.051122
2026-06-20 22:39:20 | Epoch 4 - Batch 459 - Loss 0.051831
2026-06-20 22:39:20 | Epoch 4 - Batch 460 - Loss 0.053457
2026-06-20 22:39:20 | Epoch 4 - Batch 461 - Loss 0.052915
2026-06-20 22:39:20 | Epoch 4 - Batch 462 - Loss 0.051939
2026-06-20 22:39:20 | Epoch 4 - Batch 463 - Loss 0.051978
2026-06-20 22:39:20 | Epoch 4 - Batch 464 - Loss 0.051272
2026-06-20 22:39:20 | Epoch 4 - Batch 465 - Loss 0.049741
2026-06-20 22:39:20 | Epoch 4 - Batch 466 - Loss 0.052626
2026-06-20 22:39:20 | Epoch 4 - Batch 467 - Loss 0.051585
2026-06-20 22:39:20 | Epoch 4 - Batch 468 - Loss 0.053483
2026-06-20 22:39:20 | Epoch 4 - Batch 469 - Loss 0.050576
2026-06-20 22:39:20 | Epoch 4 - Batch 470 - Loss 0.052605
2026-06-20 22:39:21 | Epoch 4 - Batch 471 - Loss 0.052319
2026-06-20 22:39:21 | Epoch 4 - Batch 472 - Loss 0.053591
2026-06-20 22:39:21 | Epoch 4 - Batch 473 - Loss 0.050353
2026-06-20 22:39:21 | Epoch 4 - Batch 474 - Loss 0.051787
2026-06-20 22:39:21 | Epoch 4 - Batch 475 - Loss 0.052967
2026-06-20 22:39:21 | Epoch 4 - Batch 476 - Loss 0.052337
2026-06-20 22:39:21 | Epoch 4 - Batch 477 - Loss 0.050293
2026-06-20 22:39:21 | Epoch 4 - Batch 478 - Loss 0.051904
2026-06-20 22:39:21 | Epoch 4 - Batch 479 - Loss 0.051215
2026-06-20 22:39:21 | Epoch 4 - Batch 480 - Loss 0.051178
2026-06-20 22:39:21 | Epoch 4 - Batch 481 - Loss 0.051582
2026-06-20 22:39:21 | Epoch 4 - Batch 482 - Loss 0.049553
2026-06-20 22:39:21 | Epoch 4 - Batch 483 - Loss 0.050177
2026-06-20 22:39:21 | Epoch 4 - Batch 484 - Loss 0.052328
2026-06-20 22:39:21 | Epoch 4 - Batch 485 - Loss 0.051834
2026-06-20 22:39:21 | Epoch 4 - Batch 486 - Loss 0.051752
2026-06-20 22:39:21 | Epoch 4 - Batch 487 - Loss 0.049385
2026-06-20 22:39:21 | Epoch 4 - Batch 488 - Loss 0.051042
2026-06-20 22:39:21 | Epoch 4 - Batch 489 - Loss 0.050278
2026-06-20 22:39:21 | Epoch 4 - Batch 490 - Loss 0.052690
2026-06-20 22:39:21 | Epoch 4 - Batch 491 - Loss 0.049533
2026-06-20 22:39:21 | Epoch 4 - Batch 492 - Loss 0.051421
2026-06-20 22:39:21 | Epoch 4 - Batch 493 - Loss 0.050314
2026-06-20 22:39:21 | Epoch 4 - Batch 494 - Loss 0.053079
2026-06-20 22:39:21 | Epoch 4 - Batch 495 - Loss 0.052111
2026-06-20 22:39:21 | Epoch 4 - Batch 496 - Loss 0.051151
2026-06-20 22:39:21 | Epoch 4 - Batch 497 - Loss 0.055710
2026-06-20 22:39:21 | Epoch 4 - Batch 498 - Loss 0.051575
2026-06-20 22:39:21 | Epoch 4 - Batch 499 - Loss 0.049298
2026-06-20 22:39:22 | Epoch 4 - Batch 500 - Loss 0.051918
2026-06-20 22:39:22 | Epoch 4 - Batch 501 - Loss 0.049873
2026-06-20 22:39:22 | Epoch 4 - Batch 502 - Loss 0.053251
2026-06-20 22:39:22 | Epoch 4 - Batch 503 - Loss 0.049535
2026-06-20 22:39:22 | Epoch 4 - Batch 504 - Loss 0.051355
2026-06-20 22:39:22 | Epoch 4 - Batch 505 - Loss 0.048655
2026-06-20 22:39:22 | Epoch 4 - Batch 506 - Loss 0.050871
2026-06-20 22:39:22 | Epoch 4 - Batch 507 - Loss 0.051049
2026-06-20 22:39:22 | Epoch 4 - Batch 508 - Loss 0.052261
2026-06-20 22:39:22 | Epoch 4 - Batch 509 - Loss 0.050525
2026-06-20 22:39:22 | Epoch 4 - Batch 510 - Loss 0.053703
2026-06-20 22:39:22 | Epoch 4 - Batch 511 - Loss 0.051791
2026-06-20 22:39:22 | Epoch 4 - Batch 512 - Loss 0.050647
2026-06-20 22:39:22 | Epoch 4 - Batch 513 - Loss 0.049959
2026-06-20 22:39:22 | Epoch 4 - Batch 514 - Loss 0.050667
2026-06-20 22:39:22 | Epoch 4 - Batch 515 - Loss 0.049933
2026-06-20 22:39:22 | Epoch 4 - Batch 516 - Loss 0.051039
2026-06-20 22:39:22 | Epoch 4 - Batch 517 - Loss 0.051705
2026-06-20 22:39:22 | Epoch 4 - Batch 518 - Loss 0.050203
2026-06-20 22:39:22 | Epoch 4 - Batch 519 - Loss 0.051978
2026-06-20 22:39:22 | Epoch 4 - Batch 520 - Loss 0.049985
2026-06-20 22:39:22 | Epoch 4 - Batch 521 - Loss 0.051127
2026-06-20 22:39:22 | Epoch 4 - Batch 522 - Loss 0.052510
2026-06-20 22:39:22 | Epoch 4 - Batch 523 - Loss 0.051032
2026-06-20 22:39:22 | Epoch 4 - Batch 524 - Loss 0.050515
2026-06-20 22:39:22 | Epoch 4 - Batch 525 - Loss 0.050802
2026-06-20 22:39:22 | Epoch 4 - Batch 526 - Loss 0.050342
2026-06-20 22:39:22 | Epoch 4 - Batch 527 - Loss 0.051351
2026-06-20 22:39:22 | Epoch 4 - Batch 528 - Loss 0.050606
2026-06-20 22:39:22 | Epoch 4 - Batch 529 - Loss 0.052191
2026-06-20 22:39:23 | Epoch 4 - Batch 530 - Loss 0.052106
2026-06-20 22:39:23 | Epoch 4 - Batch 531 - Loss 0.052127
2026-06-20 22:39:23 | Epoch 4 - Batch 532 - Loss 0.051799
2026-06-20 22:39:23 | Epoch 4 - Batch 533 - Loss 0.053776
2026-06-20 22:39:23 | Epoch 4 - Batch 534 - Loss 0.050221
2026-06-20 22:39:23 | Epoch 4 - Batch 535 - Loss 0.050181
2026-06-20 22:39:23 | Epoch 4 - Batch 536 - Loss 0.053995
2026-06-20 22:39:23 | Epoch 4 - Batch 537 - Loss 0.050352
2026-06-20 22:39:23 | Epoch 4 - Batch 538 - Loss 0.053013
2026-06-20 22:39:23 | Epoch 4 - Batch 539 - Loss 0.051827
2026-06-20 22:39:23 | Epoch 4 - Batch 540 - Loss 0.049150
2026-06-20 22:39:23 | Epoch 4 - Batch 541 - Loss 0.050406
2026-06-20 22:39:23 | Epoch 4 - Batch 542 - Loss 0.049762
2026-06-20 22:39:23 | Epoch 4 - Batch 543 - Loss 0.048930
2026-06-20 22:39:23 | Epoch 4 - Batch 544 - Loss 0.051872
2026-06-20 22:39:23 | Epoch 4 - Batch 545 - Loss 0.052697
2026-06-20 22:39:23 | Epoch 4 - Batch 546 - Loss 0.049584
2026-06-20 22:39:23 | Epoch 4 - Batch 547 - Loss 0.054243
2026-06-20 22:39:23 | Epoch 4 - Batch 548 - Loss 0.051102
2026-06-20 22:39:23 | Epoch 4 - Batch 549 - Loss 0.050640
2026-06-20 22:39:23 | Epoch 4 - Batch 550 - Loss 0.049327
2026-06-20 22:39:23 | Epoch 4 - Batch 551 - Loss 0.051219
2026-06-20 22:39:23 | Epoch 4 - Batch 552 - Loss 0.049935
2026-06-20 22:39:23 | Epoch 4 - Batch 553 - Loss 0.051335
2026-06-20 22:39:23 | Epoch 4 - Batch 554 - Loss 0.050301
2026-06-20 22:39:23 | Epoch 4 - Batch 555 - Loss 0.049940
2026-06-20 22:39:23 | Epoch 4 - Batch 556 - Loss 0.050282
2026-06-20 22:39:23 | Epoch 4 - Batch 557 - Loss 0.053325
2026-06-20 22:39:23 | Epoch 4 - Batch 558 - Loss 0.051414
2026-06-20 22:39:24 | Epoch 4 - Batch 559 - Loss 0.051003
2026-06-20 22:39:24 | Epoch 4 - Batch 560 - Loss 0.049482
2026-06-20 22:39:24 | Epoch 4 - Batch 561 - Loss 0.050506
2026-06-20 22:39:24 | Epoch 4 - Batch 562 - Loss 0.050499
2026-06-20 22:39:24 | Epoch 4 - Batch 563 - Loss 0.051295
2026-06-20 22:39:24 | Epoch 4 - Batch 564 - Loss 0.051854
2026-06-20 22:39:24 | Epoch 4 - Batch 565 - Loss 0.051770
2026-06-20 22:39:24 | Epoch 4 - Batch 566 - Loss 0.050775
2026-06-20 22:39:24 | Epoch 4 - Batch 567 - Loss 0.052484
2026-06-20 22:39:24 | Epoch 4 - Batch 568 - Loss 0.050416
2026-06-20 22:39:24 | Epoch 4 - Batch 569 - Loss 0.052693
2026-06-20 22:39:24 | Epoch 4 - Batch 570 - Loss 0.050537
2026-06-20 22:39:24 | Epoch 4 - Batch 571 - Loss 0.051251
2026-06-20 22:39:24 | Epoch 4 - Batch 572 - Loss 0.049563
2026-06-20 22:39:24 | Epoch 4 - Batch 573 - Loss 0.049582
2026-06-20 22:39:24 | Epoch 4 - Batch 574 - Loss 0.053127
2026-06-20 22:39:24 | Epoch 4 - Batch 575 - Loss 0.052757
2026-06-20 22:39:24 | Epoch 4 - Batch 576 - Loss 0.052876
2026-06-20 22:39:24 | Epoch 4 - Batch 577 - Loss 0.051196
2026-06-20 22:39:24 | Epoch 4 - Batch 578 - Loss 0.049782
2026-06-20 22:39:24 | Epoch 4 - Batch 579 - Loss 0.051771
2026-06-20 22:39:24 | Epoch 4 - Batch 580 - Loss 0.052452
2026-06-20 22:39:24 | Epoch 4 - Batch 581 - Loss 0.051133
2026-06-20 22:39:24 | Epoch 4 - Batch 582 - Loss 0.051676
2026-06-20 22:39:24 | Epoch 4 - Batch 583 - Loss 0.050487
2026-06-20 22:39:24 | Epoch 4 - Batch 584 - Loss 0.050357
2026-06-20 22:39:24 | Epoch 4 - Batch 585 - Loss 0.051601
2026-06-20 22:39:24 | Epoch 4 - Batch 586 - Loss 0.050812
2026-06-20 22:39:24 | Epoch 4 - Batch 587 - Loss 0.050362
2026-06-20 22:39:24 | Epoch 4 - Batch 588 - Loss 0.052865
2026-06-20 22:39:25 | Epoch 4 - Batch 589 - Loss 0.052762
2026-06-20 22:39:25 | Epoch 4 - Batch 590 - Loss 0.049001
2026-06-20 22:39:25 | Epoch 4 - Batch 591 - Loss 0.050927
2026-06-20 22:39:25 | Epoch 4 - Batch 592 - Loss 0.049320
2026-06-20 22:39:25 | Epoch 4 - Batch 593 - Loss 0.052970
2026-06-20 22:39:25 | Epoch 4 - Batch 594 - Loss 0.052989
2026-06-20 22:39:25 | Epoch 4 - Batch 595 - Loss 0.051713
2026-06-20 22:39:25 | Epoch 4 - Batch 596 - Loss 0.052458
2026-06-20 22:39:25 | Epoch 4 - Batch 597 - Loss 0.050889
2026-06-20 22:39:25 | Epoch 4 - Batch 598 - Loss 0.051690
2026-06-20 22:39:25 | Epoch 4 - Batch 599 - Loss 0.052325
2026-06-20 22:39:25 | Epoch 4 - Batch 600 - Loss 0.051790
2026-06-20 22:39:25 | Epoch 4 - Batch 601 - Loss 0.054364
2026-06-20 22:39:25 | Epoch 4 - Batch 602 - Loss 0.050188
2026-06-20 22:39:25 | Epoch 4 - Batch 603 - Loss 0.051894
2026-06-20 22:39:25 | Epoch 4 - Batch 604 - Loss 0.051230
2026-06-20 22:39:25 | Epoch 4 - Batch 605 - Loss 0.050833
2026-06-20 22:39:25 | Epoch 4 - Batch 606 - Loss 0.051807
2026-06-20 22:39:25 | Epoch 4 - Batch 607 - Loss 0.051307
2026-06-20 22:39:25 | Epoch 4 - Batch 608 - Loss 0.051656
2026-06-20 22:39:25 | Epoch 4 - Batch 609 - Loss 0.051233
2026-06-20 22:39:25 | Epoch 4 - Batch 610 - Loss 0.050845
2026-06-20 22:39:25 | Epoch 4 - Batch 611 - Loss 0.050062
2026-06-20 22:39:25 | Epoch 4 - Batch 612 - Loss 0.049645
2026-06-20 22:39:25 | Epoch 4 - Batch 613 - Loss 0.050500
2026-06-20 22:39:25 | Epoch 4 - Batch 614 - Loss 0.050083
2026-06-20 22:39:25 | Epoch 4 - Batch 615 - Loss 0.050831
2026-06-20 22:39:25 | Epoch 4 - Batch 616 - Loss 0.053221
2026-06-20 22:39:25 | Epoch 4 - Batch 617 - Loss 0.054003
2026-06-20 22:39:25 | Epoch 4 - Batch 618 - Loss 0.050998
2026-06-20 22:39:26 | Epoch 4 - Batch 619 - Loss 0.051355
2026-06-20 22:39:26 | Epoch 4 - Batch 620 - Loss 0.050726
2026-06-20 22:39:26 | Epoch 4 - Batch 621 - Loss 0.051532
2026-06-20 22:39:26 | Epoch 4 - Batch 622 - Loss 0.051714
2026-06-20 22:39:26 | Epoch 4 - Batch 623 - Loss 0.052839
2026-06-20 22:39:26 | Epoch 4 - Batch 624 - Loss 0.049824
2026-06-20 22:39:26 | Epoch 4 - Batch 625 - Loss 0.051215
2026-06-20 22:39:26 | Epoch 4 - Batch 626 - Loss 0.051739
2026-06-20 22:39:26 | Epoch 4 - Batch 627 - Loss 0.049250
2026-06-20 22:39:26 | Epoch 4 - Batch 628 - Loss 0.051053
2026-06-20 22:39:26 | Epoch 4 - Batch 629 - Loss 0.049673
2026-06-20 22:39:26 | Epoch 4 - Batch 630 - Loss 0.048266
2026-06-20 22:39:26 | Epoch 4 - Batch 631 - Loss 0.051711
2026-06-20 22:39:26 | Epoch 4 - Batch 632 - Loss 0.050626
2026-06-20 22:39:26 | Epoch 4 - Batch 633 - Loss 0.050813
2026-06-20 22:39:26 | Epoch 4 - Batch 634 - Loss 0.049536
2026-06-20 22:39:26 | Epoch 4 - Batch 635 - Loss 0.050463
2026-06-20 22:39:26 | Epoch 4 - Batch 636 - Loss 0.052037
2026-06-20 22:39:26 | Epoch 4 - Batch 637 - Loss 0.051033
2026-06-20 22:39:26 | Epoch 4 - Batch 638 - Loss 0.049248
2026-06-20 22:39:26 | Epoch 4 - Batch 639 - Loss 0.051903
2026-06-20 22:39:26 | Epoch 4 - Batch 640 - Loss 0.050560
2026-06-20 22:39:26 | Epoch 4 - Batch 641 - Loss 0.053089
2026-06-20 22:39:26 | Epoch 4 - Batch 642 - Loss 0.049567
2026-06-20 22:39:26 | Epoch 4 - Batch 643 - Loss 0.051642
2026-06-20 22:39:26 | Epoch 4 - Batch 644 - Loss 0.051091
2026-06-20 22:39:26 | Epoch 4 - Batch 645 - Loss 0.048989
2026-06-20 22:39:26 | Epoch 4 - Batch 646 - Loss 0.050337
2026-06-20 22:39:26 | Epoch 4 - Batch 647 - Loss 0.052749
2026-06-20 22:39:27 | Epoch 4 - Batch 648 - Loss 0.051050
2026-06-20 22:39:27 | Epoch 4 - Batch 649 - Loss 0.049558
2026-06-20 22:39:27 | Epoch 4 - Batch 650 - Loss 0.051376
2026-06-20 22:39:27 | Epoch 4 - Batch 651 - Loss 0.051111
2026-06-20 22:39:27 | Epoch 4 - Batch 652 - Loss 0.052448
2026-06-20 22:39:27 | Epoch 4 - Batch 653 - Loss 0.050879
2026-06-20 22:39:27 | Epoch 4 - Batch 654 - Loss 0.053566
2026-06-20 22:39:27 | Epoch 4 - Batch 655 - Loss 0.050315
2026-06-20 22:39:27 | Epoch 4 - Batch 656 - Loss 0.055432
2026-06-20 22:39:27 | Epoch 4 - Batch 657 - Loss 0.050854
2026-06-20 22:39:27 | Epoch 4 - Batch 658 - Loss 0.050442
2026-06-20 22:39:27 | Epoch 4 - Batch 659 - Loss 0.051901
2026-06-20 22:39:27 | Epoch 4 - Batch 660 - Loss 0.051763
2026-06-20 22:39:27 | Epoch 4 - Batch 661 - Loss 0.050458
2026-06-20 22:39:27 | Epoch 4 - Batch 662 - Loss 0.049271
2026-06-20 22:39:27 | Epoch 4 - Batch 663 - Loss 0.052895
2026-06-20 22:39:27 | Epoch 4 - Batch 664 - Loss 0.051241
2026-06-20 22:39:27 | Epoch 4 - Batch 665 - Loss 0.049500
2026-06-20 22:39:27 | Epoch 4 - Batch 666 - Loss 0.051586
2026-06-20 22:39:27 | Epoch 4 - Batch 667 - Loss 0.050867
2026-06-20 22:39:27 | Epoch 4 - Batch 668 - Loss 0.050995
2026-06-20 22:39:27 | Epoch 4 - Batch 669 - Loss 0.052352
2026-06-20 22:39:27 | Epoch 4 - Batch 670 - Loss 0.051875
2026-06-20 22:39:27 | Epoch 4 - Batch 671 - Loss 0.050046
2026-06-20 22:39:27 | Epoch 4 - Batch 672 - Loss 0.051146
2026-06-20 22:39:27 | Epoch 4 - Batch 673 - Loss 0.051025
2026-06-20 22:39:27 | Epoch 4 - Batch 674 - Loss 0.049830
2026-06-20 22:39:27 | Epoch 4 - Batch 675 - Loss 0.050061
2026-06-20 22:39:27 | Epoch 4 - Batch 676 - Loss 0.050544
2026-06-20 22:39:27 | Epoch 4 - Batch 677 - Loss 0.051076
2026-06-20 22:39:28 | Epoch 4 - Batch 678 - Loss 0.049266
2026-06-20 22:39:28 | Epoch 4 - Batch 679 - Loss 0.048055
2026-06-20 22:39:28 | Epoch 4 - Batch 680 - Loss 0.049853
2026-06-20 22:39:28 | Epoch 4 - Batch 681 - Loss 0.049374
2026-06-20 22:39:28 | Epoch 4 - Batch 682 - Loss 0.049425
2026-06-20 22:39:28 | Epoch 4 - Batch 683 - Loss 0.048787
2026-06-20 22:39:28 | Epoch 4 - Batch 684 - Loss 0.052194
2026-06-20 22:39:28 | Epoch 4 - Batch 685 - Loss 0.049975
2026-06-20 22:39:28 | Epoch 4 - Batch 686 - Loss 0.051929
2026-06-20 22:39:28 | Epoch 4 - Batch 687 - Loss 0.049359
2026-06-20 22:39:28 | Epoch 4 - Batch 688 - Loss 0.050640
2026-06-20 22:39:28 | Epoch 4 - Batch 689 - Loss 0.052397
2026-06-20 22:39:28 | Epoch 4 - Batch 690 - Loss 0.049510
2026-06-20 22:39:28 | Epoch 4 - Batch 691 - Loss 0.050149
2026-06-20 22:39:28 | Epoch 4 - Batch 692 - Loss 0.050761
2026-06-20 22:39:28 | Epoch 4 - Batch 693 - Loss 0.052466
2026-06-20 22:39:28 | Epoch 4 - Batch 694 - Loss 0.050625
2026-06-20 22:39:28 | Epoch 4 - Batch 695 - Loss 0.053593
2026-06-20 22:39:28 | Epoch 4 - Batch 696 - Loss 0.051251
2026-06-20 22:39:28 | Epoch 4 - Batch 697 - Loss 0.051013
2026-06-20 22:39:28 | Epoch 4 - Batch 698 - Loss 0.049383
2026-06-20 22:39:28 | Epoch 4 - Batch 699 - Loss 0.050916
2026-06-20 22:39:28 | Epoch 4 - Batch 700 - Loss 0.051073
2026-06-20 22:39:28 | Epoch 4 - Batch 701 - Loss 0.050504
2026-06-20 22:39:28 | Epoch 4 - Batch 702 - Loss 0.053530
2026-06-20 22:39:28 | Epoch 4 - Batch 703 - Loss 0.050653
2026-06-20 22:39:28 | Epoch 4 - Batch 704 - Loss 0.051804
2026-06-20 22:39:28 | Epoch 4 - Batch 705 - Loss 0.051589
2026-06-20 22:39:28 | Epoch 4 - Batch 706 - Loss 0.052456
2026-06-20 22:39:28 | Epoch 4 - Batch 707 - Loss 0.050114
2026-06-20 22:39:29 | Epoch 4 - Batch 708 - Loss 0.052769
2026-06-20 22:39:29 | Epoch 4 - Batch 709 - Loss 0.052154
2026-06-20 22:39:29 | Epoch 4 - Batch 710 - Loss 0.050742
2026-06-20 22:39:29 | Epoch 4 - Batch 711 - Loss 0.050960
2026-06-20 22:39:29 | Epoch 4 - Batch 712 - Loss 0.051682
2026-06-20 22:39:29 | Epoch 4 - Batch 713 - Loss 0.051314
2026-06-20 22:39:29 | Epoch 4 - Batch 714 - Loss 0.050600
2026-06-20 22:39:29 | Epoch 4 - Batch 715 - Loss 0.051712
2026-06-20 22:39:29 | Epoch 4 - Batch 716 - Loss 0.050444
2026-06-20 22:39:29 | Epoch 4 - Batch 717 - Loss 0.051245
2026-06-20 22:39:29 | Epoch 4 - Batch 718 - Loss 0.050569
2026-06-20 22:39:29 | Epoch 4 - Batch 719 - Loss 0.050309
2026-06-20 22:39:29 | Epoch 4 - Batch 720 - Loss 0.050058
2026-06-20 22:39:29 | Epoch 4 - Batch 721 - Loss 0.049402
2026-06-20 22:39:29 | Epoch 4 - Batch 722 - Loss 0.052444
2026-06-20 22:39:29 | Epoch 4 - Batch 723 - Loss 0.050902
2026-06-20 22:39:29 | Epoch 4 - Batch 724 - Loss 0.050079
2026-06-20 22:39:29 | Epoch 4 - Batch 725 - Loss 0.049221
2026-06-20 22:39:29 | Epoch 4 - Batch 726 - Loss 0.051041
2026-06-20 22:39:29 | Epoch 4 - Batch 727 - Loss 0.049590
2026-06-20 22:39:29 | Epoch 4 - Batch 728 - Loss 0.048908
2026-06-20 22:39:29 | Epoch 4 - Batch 729 - Loss 0.048045
2026-06-20 22:39:29 | Epoch 4 - Batch 730 - Loss 0.052412
2026-06-20 22:39:29 | Epoch 4 - Batch 731 - Loss 0.049934
2026-06-20 22:39:29 | Epoch 4 - Batch 732 - Loss 0.047562
2026-06-20 22:39:29 | Epoch 4 - Batch 733 - Loss 0.048854
2026-06-20 22:39:29 | Epoch 4 - Batch 734 - Loss 0.052508
2026-06-20 22:39:29 | Epoch 4 - Batch 735 - Loss 0.050605
2026-06-20 22:39:29 | Epoch 4 - Batch 736 - Loss 0.050940
2026-06-20 22:39:29 | Epoch 4 - Batch 737 - Loss 0.051019
2026-06-20 22:39:30 | Epoch 4 - Batch 738 - Loss 0.048649
2026-06-20 22:39:30 | Epoch 4 - Batch 739 - Loss 0.050155
2026-06-20 22:39:30 | Epoch 4 - Batch 740 - Loss 0.052373
2026-06-20 22:39:30 | Epoch 4 - Batch 741 - Loss 0.048416
2026-06-20 22:39:30 | Epoch 4 - Batch 742 - Loss 0.052892
2026-06-20 22:39:30 | Epoch 4 - Batch 743 - Loss 0.048272
2026-06-20 22:39:30 | Epoch 4 - Batch 744 - Loss 0.050255
2026-06-20 22:39:30 | Epoch 4 - Batch 745 - Loss 0.049968
2026-06-20 22:39:30 | Epoch 4 - Batch 746 - Loss 0.050008
2026-06-20 22:39:30 | Epoch 4 - Batch 747 - Loss 0.052220
2026-06-20 22:39:30 | Epoch 4 - Batch 748 - Loss 0.048546
2026-06-20 22:39:30 | Epoch 4 - Batch 749 - Loss 0.050415
2026-06-20 22:39:30 | Epoch 4 - Batch 750 - Loss 0.050205
2026-06-20 22:39:30 | Epoch 4 - Batch 751 - Loss 0.052063
2026-06-20 22:39:30 | Epoch 4 - Batch 752 - Loss 0.049768
2026-06-20 22:39:30 | Epoch 4 - Batch 753 - Loss 0.051929
2026-06-20 22:39:30 | Epoch 4 - Batch 754 - Loss 0.050442
2026-06-20 22:39:30 | Epoch 4 - Batch 755 - Loss 0.053318
2026-06-20 22:39:30 | Epoch 4 - Batch 756 - Loss 0.049227
2026-06-20 22:39:30 | Epoch 4 - Batch 757 - Loss 0.050418
2026-06-20 22:39:30 | Epoch 4 - Batch 758 - Loss 0.050407
2026-06-20 22:39:30 | Epoch 4 - Batch 759 - Loss 0.049115
2026-06-20 22:39:30 | Epoch 4 - Batch 760 - Loss 0.052084
2026-06-20 22:39:30 | Epoch 4 - Batch 761 - Loss 0.050497
2026-06-20 22:39:30 | Epoch 4 - Batch 762 - Loss 0.049731
2026-06-20 22:39:30 | Epoch 4 - Batch 763 - Loss 0.048425
2026-06-20 22:39:30 | Epoch 4 - Batch 764 - Loss 0.050227
2026-06-20 22:39:30 | Epoch 4 - Batch 765 - Loss 0.051833
2026-06-20 22:39:30 | Epoch 4 - Batch 766 - Loss 0.051856
2026-06-20 22:39:30 | Epoch 4 - Batch 767 - Loss 0.051125
2026-06-20 22:39:30 | Epoch 4 - Batch 768 - Loss 0.051059
2026-06-20 22:39:31 | Epoch 4 - Batch 769 - Loss 0.050067
2026-06-20 22:39:31 | Epoch 4 - Batch 770 - Loss 0.049267
2026-06-20 22:39:31 | Epoch 4 - Batch 771 - Loss 0.049289
2026-06-20 22:39:31 | Epoch 4 - Batch 772 - Loss 0.051535
2026-06-20 22:39:31 | Epoch 4 - Batch 773 - Loss 0.051469
2026-06-20 22:39:31 | Epoch 4 - Batch 774 - Loss 0.052962
2026-06-20 22:39:31 | Epoch 4 - Batch 775 - Loss 0.052274
2026-06-20 22:39:31 | Epoch 4 - Batch 776 - Loss 0.050429
2026-06-20 22:39:31 | Epoch 4 - Batch 777 - Loss 0.052713
2026-06-20 22:39:31 | Epoch 4 - Batch 778 - Loss 0.050470
2026-06-20 22:39:31 | Epoch 4 - Batch 779 - Loss 0.048133
2026-06-20 22:39:31 | Epoch 4 - Batch 780 - Loss 0.048481
2026-06-20 22:39:31 | Epoch 4 - Batch 781 - Loss 0.050602
2026-06-20 22:39:31 | Epoch 4 - Batch 782 - Loss 0.051035
2026-06-20 22:39:31 | Epoch 4 - Batch 783 - Loss 0.051602
2026-06-20 22:39:31 | Epoch 4 - Batch 784 - Loss 0.051019
2026-06-20 22:39:31 | Epoch 4 - Batch 785 - Loss 0.052552
2026-06-20 22:39:31 | Epoch 4 - Batch 786 - Loss 0.050375
2026-06-20 22:39:31 | Epoch 4 - Batch 787 - Loss 0.049309
2026-06-20 22:39:31 | Epoch 4 - Batch 788 - Loss 0.048873
2026-06-20 22:39:31 | Epoch 4 - Batch 789 - Loss 0.050907
2026-06-20 22:39:31 | Epoch 4 - Batch 790 - Loss 0.049964
2026-06-20 22:39:31 | Epoch 4 - Batch 791 - Loss 0.048880
2026-06-20 22:39:31 | Epoch 4 - Batch 792 - Loss 0.050789
2026-06-20 22:39:31 | Epoch 4 - Batch 793 - Loss 0.049056
2026-06-20 22:39:31 | Epoch 4 - Batch 794 - Loss 0.049097
2026-06-20 22:39:31 | Epoch 4 - Batch 795 - Loss 0.051607
2026-06-20 22:39:31 | Epoch 4 - Batch 796 - Loss 0.051650
2026-06-20 22:39:31 | Epoch 4 - Batch 797 - Loss 0.049126
2026-06-20 22:39:31 | Epoch 4 - Batch 798 - Loss 0.050680
2026-06-20 22:39:32 | Epoch 4 - Batch 799 - Loss 0.049386
2026-06-20 22:39:32 | Epoch 4 - Batch 800 - Loss 0.049992
2026-06-20 22:39:32 | Epoch 4 - Batch 801 - Loss 0.048575
2026-06-20 22:39:32 | Epoch 4 - Batch 802 - Loss 0.048786
2026-06-20 22:39:32 | Epoch 4 - Batch 803 - Loss 0.048488
2026-06-20 22:39:32 | Epoch 4 - Batch 804 - Loss 0.049368
2026-06-20 22:39:32 | Epoch 4 - Batch 805 - Loss 0.049301
2026-06-20 22:39:32 | Epoch 4 - Batch 806 - Loss 0.049789
2026-06-20 22:39:32 | Epoch 4 - Batch 807 - Loss 0.049703
2026-06-20 22:39:32 | Epoch 4 - Batch 808 - Loss 0.049138
2026-06-20 22:39:32 | Epoch 4 - Batch 809 - Loss 0.049216
2026-06-20 22:39:32 | Epoch 4 - Batch 810 - Loss 0.051254
2026-06-20 22:39:32 | Epoch 4 - Batch 811 - Loss 0.050203
2026-06-20 22:39:32 | Epoch 4 - Batch 812 - Loss 0.048580
2026-06-20 22:39:32 | Epoch 4 - Batch 813 - Loss 0.047763
2026-06-20 22:39:32 | Epoch 4 - Batch 814 - Loss 0.048713
2026-06-20 22:39:32 | Epoch 4 - Batch 815 - Loss 0.051302
2026-06-20 22:39:32 | Epoch 4 - Batch 816 - Loss 0.048989
2026-06-20 22:39:32 | Epoch 4 - Batch 817 - Loss 0.049923
2026-06-20 22:39:32 | Epoch 4 - Batch 818 - Loss 0.051431
2026-06-20 22:39:32 | Epoch 4 - Batch 819 - Loss 0.048464
2026-06-20 22:39:32 | Epoch 4 - Batch 820 - Loss 0.050345
2026-06-20 22:39:32 | Epoch 4 - Batch 821 - Loss 0.050926
2026-06-20 22:39:32 | Epoch 4 - Batch 822 - Loss 0.051100
2026-06-20 22:39:32 | Epoch 4 - Batch 823 - Loss 0.050051
2026-06-20 22:39:32 | Epoch 4 - Batch 824 - Loss 0.047534
2026-06-20 22:39:32 | Epoch 4 - Batch 825 - Loss 0.051468
2026-06-20 22:39:32 | Epoch 4 - Batch 826 - Loss 0.050806
2026-06-20 22:39:32 | Epoch 4 - Batch 827 - Loss 0.051128
2026-06-20 22:39:32 | Epoch 4 - Batch 828 - Loss 0.049944
2026-06-20 22:39:33 | Epoch 4 - Batch 829 - Loss 0.050994
2026-06-20 22:39:33 | Epoch 4 - Batch 830 - Loss 0.051446
2026-06-20 22:39:33 | Epoch 4 - Batch 831 - Loss 0.048641
2026-06-20 22:39:33 | Epoch 4 - Batch 832 - Loss 0.052144
2026-06-20 22:39:33 | Epoch 4 - Batch 833 - Loss 0.047366
2026-06-20 22:39:33 | Epoch 4 - Batch 834 - Loss 0.050048
2026-06-20 22:39:33 | Epoch 4 - Batch 835 - Loss 0.050447
2026-06-20 22:39:33 | Epoch 4 - Batch 836 - Loss 0.049296
2026-06-20 22:39:33 | Epoch 4 - Batch 837 - Loss 0.048357
2026-06-20 22:39:33 | Epoch 4 - Batch 838 - Loss 0.049168
2026-06-20 22:39:33 | Epoch 4 - Batch 839 - Loss 0.052979
2026-06-20 22:39:33 | Epoch 4 - Batch 840 - Loss 0.048134
2026-06-20 22:39:33 | Epoch 4 - Batch 841 - Loss 0.049912
2026-06-20 22:39:33 | Epoch 4 - Batch 842 - Loss 0.050170
2026-06-20 22:39:33 | Epoch 4 - Batch 843 - Loss 0.047983
2026-06-20 22:39:33 | Epoch 4 - Batch 844 - Loss 0.049764
2026-06-20 22:39:33 | Epoch 4 - Batch 845 - Loss 0.048453
2026-06-20 22:39:33 | Epoch 4 - Batch 846 - Loss 0.051416
2026-06-20 22:39:33 | Epoch 4 - Batch 847 - Loss 0.052784
2026-06-20 22:39:33 | Epoch 4 - Batch 848 - Loss 0.051265
2026-06-20 22:39:33 | Epoch 4 - Batch 849 - Loss 0.049078
2026-06-20 22:39:33 | Epoch 4 - Batch 850 - Loss 0.049349
2026-06-20 22:39:33 | Epoch 4 - Batch 851 - Loss 0.050316
2026-06-20 22:39:33 | Epoch 4 - Batch 852 - Loss 0.050974
2026-06-20 22:39:33 | Epoch 4 - Batch 853 - Loss 0.052477
2026-06-20 22:39:33 | Epoch 4 - Batch 854 - Loss 0.051018
2026-06-20 22:39:33 | Epoch 4 - Batch 855 - Loss 0.050636
2026-06-20 22:39:33 | Epoch 4 - Batch 856 - Loss 0.051731
2026-06-20 22:39:33 | Epoch 4 - Batch 857 - Loss 0.049057
2026-06-20 22:39:33 | Epoch 4 - Batch 858 - Loss 0.047628
2026-06-20 22:39:34 | Epoch 4 - Batch 859 - Loss 0.050471
2026-06-20 22:39:34 | Epoch 4 - Batch 860 - Loss 0.052439
2026-06-20 22:39:34 | Epoch 4 - Batch 861 - Loss 0.052115
2026-06-20 22:39:34 | Epoch 4 - Batch 862 - Loss 0.050838
2026-06-20 22:39:34 | Epoch 4 - Batch 863 - Loss 0.051234
2026-06-20 22:39:34 | Epoch 4 - Batch 864 - Loss 0.051805
2026-06-20 22:39:34 | Epoch 4 - Batch 865 - Loss 0.050351
2026-06-20 22:39:34 | Epoch 4 - Batch 866 - Loss 0.052196
2026-06-20 22:39:34 | Epoch 4 - Batch 867 - Loss 0.049687
2026-06-20 22:39:34 | Epoch 4 - Batch 868 - Loss 0.049752
2026-06-20 22:39:34 | Epoch 4 - Batch 869 - Loss 0.049320
2026-06-20 22:39:34 | Epoch 4 - Batch 870 - Loss 0.048810
2026-06-20 22:39:34 | Epoch 4 - Batch 871 - Loss 0.050401
2026-06-20 22:39:34 | Epoch 4 - Batch 872 - Loss 0.050153
2026-06-20 22:39:34 | Epoch 4 - Batch 873 - Loss 0.049497
2026-06-20 22:39:34 | Epoch 4 - Batch 874 - Loss 0.051298
2026-06-20 22:39:34 | Epoch 4 - Batch 875 - Loss 0.050495
2026-06-20 22:39:34 | Epoch 4 - Batch 876 - Loss 0.048435
2026-06-20 22:39:34 | Epoch 4 - Batch 877 - Loss 0.051195
2026-06-20 22:39:34 | Epoch 4 - Batch 878 - Loss 0.050485
2026-06-20 22:39:34 | Epoch 4 - Batch 879 - Loss 0.050362
2026-06-20 22:39:34 | Epoch 4 - Batch 880 - Loss 0.052130
2026-06-20 22:39:34 | Epoch 4 - Batch 881 - Loss 0.051158
2026-06-20 22:39:34 | Epoch 4 - Batch 882 - Loss 0.049387
2026-06-20 22:39:34 | Epoch 4 - Batch 883 - Loss 0.052046
2026-06-20 22:39:34 | Epoch 4 - Batch 884 - Loss 0.048602
2026-06-20 22:39:34 | Epoch 4 - Batch 885 - Loss 0.049051
2026-06-20 22:39:34 | Epoch 4 - Batch 886 - Loss 0.051610
2026-06-20 22:39:34 | Epoch 4 - Batch 887 - Loss 0.047955
2026-06-20 22:39:34 | Epoch 4 - Batch 888 - Loss 0.051180
2026-06-20 22:39:35 | Epoch 4 - Batch 889 - Loss 0.051292
2026-06-20 22:39:35 | Epoch 4 - Batch 890 - Loss 0.051303
2026-06-20 22:39:35 | Epoch 4 - Batch 891 - Loss 0.048131
2026-06-20 22:39:35 | Epoch 4 - Batch 892 - Loss 0.050534
2026-06-20 22:39:35 | Epoch 4 - Batch 893 - Loss 0.050980
2026-06-20 22:39:35 | Epoch 4 - Batch 894 - Loss 0.051425
2026-06-20 22:39:35 | Epoch 4 - Batch 895 - Loss 0.050852
2026-06-20 22:39:35 | Epoch 4 - Batch 896 - Loss 0.048367
2026-06-20 22:39:35 | Epoch 4 - Batch 897 - Loss 0.050740
2026-06-20 22:39:35 | Epoch 4 - Batch 898 - Loss 0.050332
2026-06-20 22:39:35 | Epoch 4 - Batch 899 - Loss 0.050722
2026-06-20 22:39:35 | Epoch 4 - Batch 900 - Loss 0.051636
2026-06-20 22:39:35 | Epoch 4 - Batch 901 - Loss 0.052263
2026-06-20 22:39:35 | Epoch 4 - Batch 902 - Loss 0.051791
2026-06-20 22:39:35 | Epoch 4 - Batch 903 - Loss 0.049953
2026-06-20 22:39:35 | Epoch 4 - Batch 904 - Loss 0.048515
2026-06-20 22:39:35 | Epoch 4 - Batch 905 - Loss 0.050956
2026-06-20 22:39:35 | Epoch 4 - Batch 906 - Loss 0.050531
2026-06-20 22:39:35 | Epoch 4 - Batch 907 - Loss 0.048954
2026-06-20 22:39:35 | Epoch 4 - Batch 908 - Loss 0.051339
2026-06-20 22:39:35 | Epoch 4 - Batch 909 - Loss 0.049205
2026-06-20 22:39:35 | Epoch 4 - Batch 910 - Loss 0.049979
2026-06-20 22:39:35 | Epoch 4 - Batch 911 - Loss 0.051195
2026-06-20 22:39:35 | Epoch 4 - Batch 912 - Loss 0.050462
2026-06-20 22:39:35 | Epoch 4 - Batch 913 - Loss 0.050142
2026-06-20 22:39:35 | Epoch 4 - Batch 914 - Loss 0.047532
2026-06-20 22:39:35 | Epoch 4 - Batch 915 - Loss 0.052544
2026-06-20 22:39:35 | Epoch 4 - Batch 916 - Loss 0.048963
2026-06-20 22:39:35 | Epoch 4 - Batch 917 - Loss 0.049615
2026-06-20 22:39:35 | Epoch 4 - Batch 918 - Loss 0.049573
2026-06-20 22:39:36 | Epoch 4 - Batch 919 - Loss 0.050027
2026-06-20 22:39:36 | Epoch 4 - Batch 920 - Loss 0.051867
2026-06-20 22:39:36 | Epoch 4 - Batch 921 - Loss 0.049837
2026-06-20 22:39:36 | Epoch 4 - Batch 922 - Loss 0.051590
2026-06-20 22:39:36 | Epoch 4 - Batch 923 - Loss 0.049723
2026-06-20 22:39:36 | Epoch 4 - Batch 924 - Loss 0.049170
2026-06-20 22:39:36 | Epoch 4 - Batch 925 - Loss 0.052891
2026-06-20 22:39:36 | Epoch 4 - Batch 926 - Loss 0.049814
2026-06-20 22:39:36 | Epoch 4 - Batch 927 - Loss 0.049063
2026-06-20 22:39:36 | Epoch 4 - Batch 928 - Loss 0.049800
2026-06-20 22:39:36 | Epoch 4 - Batch 929 - Loss 0.050587
2026-06-20 22:39:36 | Epoch 4 - Batch 930 - Loss 0.050066
2026-06-20 22:39:36 | Epoch 4 - Batch 931 - Loss 0.048484
2026-06-20 22:39:36 | Epoch 4 - Batch 932 - Loss 0.050603
2026-06-20 22:39:36 | Epoch 4 - Batch 933 - Loss 0.049235
2026-06-20 22:39:36 | Epoch 4 - Batch 934 - Loss 0.049176
2026-06-20 22:39:36 | Epoch 4 - Batch 935 - Loss 0.049003
2026-06-20 22:39:36 | Epoch 4 - Batch 936 - Loss 0.049937
2026-06-20 22:39:36 | Epoch 4 - Batch 937 - Loss 0.049076
2026-06-20 22:39:36 | Epoch 4 - Batch 938 - Loss 0.048538
2026-06-20 22:39:36 | Epoch 4 - Batch 939 - Loss 0.048681
2026-06-20 22:39:36 | Epoch 4 - Batch 940 - Loss 0.048282
2026-06-20 22:39:36 | Epoch 4 - Batch 941 - Loss 0.048709
2026-06-20 22:39:36 | Epoch 4 - Batch 942 - Loss 0.052300
2026-06-20 22:39:36 | Epoch 4 - Batch 943 - Loss 0.050465
2026-06-20 22:39:36 | Epoch 4 - Batch 944 - Loss 0.051375
2026-06-20 22:39:36 | Epoch 4 - Batch 945 - Loss 0.047115
2026-06-20 22:39:36 | Epoch 4 - Batch 946 - Loss 0.050694
2026-06-20 22:39:36 | Epoch 4 - Batch 947 - Loss 0.049688
2026-06-20 22:39:36 | Epoch 4 - Batch 948 - Loss 0.050177
2026-06-20 22:39:36 | Epoch 4 - Batch 949 - Loss 0.049648
2026-06-20 22:39:37 | Epoch 4 - Batch 950 - Loss 0.049985
2026-06-20 22:39:37 | Epoch 4 - Batch 951 - Loss 0.049057
2026-06-20 22:39:37 | Epoch 4 - Batch 952 - Loss 0.049743
2026-06-20 22:39:37 | Epoch 4 - Batch 953 - Loss 0.051432
2026-06-20 22:39:37 | Epoch 4 - Batch 954 - Loss 0.049962
2026-06-20 22:39:37 | Epoch 4 - Batch 955 - Loss 0.048876
2026-06-20 22:39:37 | Epoch 4 - Batch 956 - Loss 0.049885
2026-06-20 22:39:37 | Epoch 4 - Batch 957 - Loss 0.049728
2026-06-20 22:39:37 | Epoch 4 - Batch 958 - Loss 0.051751
2026-06-20 22:39:37 | Epoch 4 - Batch 959 - Loss 0.049104
2026-06-20 22:39:37 | Epoch 4 - Batch 960 - Loss 0.049601
2026-06-20 22:39:37 | Epoch 4 - Batch 961 - Loss 0.050258
2026-06-20 22:39:37 | Epoch 4 - Batch 962 - Loss 0.049971
2026-06-20 22:39:37 | Epoch 4 - Batch 963 - Loss 0.052315
2026-06-20 22:39:37 | Epoch 4 - Batch 964 - Loss 0.051190
2026-06-20 22:39:37 | Epoch 4 - Batch 965 - Loss 0.050413
2026-06-20 22:39:37 | Epoch 4 - Batch 966 - Loss 0.051170
2026-06-20 22:39:37 | Epoch 4 - Batch 967 - Loss 0.049779
2026-06-20 22:39:37 | Epoch 4 - Batch 968 - Loss 0.049231
2026-06-20 22:39:37 | Epoch 4 - Batch 969 - Loss 0.051064
2026-06-20 22:39:37 | Epoch 4 - Batch 970 - Loss 0.050420
2026-06-20 22:39:37 | Epoch 4 - Batch 971 - Loss 0.048860
2026-06-20 22:39:37 | Epoch 4 - Batch 972 - Loss 0.050899
2026-06-20 22:39:37 | Epoch 4 - Batch 973 - Loss 0.050099
2026-06-20 22:39:37 | Epoch 4 - Batch 974 - Loss 0.047895
2026-06-20 22:39:37 | Epoch 4 - Batch 975 - Loss 0.049245
2026-06-20 22:39:37 | Epoch 4 - Batch 976 - Loss 0.049481
2026-06-20 22:39:37 | Epoch 4 - Batch 977 - Loss 0.050404
2026-06-20 22:39:37 | Epoch 4 - Batch 978 - Loss 0.050352
2026-06-20 22:39:37 | Epoch 4 - Batch 979 - Loss 0.052698
2026-06-20 22:39:38 | Epoch 4 - Batch 980 - Loss 0.048412
2026-06-20 22:39:38 | Epoch 4 - Batch 981 - Loss 0.048991
2026-06-20 22:39:38 | Epoch 4 - Batch 982 - Loss 0.050222
2026-06-20 22:39:38 | Epoch 4 - Batch 983 - Loss 0.048868
2026-06-20 22:39:38 | Epoch 4 - Batch 984 - Loss 0.050052
2026-06-20 22:39:38 | Epoch 4 - Batch 985 - Loss 0.049576
2026-06-20 22:39:38 | Epoch 4 - Batch 986 - Loss 0.047037
2026-06-20 22:39:38 | Epoch 4 - Batch 987 - Loss 0.047670
2026-06-20 22:39:38 | Epoch 4 - Batch 988 - Loss 0.049903
2026-06-20 22:39:38 | Epoch 4 - Batch 989 - Loss 0.049881
2026-06-20 22:39:38 | Epoch 4 - Batch 990 - Loss 0.049694
2026-06-20 22:39:38 | Epoch 4 - Batch 991 - Loss 0.048637
2026-06-20 22:39:38 | Epoch 4 - Batch 992 - Loss 0.048616
2026-06-20 22:39:38 | Epoch 4 - Batch 993 - Loss 0.049619
2026-06-20 22:39:38 | Epoch 4 - Batch 994 - Loss 0.048721
2026-06-20 22:39:38 | Epoch 4 - Batch 995 - Loss 0.050243
2026-06-20 22:39:38 | Epoch 4 - Batch 996 - Loss 0.050265
2026-06-20 22:39:38 | Epoch 4 - Batch 997 - Loss 0.049891
2026-06-20 22:39:38 | Epoch 4 - Batch 998 - Loss 0.048580
2026-06-20 22:39:38 | Epoch 4 - Batch 999 - Loss 0.052308
2026-06-20 22:39:38 | Epoch 4 - Batch 1000 - Loss 0.050012
2026-06-20 22:39:38 | Epoch 4 - Batch 1001 - Loss 0.050465
2026-06-20 22:39:38 | Epoch 4 - Batch 1002 - Loss 0.048980
2026-06-20 22:39:38 | Epoch 4 - Batch 1003 - Loss 0.049636
2026-06-20 22:39:38 | Epoch 4 - Batch 1004 - Loss 0.047501
2026-06-20 22:39:38 | Epoch 4 - Batch 1005 - Loss 0.049218
2026-06-20 22:39:38 | Epoch 4 - Batch 1006 - Loss 0.048487
2026-06-20 22:39:38 | Epoch 4 - Batch 1007 - Loss 0.051676
2026-06-20 22:39:38 | Epoch 4 - Batch 1008 - Loss 0.049961
2026-06-20 22:39:38 | Epoch 4 - Batch 1009 - Loss 0.049101
2026-06-20 22:39:39 | Epoch 4 - Batch 1010 - Loss 0.048398
2026-06-20 22:39:39 | Epoch 4 - Batch 1011 - Loss 0.050517
2026-06-20 22:39:39 | Epoch 4 - Batch 1012 - Loss 0.050727
2026-06-20 22:39:39 | Epoch 4 - Batch 1013 - Loss 0.048114
2026-06-20 22:39:39 | Epoch 4 - Batch 1014 - Loss 0.048498
2026-06-20 22:39:39 | Epoch 4 - Batch 1015 - Loss 0.048518
2026-06-20 22:39:39 | Epoch 4 - Batch 1016 - Loss 0.048710
2026-06-20 22:39:39 | Epoch 4 - Batch 1017 - Loss 0.050656
2026-06-20 22:39:39 | Epoch 4 - Batch 1018 - Loss 0.053071
2026-06-20 22:39:39 | Epoch 4 - Batch 1019 - Loss 0.049381
2026-06-20 22:39:39 | Epoch 4 - Batch 1020 - Loss 0.050695
2026-06-20 22:39:39 | Epoch 4 - Batch 1021 - Loss 0.048461
2026-06-20 22:39:39 | Epoch 4 - Batch 1022 - Loss 0.048315
2026-06-20 22:39:39 | Epoch 4 - Batch 1023 - Loss 0.050238
2026-06-20 22:39:39 | Epoch 4 - Batch 1024 - Loss 0.050611
2026-06-20 22:39:39 | Epoch 4 - Batch 1025 - Loss 0.047780
2026-06-20 22:39:39 | Epoch 4 - Batch 1026 - Loss 0.052367
2026-06-20 22:39:39 | Epoch 4 - Batch 1027 - Loss 0.050373
2026-06-20 22:39:39 | Epoch 4 - Batch 1028 - Loss 0.047211
2026-06-20 22:39:39 | Epoch 4 - Batch 1029 - Loss 0.050177
2026-06-20 22:39:39 | Epoch 4 - Batch 1030 - Loss 0.049094
2026-06-20 22:39:39 | Epoch 4 - Batch 1031 - Loss 0.047546
2026-06-20 22:39:39 | Epoch 4 - Batch 1032 - Loss 0.049838
2026-06-20 22:39:39 | Epoch 4 - Batch 1033 - Loss 0.049317
2026-06-20 22:39:39 | Epoch 4 - Batch 1034 - Loss 0.048313
2026-06-20 22:39:39 | Epoch 4 - Batch 1035 - Loss 0.048837
2026-06-20 22:39:39 | Epoch 4 - Batch 1036 - Loss 0.048395
2026-06-20 22:39:39 | Epoch 4 - Batch 1037 - Loss 0.049769
2026-06-20 22:39:39 | Epoch 4 - Batch 1038 - Loss 0.048651
2026-06-20 22:39:39 | Epoch 4 - Batch 1039 - Loss 0.049312
2026-06-20 22:39:40 | Epoch 4 - Batch 1040 - Loss 0.047950
2026-06-20 22:39:40 | Epoch 4 - Batch 1041 - Loss 0.049981
2026-06-20 22:39:40 | Epoch 4 - Batch 1042 - Loss 0.049378
2026-06-20 22:39:40 | Epoch 4 - Batch 1043 - Loss 0.050279
2026-06-20 22:39:40 | Epoch 4 - Batch 1044 - Loss 0.049741
2026-06-20 22:39:40 | Epoch 4 - Batch 1045 - Loss 0.050334
2026-06-20 22:39:40 | Epoch 4 - Batch 1046 - Loss 0.049321
2026-06-20 22:39:40 | Epoch 4 - Batch 1047 - Loss 0.049205
2026-06-20 22:39:40 | Epoch 4 - Batch 1048 - Loss 0.049440
2026-06-20 22:39:40 | Epoch 4 - Batch 1049 - Loss 0.049823
2026-06-20 22:39:40 | Epoch 4 - Batch 1050 - Loss 0.048381
2026-06-20 22:39:40 | Epoch 4 - Batch 1051 - Loss 0.049737
2026-06-20 22:39:40 | Epoch 4 - Batch 1052 - Loss 0.050647
2026-06-20 22:39:40 | Epoch 4 - Batch 1053 - Loss 0.047941
2026-06-20 22:39:40 | Epoch 4 - Batch 1054 - Loss 0.048852
2026-06-20 22:39:40 | Epoch 4 - Batch 1055 - Loss 0.051087
2026-06-20 22:39:40 | Epoch 4 - Batch 1056 - Loss 0.048337
2026-06-20 22:39:40 | Epoch 4 - Batch 1057 - Loss 0.048282
2026-06-20 22:39:40 | Epoch 4 - Batch 1058 - Loss 0.050558
2026-06-20 22:39:40 | Epoch 4 - Batch 1059 - Loss 0.050295
2026-06-20 22:39:40 | Epoch 4 - Batch 1060 - Loss 0.051491
2026-06-20 22:39:40 | Epoch 4 - Batch 1061 - Loss 0.050867
2026-06-20 22:39:40 | Epoch 4 - Batch 1062 - Loss 0.051074
2026-06-20 22:39:40 | Epoch 4 - Batch 1063 - Loss 0.049791
2026-06-20 22:39:40 | Epoch 4 - Batch 1064 - Loss 0.049494
2026-06-20 22:39:40 | Epoch 4 - Batch 1065 - Loss 0.050217
2026-06-20 22:39:40 | Epoch 4 - Batch 1066 - Loss 0.050616
2026-06-20 22:39:40 | Epoch 4 - Batch 1067 - Loss 0.047724
2026-06-20 22:39:40 | Epoch 4 - Batch 1068 - Loss 0.052286
2026-06-20 22:39:40 | Epoch 4 - Batch 1069 - Loss 0.049877
2026-06-20 22:39:41 | Epoch 4 - Batch 1070 - Loss 0.048207
2026-06-20 22:39:41 | Epoch 4 - Batch 1071 - Loss 0.050912
2026-06-20 22:39:41 | Epoch 4 - Batch 1072 - Loss 0.048892
2026-06-20 22:39:41 | Epoch 4 - Batch 1073 - Loss 0.047373
2026-06-20 22:39:41 | Epoch 4 - Batch 1074 - Loss 0.048910
2026-06-20 22:39:41 | Epoch 4 - Batch 1075 - Loss 0.048627
2026-06-20 22:39:41 | Epoch 4 - Batch 1076 - Loss 0.047692
2026-06-20 22:39:41 | Epoch 4 - Batch 1077 - Loss 0.049234
2026-06-20 22:39:41 | Epoch 4 - Batch 1078 - Loss 0.049331
2026-06-20 22:39:41 | Epoch 4 - Batch 1079 - Loss 0.048621
2026-06-20 22:39:41 | Epoch 4 - Batch 1080 - Loss 0.049079
2026-06-20 22:39:41 | Epoch 4 - Batch 1081 - Loss 0.049540
2026-06-20 22:39:41 | Epoch 4 - Batch 1082 - Loss 0.051358
2026-06-20 22:39:41 | Epoch 4 - Batch 1083 - Loss 0.048804
2026-06-20 22:39:41 | Epoch 4 - Batch 1084 - Loss 0.049069
2026-06-20 22:39:41 | Epoch 4 - Batch 1085 - Loss 0.047416
2026-06-20 22:39:41 | Epoch 4 - Batch 1086 - Loss 0.049544
2026-06-20 22:39:41 | Epoch 4 - Batch 1087 - Loss 0.049307
2026-06-20 22:39:41 | Epoch 4 - Batch 1088 - Loss 0.050973
2026-06-20 22:39:41 | Epoch 4 - Batch 1089 - Loss 0.051217
2026-06-20 22:39:41 | Epoch 4 - Batch 1090 - Loss 0.049455
2026-06-20 22:39:41 | Epoch 4 - Batch 1091 - Loss 0.047778
2026-06-20 22:39:41 | Epoch 4 - Batch 1092 - Loss 0.048696
2026-06-20 22:39:41 | Epoch 4 - Batch 1093 - Loss 0.050531
2026-06-20 22:39:41 | Epoch 4 - Batch 1094 - Loss 0.051980
2026-06-20 22:39:41 | Epoch 4 - Batch 1095 - Loss 0.048534
2026-06-20 22:39:41 | Epoch 4 - Batch 1096 - Loss 0.048612
2026-06-20 22:39:41 | Epoch 4 - Batch 1097 - Loss 0.050609
2026-06-20 22:39:41 | Epoch 4 - Batch 1098 - Loss 0.048340
2026-06-20 22:39:41 | Epoch 4 - Batch 1099 - Loss 0.050513
2026-06-20 22:39:41 | Epoch 4 - Batch 1100 - Loss 0.047440
2026-06-20 22:39:42 | Epoch 4 - Batch 1101 - Loss 0.049479
2026-06-20 22:39:42 | Epoch 4 - Batch 1102 - Loss 0.049440
2026-06-20 22:39:42 | Epoch 4 - Batch 1103 - Loss 0.048911
2026-06-20 22:39:42 | Epoch 4 - Batch 1104 - Loss 0.050560
2026-06-20 22:39:42 | Epoch 4 - Batch 1105 - Loss 0.049156
2026-06-20 22:39:42 | Epoch 4 - Batch 1106 - Loss 0.049385
2026-06-20 22:39:42 | Epoch 4 - Batch 1107 - Loss 0.050577
2026-06-20 22:39:42 | Epoch 4 - Batch 1108 - Loss 0.045987
2026-06-20 22:39:42 | Epoch 4 - Batch 1109 - Loss 0.048013
2026-06-20 22:39:42 | Epoch 4 - Batch 1110 - Loss 0.050044
2026-06-20 22:39:42 | Epoch 4 - Batch 1111 - Loss 0.049066
2026-06-20 22:39:42 | Epoch 4 - Batch 1112 - Loss 0.048360
2026-06-20 22:39:42 | Epoch 4 - Batch 1113 - Loss 0.049212
2026-06-20 22:39:42 | Epoch 4 - Batch 1114 - Loss 0.050664
2026-06-20 22:39:42 | Epoch 4 - Batch 1115 - Loss 0.049266
2026-06-20 22:39:42 | Epoch 4 - Batch 1116 - Loss 0.049161
2026-06-20 22:39:42 | Epoch 4 - Batch 1117 - Loss 0.048172
2026-06-20 22:39:42 | Epoch 4 - Batch 1118 - Loss 0.048760
2026-06-20 22:39:42 | Epoch 4 - Batch 1119 - Loss 0.049151
2026-06-20 22:39:42 | Epoch 4 - Batch 1120 - Loss 0.050536
2026-06-20 22:39:42 | Epoch 4 - Batch 1121 - Loss 0.050254
2026-06-20 22:39:42 | Epoch 4 - Batch 1122 - Loss 0.048682
2026-06-20 22:39:42 | Epoch 4 - Batch 1123 - Loss 0.049192
2026-06-20 22:39:42 | Epoch 4 - Batch 1124 - Loss 0.048322
2026-06-20 22:39:42 | Epoch 4 - Batch 1125 - Loss 0.050076
2026-06-20 22:39:42 | Epoch 4 - Batch 1126 - Loss 0.048521
2026-06-20 22:39:42 | Epoch 4 - Batch 1127 - Loss 0.047650
2026-06-20 22:39:42 | Epoch 4 - Batch 1128 - Loss 0.048718
2026-06-20 22:39:42 | Epoch 4 - Batch 1129 - Loss 0.050053
2026-06-20 22:39:42 | Epoch 4 - Batch 1130 - Loss 0.049310
2026-06-20 22:39:43 | Epoch 4 - Batch 1131 - Loss 0.050068
2026-06-20 22:39:43 | Epoch 4 - Batch 1132 - Loss 0.049139
2026-06-20 22:39:43 | Epoch 4 - Batch 1133 - Loss 0.051380
2026-06-20 22:39:43 | Epoch 4 - Batch 1134 - Loss 0.049084
2026-06-20 22:39:43 | Epoch 4 - Batch 1135 - Loss 0.048947
2026-06-20 22:39:43 | Epoch 4 - Batch 1136 - Loss 0.049970
2026-06-20 22:39:43 | Epoch 4 - Batch 1137 - Loss 0.048009
2026-06-20 22:39:43 | Epoch 4 - Batch 1138 - Loss 0.049110
2026-06-20 22:39:43 | Epoch 4 - Batch 1139 - Loss 0.049646
2026-06-20 22:39:43 | Epoch 4 - Batch 1140 - Loss 0.049161
2026-06-20 22:39:43 | Epoch 4 - Batch 1141 - Loss 0.049100
2026-06-20 22:39:43 | Epoch 4 - Batch 1142 - Loss 0.048663
2026-06-20 22:39:43 | Epoch 4 - Batch 1143 - Loss 0.049479
2026-06-20 22:39:43 | Epoch 4 - Batch 1144 - Loss 0.047679
2026-06-20 22:39:43 | Epoch 4 - Batch 1145 - Loss 0.051061
2026-06-20 22:39:43 | Epoch 4 - Batch 1146 - Loss 0.048842
2026-06-20 22:39:43 | Epoch 4 - Batch 1147 - Loss 0.048426
2026-06-20 22:39:43 | Epoch 4 - Batch 1148 - Loss 0.048159
2026-06-20 22:39:43 | Epoch 4 - Batch 1149 - Loss 0.052390
2026-06-20 22:39:43 | Epoch 4 - Batch 1150 - Loss 0.050840
2026-06-20 22:40:07 | New global best checkpoint saved: /lustre/home/ziya/GNN/GraphWeather5p625/experiments/raw_5p625_full50_new01/best_ckpt.tar using valid_S10=0.286038
2026-06-20 22:40:07 | New best S=1 checkpoint saved: best_ckpt_S1.tar using valid_S1=0.052753
2026-06-20 22:40:07 | Epoch 4 finished in 62.70 sec | train 0.050840 S=1 | valid 0.052753 S=1 | valid_S1 0.052753 valid_S10 0.286038 valid_S10_final 0.471222 valid_S1_final 0.052753 valid_S2 0.081100 valid_S2_final 0.109448 valid_S4 0.137364 valid_S4_final 0.222370 valid_S6 0.193222 valid_S6_final 0.330638 valid_S8 0.243144 valid_S8_final 0.411728 | lr 1.00e-04
2026-06-20 22:40:08 | Epoch 5 - Batch 0 - Loss 0.047561
2026-06-20 22:40:08 | Epoch 5 - Batch 1 - Loss 0.048395
2026-06-20 22:40:08 | Epoch 5 - Batch 2 - Loss 0.047927
2026-06-20 22:40:08 | Epoch 5 - Batch 3 - Loss 0.048432
2026-06-20 22:40:08 | Epoch 5 - Batch 4 - Loss 0.051212
2026-06-20 22:40:08 | Epoch 5 - Batch 5 - Loss 0.049373
2026-06-20 22:40:08 | Epoch 5 - Batch 6 - Loss 0.049675
2026-06-20 22:40:08 | Epoch 5 - Batch 7 - Loss 0.048632
2026-06-20 22:40:08 | Epoch 5 - Batch 8 - Loss 0.047696
2026-06-20 22:40:08 | Epoch 5 - Batch 9 - Loss 0.052276
2026-06-20 22:40:08 | Epoch 5 - Batch 10 - Loss 0.051084
2026-06-20 22:40:08 | Epoch 5 - Batch 11 - Loss 0.048239
2026-06-20 22:40:08 | Epoch 5 - Batch 12 - Loss 0.048199
2026-06-20 22:40:08 | Epoch 5 - Batch 13 - Loss 0.048798
2026-06-20 22:40:08 | Epoch 5 - Batch 14 - Loss 0.049674
2026-06-20 22:40:08 | Epoch 5 - Batch 15 - Loss 0.048590
2026-06-20 22:40:08 | Epoch 5 - Batch 16 - Loss 0.048545
2026-06-20 22:40:08 | Epoch 5 - Batch 17 - Loss 0.048054
2026-06-20 22:40:08 | Epoch 5 - Batch 18 - Loss 0.050267
2026-06-20 22:40:08 | Epoch 5 - Batch 19 - Loss 0.047523
2026-06-20 22:40:08 | Epoch 5 - Batch 20 - Loss 0.051128
2026-06-20 22:40:08 | Epoch 5 - Batch 21 - Loss 0.050706
2026-06-20 22:40:08 | Epoch 5 - Batch 22 - Loss 0.049249
2026-06-20 22:40:08 | Epoch 5 - Batch 23 - Loss 0.048482
2026-06-20 22:40:08 | Epoch 5 - Batch 24 - Loss 0.049413
2026-06-20 22:40:08 | Epoch 5 - Batch 25 - Loss 0.049871
2026-06-20 22:40:08 | Epoch 5 - Batch 26 - Loss 0.048232
2026-06-20 22:40:09 | Epoch 5 - Batch 27 - Loss 0.050784
2026-06-20 22:40:09 | Epoch 5 - Batch 28 - Loss 0.048283
2026-06-20 22:40:09 | Epoch 5 - Batch 29 - Loss 0.048309
2026-06-20 22:40:09 | Epoch 5 - Batch 30 - Loss 0.049516
2026-06-20 22:40:09 | Epoch 5 - Batch 31 - Loss 0.048774
2026-06-20 22:40:09 | Epoch 5 - Batch 32 - Loss 0.048086
2026-06-20 22:40:09 | Epoch 5 - Batch 33 - Loss 0.050106
2026-06-20 22:40:09 | Epoch 5 - Batch 34 - Loss 0.051038
2026-06-20 22:40:09 | Epoch 5 - Batch 35 - Loss 0.048127
2026-06-20 22:40:09 | Epoch 5 - Batch 36 - Loss 0.049146
2026-06-20 22:40:09 | Epoch 5 - Batch 37 - Loss 0.049468
2026-06-20 22:40:09 | Epoch 5 - Batch 38 - Loss 0.049599
2026-06-20 22:40:09 | Epoch 5 - Batch 39 - Loss 0.049048
2026-06-20 22:40:09 | Epoch 5 - Batch 40 - Loss 0.050222
2026-06-20 22:40:09 | Epoch 5 - Batch 41 - Loss 0.050374
2026-06-20 22:40:09 | Epoch 5 - Batch 42 - Loss 0.049557
2026-06-20 22:40:09 | Epoch 5 - Batch 43 - Loss 0.049242
2026-06-20 22:40:09 | Epoch 5 - Batch 44 - Loss 0.052616
2026-06-20 22:40:09 | Epoch 5 - Batch 45 - Loss 0.048685
2026-06-20 22:40:09 | Epoch 5 - Batch 46 - Loss 0.049148
2026-06-20 22:40:09 | Epoch 5 - Batch 47 - Loss 0.050571
2026-06-20 22:40:09 | Epoch 5 - Batch 48 - Loss 0.050120
2026-06-20 22:40:09 | Epoch 5 - Batch 49 - Loss 0.048786
2026-06-20 22:40:09 | Epoch 5 - Batch 50 - Loss 0.049563
2026-06-20 22:40:09 | Epoch 5 - Batch 51 - Loss 0.048141
2026-06-20 22:40:09 | Epoch 5 - Batch 52 - Loss 0.048260
2026-06-20 22:40:09 | Epoch 5 - Batch 53 - Loss 0.047646
2026-06-20 22:40:09 | Epoch 5 - Batch 54 - Loss 0.048249
2026-06-20 22:40:09 | Epoch 5 - Batch 55 - Loss 0.048283
2026-06-20 22:40:09 | Epoch 5 - Batch 56 - Loss 0.050013
2026-06-20 22:40:10 | Epoch 5 - Batch 57 - Loss 0.050047
2026-06-20 22:40:10 | Epoch 5 - Batch 58 - Loss 0.049520
2026-06-20 22:40:10 | Epoch 5 - Batch 59 - Loss 0.047963
2026-06-20 22:40:10 | Epoch 5 - Batch 60 - Loss 0.048842
2026-06-20 22:40:10 | Epoch 5 - Batch 61 - Loss 0.048414
2026-06-20 22:40:10 | Epoch 5 - Batch 62 - Loss 0.050276
2026-06-20 22:40:10 | Epoch 5 - Batch 63 - Loss 0.049469
2026-06-20 22:40:10 | Epoch 5 - Batch 64 - Loss 0.051408
2026-06-20 22:40:10 | Epoch 5 - Batch 65 - Loss 0.048050
2026-06-20 22:40:10 | Epoch 5 - Batch 66 - Loss 0.050176
2026-06-20 22:40:10 | Epoch 5 - Batch 67 - Loss 0.049924
2026-06-20 22:40:10 | Epoch 5 - Batch 68 - Loss 0.049791
2026-06-20 22:40:10 | Epoch 5 - Batch 69 - Loss 0.051340
2026-06-20 22:40:10 | Epoch 5 - Batch 70 - Loss 0.046967
2026-06-20 22:40:10 | Epoch 5 - Batch 71 - Loss 0.049260
2026-06-20 22:40:10 | Epoch 5 - Batch 72 - Loss 0.050552
2026-06-20 22:40:10 | Epoch 5 - Batch 73 - Loss 0.048164
2026-06-20 22:40:10 | Epoch 5 - Batch 74 - Loss 0.048767
2026-06-20 22:40:10 | Epoch 5 - Batch 75 - Loss 0.049726
2026-06-20 22:40:10 | Epoch 5 - Batch 76 - Loss 0.051453
2026-06-20 22:40:10 | Epoch 5 - Batch 77 - Loss 0.046966
2026-06-20 22:40:10 | Epoch 5 - Batch 78 - Loss 0.048317
2026-06-20 22:40:10 | Epoch 5 - Batch 79 - Loss 0.048779
2026-06-20 22:40:10 | Epoch 5 - Batch 80 - Loss 0.047073
2026-06-20 22:40:10 | Epoch 5 - Batch 81 - Loss 0.048508
2026-06-20 22:40:10 | Epoch 5 - Batch 82 - Loss 0.050598
2026-06-20 22:40:10 | Epoch 5 - Batch 83 - Loss 0.050764
2026-06-20 22:40:10 | Epoch 5 - Batch 84 - Loss 0.049776
2026-06-20 22:40:10 | Epoch 5 - Batch 85 - Loss 0.048466
2026-06-20 22:40:10 | Epoch 5 - Batch 86 - Loss 0.048269
2026-06-20 22:40:11 | Epoch 5 - Batch 87 - Loss 0.048679
2026-06-20 22:40:11 | Epoch 5 - Batch 88 - Loss 0.050080
2026-06-20 22:40:11 | Epoch 5 - Batch 89 - Loss 0.049379
2026-06-20 22:40:11 | Epoch 5 - Batch 90 - Loss 0.048227
2026-06-20 22:40:11 | Epoch 5 - Batch 91 - Loss 0.048731
2026-06-20 22:40:11 | Epoch 5 - Batch 92 - Loss 0.050284
2026-06-20 22:40:11 | Epoch 5 - Batch 93 - Loss 0.049072
2026-06-20 22:40:11 | Epoch 5 - Batch 94 - Loss 0.048366
2026-06-20 22:40:11 | Epoch 5 - Batch 95 - Loss 0.049460
2026-06-20 22:40:11 | Epoch 5 - Batch 96 - Loss 0.047905
2026-06-20 22:40:11 | Epoch 5 - Batch 97 - Loss 0.047831
2026-06-20 22:40:11 | Epoch 5 - Batch 98 - Loss 0.050866
2026-06-20 22:40:11 | Epoch 5 - Batch 99 - Loss 0.050561
2026-06-20 22:40:11 | Epoch 5 - Batch 100 - Loss 0.047525
2026-06-20 22:40:11 | Epoch 5 - Batch 101 - Loss 0.046966
2026-06-20 22:40:11 | Epoch 5 - Batch 102 - Loss 0.049127
2026-06-20 22:40:11 | Epoch 5 - Batch 103 - Loss 0.047874
2026-06-20 22:40:11 | Epoch 5 - Batch 104 - Loss 0.048543
2026-06-20 22:40:11 | Epoch 5 - Batch 105 - Loss 0.050181
2026-06-20 22:40:11 | Epoch 5 - Batch 106 - Loss 0.049296
2026-06-20 22:40:11 | Epoch 5 - Batch 107 - Loss 0.047094
2026-06-20 22:40:11 | Epoch 5 - Batch 108 - Loss 0.047823
2026-06-20 22:40:11 | Epoch 5 - Batch 109 - Loss 0.049601
2026-06-20 22:40:11 | Epoch 5 - Batch 110 - Loss 0.049487
2026-06-20 22:40:11 | Epoch 5 - Batch 111 - Loss 0.048199
2026-06-20 22:40:11 | Epoch 5 - Batch 112 - Loss 0.050346
2026-06-20 22:40:11 | Epoch 5 - Batch 113 - Loss 0.049157
2026-06-20 22:40:11 | Epoch 5 - Batch 114 - Loss 0.049063
2026-06-20 22:40:11 | Epoch 5 - Batch 115 - Loss 0.048675
2026-06-20 22:40:11 | Epoch 5 - Batch 116 - Loss 0.048857
2026-06-20 22:40:11 | Epoch 5 - Batch 117 - Loss 0.049233
2026-06-20 22:40:12 | Epoch 5 - Batch 118 - Loss 0.048477
2026-06-20 22:40:12 | Epoch 5 - Batch 119 - Loss 0.048601
2026-06-20 22:40:12 | Epoch 5 - Batch 120 - Loss 0.046657
2026-06-20 22:40:12 | Epoch 5 - Batch 121 - Loss 0.048441
2026-06-20 22:40:12 | Epoch 5 - Batch 122 - Loss 0.049751
2026-06-20 22:40:12 | Epoch 5 - Batch 123 - Loss 0.048140
2026-06-20 22:40:12 | Epoch 5 - Batch 124 - Loss 0.050674
2026-06-20 22:40:12 | Epoch 5 - Batch 125 - Loss 0.048589
2026-06-20 22:40:12 | Epoch 5 - Batch 126 - Loss 0.049867
2026-06-20 22:40:12 | Epoch 5 - Batch 127 - Loss 0.047391
2026-06-20 22:40:12 | Epoch 5 - Batch 128 - Loss 0.048481
2026-06-20 22:40:12 | Epoch 5 - Batch 129 - Loss 0.048044
2026-06-20 22:40:12 | Epoch 5 - Batch 130 - Loss 0.049390
2026-06-20 22:40:12 | Epoch 5 - Batch 131 - Loss 0.054055
2026-06-20 22:40:12 | Epoch 5 - Batch 132 - Loss 0.050472
2026-06-20 22:40:12 | Epoch 5 - Batch 133 - Loss 0.047889
2026-06-20 22:40:12 | Epoch 5 - Batch 134 - Loss 0.051707
2026-06-20 22:40:12 | Epoch 5 - Batch 135 - Loss 0.049608
2026-06-20 22:40:12 | Epoch 5 - Batch 136 - Loss 0.049490
2026-06-20 22:40:12 | Epoch 5 - Batch 137 - Loss 0.048799
2026-06-20 22:40:12 | Epoch 5 - Batch 138 - Loss 0.051292
2026-06-20 22:40:12 | Epoch 5 - Batch 139 - Loss 0.048785
2026-06-20 22:40:12 | Epoch 5 - Batch 140 - Loss 0.046945
2026-06-20 22:40:12 | Epoch 5 - Batch 141 - Loss 0.047980
2026-06-20 22:40:12 | Epoch 5 - Batch 142 - Loss 0.050616
2026-06-20 22:40:12 | Epoch 5 - Batch 143 - Loss 0.048514
2026-06-20 22:40:12 | Epoch 5 - Batch 144 - Loss 0.047522
2026-06-20 22:40:12 | Epoch 5 - Batch 145 - Loss 0.049283
2026-06-20 22:40:12 | Epoch 5 - Batch 146 - Loss 0.048755
2026-06-20 22:40:12 | Epoch 5 - Batch 147 - Loss 0.050490
2026-06-20 22:40:13 | Epoch 5 - Batch 148 - Loss 0.048114
2026-06-20 22:40:13 | Epoch 5 - Batch 149 - Loss 0.047116
2026-06-20 22:40:13 | Epoch 5 - Batch 150 - Loss 0.048676
2026-06-20 22:40:13 | Epoch 5 - Batch 151 - Loss 0.049146
2026-06-20 22:40:13 | Epoch 5 - Batch 152 - Loss 0.049369
2026-06-20 22:40:13 | Epoch 5 - Batch 153 - Loss 0.049722
2026-06-20 22:40:13 | Epoch 5 - Batch 154 - Loss 0.049358
2026-06-20 22:40:13 | Epoch 5 - Batch 155 - Loss 0.051685
2026-06-20 22:40:13 | Epoch 5 - Batch 156 - Loss 0.049688
2026-06-20 22:40:13 | Epoch 5 - Batch 157 - Loss 0.049680
2026-06-20 22:40:13 | Epoch 5 - Batch 158 - Loss 0.049835
2026-06-20 22:40:13 | Epoch 5 - Batch 159 - Loss 0.047531
2026-06-20 22:40:13 | Epoch 5 - Batch 160 - Loss 0.048126
2026-06-20 22:40:13 | Epoch 5 - Batch 161 - Loss 0.048196
2026-06-20 22:40:13 | Epoch 5 - Batch 162 - Loss 0.050106
2026-06-20 22:40:13 | Epoch 5 - Batch 163 - Loss 0.051016
2026-06-20 22:40:13 | Epoch 5 - Batch 164 - Loss 0.046293
2026-06-20 22:40:13 | Epoch 5 - Batch 165 - Loss 0.046779
2026-06-20 22:40:13 | Epoch 5 - Batch 166 - Loss 0.048306
2026-06-20 22:40:13 | Epoch 5 - Batch 167 - Loss 0.050331
2026-06-20 22:40:13 | Epoch 5 - Batch 168 - Loss 0.050245
2026-06-20 22:40:13 | Epoch 5 - Batch 169 - Loss 0.049976
2026-06-20 22:40:13 | Epoch 5 - Batch 170 - Loss 0.048124
2026-06-20 22:40:13 | Epoch 5 - Batch 171 - Loss 0.051426
2026-06-20 22:40:13 | Epoch 5 - Batch 172 - Loss 0.048901
2026-06-20 22:40:13 | Epoch 5 - Batch 173 - Loss 0.049013
2026-06-20 22:40:13 | Epoch 5 - Batch 174 - Loss 0.050497
2026-06-20 22:40:13 | Epoch 5 - Batch 175 - Loss 0.047423
2026-06-20 22:40:13 | Epoch 5 - Batch 176 - Loss 0.051434
2026-06-20 22:40:13 | Epoch 5 - Batch 177 - Loss 0.048981
2026-06-20 22:40:14 | Epoch 5 - Batch 178 - Loss 0.048051
2026-06-20 22:40:14 | Epoch 5 - Batch 179 - Loss 0.049020
2026-06-20 22:40:14 | Epoch 5 - Batch 180 - Loss 0.049878
2026-06-20 22:40:14 | Epoch 5 - Batch 181 - Loss 0.048275
2026-06-20 22:40:14 | Epoch 5 - Batch 182 - Loss 0.050242
2026-06-20 22:40:14 | Epoch 5 - Batch 183 - Loss 0.050303
2026-06-20 22:40:14 | Epoch 5 - Batch 184 - Loss 0.047795
2026-06-20 22:40:14 | Epoch 5 - Batch 185 - Loss 0.048724
2026-06-20 22:40:14 | Epoch 5 - Batch 186 - Loss 0.048652
2026-06-20 22:40:14 | Epoch 5 - Batch 187 - Loss 0.051358
2026-06-20 22:40:14 | Epoch 5 - Batch 188 - Loss 0.050154
2026-06-20 22:40:14 | Epoch 5 - Batch 189 - Loss 0.046958
2026-06-20 22:40:14 | Epoch 5 - Batch 190 - Loss 0.048591
2026-06-20 22:40:14 | Epoch 5 - Batch 191 - Loss 0.049470
2026-06-20 22:40:14 | Epoch 5 - Batch 192 - Loss 0.047033
2026-06-20 22:40:14 | Epoch 5 - Batch 193 - Loss 0.048221
2026-06-20 22:40:14 | Epoch 5 - Batch 194 - Loss 0.051097
2026-06-20 22:40:14 | Epoch 5 - Batch 195 - Loss 0.050005
2026-06-20 22:40:14 | Epoch 5 - Batch 196 - Loss 0.048606
2026-06-20 22:40:14 | Epoch 5 - Batch 197 - Loss 0.050816
2026-06-20 22:40:14 | Epoch 5 - Batch 198 - Loss 0.047488
2026-06-20 22:40:14 | Epoch 5 - Batch 199 - Loss 0.050181
2026-06-20 22:40:14 | Epoch 5 - Batch 200 - Loss 0.049678
2026-06-20 22:40:14 | Epoch 5 - Batch 201 - Loss 0.051010
2026-06-20 22:40:14 | Epoch 5 - Batch 202 - Loss 0.048615
2026-06-20 22:40:14 | Epoch 5 - Batch 203 - Loss 0.049102
2026-06-20 22:40:14 | Epoch 5 - Batch 204 - Loss 0.049423
2026-06-20 22:40:14 | Epoch 5 - Batch 205 - Loss 0.047841
2026-06-20 22:40:14 | Epoch 5 - Batch 206 - Loss 0.048355
2026-06-20 22:40:14 | Epoch 5 - Batch 207 - Loss 0.047446
2026-06-20 22:40:15 | Epoch 5 - Batch 208 - Loss 0.047229
2026-06-20 22:40:15 | Epoch 5 - Batch 209 - Loss 0.047439
2026-06-20 22:40:15 | Epoch 5 - Batch 210 - Loss 0.045925
2026-06-20 22:40:15 | Epoch 5 - Batch 211 - Loss 0.049198
2026-06-20 22:40:15 | Epoch 5 - Batch 212 - Loss 0.048210
2026-06-20 22:40:15 | Epoch 5 - Batch 213 - Loss 0.046904
2026-06-20 22:40:15 | Epoch 5 - Batch 214 - Loss 0.049881
2026-06-20 22:40:15 | Epoch 5 - Batch 215 - Loss 0.047341
2026-06-20 22:40:15 | Epoch 5 - Batch 216 - Loss 0.049155
2026-06-20 22:40:15 | Epoch 5 - Batch 217 - Loss 0.045788
2026-06-20 22:40:15 | Epoch 5 - Batch 218 - Loss 0.047495
2026-06-20 22:40:15 | Epoch 5 - Batch 219 - Loss 0.050976
2026-06-20 22:40:15 | Epoch 5 - Batch 220 - Loss 0.049129
2026-06-20 22:40:15 | Epoch 5 - Batch 221 - Loss 0.047371
2026-06-20 22:40:15 | Epoch 5 - Batch 222 - Loss 0.046637
2026-06-20 22:40:15 | Epoch 5 - Batch 223 - Loss 0.048920
2026-06-20 22:40:15 | Epoch 5 - Batch 224 - Loss 0.048349
2026-06-20 22:40:15 | Epoch 5 - Batch 225 - Loss 0.048949
2026-06-20 22:40:15 | Epoch 5 - Batch 226 - Loss 0.048242
2026-06-20 22:40:15 | Epoch 5 - Batch 227 - Loss 0.048127
2026-06-20 22:40:15 | Epoch 5 - Batch 228 - Loss 0.049052
2026-06-20 22:40:15 | Epoch 5 - Batch 229 - Loss 0.047709
2026-06-20 22:40:15 | Epoch 5 - Batch 230 - Loss 0.048281
2026-06-20 22:40:15 | Epoch 5 - Batch 231 - Loss 0.049737
2026-06-20 22:40:15 | Epoch 5 - Batch 232 - Loss 0.048139
2026-06-20 22:40:15 | Epoch 5 - Batch 233 - Loss 0.047144
2026-06-20 22:40:15 | Epoch 5 - Batch 234 - Loss 0.048841
2026-06-20 22:40:15 | Epoch 5 - Batch 235 - Loss 0.048039
2026-06-20 22:40:15 | Epoch 5 - Batch 236 - Loss 0.048796
2026-06-20 22:40:15 | Epoch 5 - Batch 237 - Loss 0.048941
2026-06-20 22:40:15 | Epoch 5 - Batch 238 - Loss 0.049711
2026-06-20 22:40:16 | Epoch 5 - Batch 239 - Loss 0.048127
2026-06-20 22:40:16 | Epoch 5 - Batch 240 - Loss 0.050473
2026-06-20 22:40:16 | Epoch 5 - Batch 241 - Loss 0.048755
2026-06-20 22:40:16 | Epoch 5 - Batch 242 - Loss 0.046780
2026-06-20 22:40:16 | Epoch 5 - Batch 243 - Loss 0.047382
2026-06-20 22:40:16 | Epoch 5 - Batch 244 - Loss 0.050016
2026-06-20 22:40:16 | Epoch 5 - Batch 245 - Loss 0.047111
2026-06-20 22:40:16 | Epoch 5 - Batch 246 - Loss 0.050737
2026-06-20 22:40:16 | Epoch 5 - Batch 247 - Loss 0.047849
2026-06-20 22:40:16 | Epoch 5 - Batch 248 - Loss 0.048919
2026-06-20 22:40:16 | Epoch 5 - Batch 249 - Loss 0.051933
2026-06-20 22:40:16 | Epoch 5 - Batch 250 - Loss 0.049359
2026-06-20 22:40:16 | Epoch 5 - Batch 251 - Loss 0.047365
2026-06-20 22:40:16 | Epoch 5 - Batch 252 - Loss 0.046379
2026-06-20 22:40:16 | Epoch 5 - Batch 253 - Loss 0.048045
2026-06-20 22:40:16 | Epoch 5 - Batch 254 - Loss 0.045975
2026-06-20 22:40:16 | Epoch 5 - Batch 255 - Loss 0.047115
2026-06-20 22:40:16 | Epoch 5 - Batch 256 - Loss 0.049061
2026-06-20 22:40:16 | Epoch 5 - Batch 257 - Loss 0.048140
2026-06-20 22:40:16 | Epoch 5 - Batch 258 - Loss 0.049330
2026-06-20 22:40:16 | Epoch 5 - Batch 259 - Loss 0.049547
2026-06-20 22:40:16 | Epoch 5 - Batch 260 - Loss 0.047123
2026-06-20 22:40:16 | Epoch 5 - Batch 261 - Loss 0.046971
2026-06-20 22:40:16 | Epoch 5 - Batch 262 - Loss 0.047001
2026-06-20 22:40:16 | Epoch 5 - Batch 263 - Loss 0.047013
2026-06-20 22:40:16 | Epoch 5 - Batch 264 - Loss 0.051736
2026-06-20 22:40:16 | Epoch 5 - Batch 265 - Loss 0.047905
2026-06-20 22:40:16 | Epoch 5 - Batch 266 - Loss 0.048756
2026-06-20 22:40:16 | Epoch 5 - Batch 267 - Loss 0.049538
2026-06-20 22:40:16 | Epoch 5 - Batch 268 - Loss 0.048046
2026-06-20 22:40:17 | Epoch 5 - Batch 269 - Loss 0.048881
2026-06-20 22:40:17 | Epoch 5 - Batch 270 - Loss 0.049055
2026-06-20 22:40:17 | Epoch 5 - Batch 271 - Loss 0.049349
2026-06-20 22:40:17 | Epoch 5 - Batch 272 - Loss 0.047400
2026-06-20 22:40:17 | Epoch 5 - Batch 273 - Loss 0.047692
2026-06-20 22:40:17 | Epoch 5 - Batch 274 - Loss 0.047318
2026-06-20 22:40:17 | Epoch 5 - Batch 275 - Loss 0.047185
2026-06-20 22:40:17 | Epoch 5 - Batch 276 - Loss 0.046438
2026-06-20 22:40:17 | Epoch 5 - Batch 277 - Loss 0.048000
2026-06-20 22:40:17 | Epoch 5 - Batch 278 - Loss 0.049192
2026-06-20 22:40:17 | Epoch 5 - Batch 279 - Loss 0.047801
2026-06-20 22:40:17 | Epoch 5 - Batch 280 - Loss 0.049720
2026-06-20 22:40:17 | Epoch 5 - Batch 281 - Loss 0.047249
2026-06-20 22:40:17 | Epoch 5 - Batch 282 - Loss 0.048376
2026-06-20 22:40:17 | Epoch 5 - Batch 283 - Loss 0.047862
2026-06-20 22:40:17 | Epoch 5 - Batch 284 - Loss 0.050244
2026-06-20 22:40:17 | Epoch 5 - Batch 285 - Loss 0.048845
2026-06-20 22:40:17 | Epoch 5 - Batch 286 - Loss 0.048623
2026-06-20 22:40:17 | Epoch 5 - Batch 287 - Loss 0.047892
2026-06-20 22:40:17 | Epoch 5 - Batch 288 - Loss 0.047445
2026-06-20 22:40:17 | Epoch 5 - Batch 289 - Loss 0.049435
2026-06-20 22:40:17 | Epoch 5 - Batch 290 - Loss 0.049182
2026-06-20 22:40:17 | Epoch 5 - Batch 291 - Loss 0.047882
2026-06-20 22:40:17 | Epoch 5 - Batch 292 - Loss 0.048775
2026-06-20 22:40:17 | Epoch 5 - Batch 293 - Loss 0.048452
2026-06-20 22:40:17 | Epoch 5 - Batch 294 - Loss 0.048639
2026-06-20 22:40:17 | Epoch 5 - Batch 295 - Loss 0.050085
2026-06-20 22:40:17 | Epoch 5 - Batch 296 - Loss 0.047618
2026-06-20 22:40:17 | Epoch 5 - Batch 297 - Loss 0.050255
2026-06-20 22:40:17 | Epoch 5 - Batch 298 - Loss 0.049283
2026-06-20 22:40:18 | Epoch 5 - Batch 299 - Loss 0.048250
2026-06-20 22:40:18 | Epoch 5 - Batch 300 - Loss 0.049596
2026-06-20 22:40:18 | Epoch 5 - Batch 301 - Loss 0.047617
2026-06-20 22:40:18 | Epoch 5 - Batch 302 - Loss 0.047458
2026-06-20 22:40:18 | Epoch 5 - Batch 303 - Loss 0.048910
2026-06-20 22:40:18 | Epoch 5 - Batch 304 - Loss 0.050127
2026-06-20 22:40:18 | Epoch 5 - Batch 305 - Loss 0.048200
2026-06-20 22:40:18 | Epoch 5 - Batch 306 - Loss 0.047323
2026-06-20 22:40:18 | Epoch 5 - Batch 307 - Loss 0.047184
2026-06-20 22:40:18 | Epoch 5 - Batch 308 - Loss 0.048594
2026-06-20 22:40:18 | Epoch 5 - Batch 309 - Loss 0.047633
2026-06-20 22:40:18 | Epoch 5 - Batch 310 - Loss 0.047013
2026-06-20 22:40:18 | Epoch 5 - Batch 311 - Loss 0.048665
2026-06-20 22:40:18 | Epoch 5 - Batch 312 - Loss 0.048796
2026-06-20 22:40:18 | Epoch 5 - Batch 313 - Loss 0.047837
2026-06-20 22:40:18 | Epoch 5 - Batch 314 - Loss 0.047966
2026-06-20 22:40:18 | Epoch 5 - Batch 315 - Loss 0.050244
2026-06-20 22:40:18 | Epoch 5 - Batch 316 - Loss 0.046334
2026-06-20 22:40:18 | Epoch 5 - Batch 317 - Loss 0.048891
2026-06-20 22:40:18 | Epoch 5 - Batch 318 - Loss 0.048955
2026-06-20 22:40:18 | Epoch 5 - Batch 319 - Loss 0.048543
2026-06-20 22:40:18 | Epoch 5 - Batch 320 - Loss 0.049122
2026-06-20 22:40:18 | Epoch 5 - Batch 321 - Loss 0.047583
2026-06-20 22:40:18 | Epoch 5 - Batch 322 - Loss 0.047826
2026-06-20 22:40:18 | Epoch 5 - Batch 323 - Loss 0.049589
2026-06-20 22:40:18 | Epoch 5 - Batch 324 - Loss 0.047246
2026-06-20 22:40:18 | Epoch 5 - Batch 325 - Loss 0.048148
2026-06-20 22:40:18 | Epoch 5 - Batch 326 - Loss 0.049518
2026-06-20 22:40:18 | Epoch 5 - Batch 327 - Loss 0.046318
2026-06-20 22:40:18 | Epoch 5 - Batch 328 - Loss 0.049779
2026-06-20 22:40:19 | Epoch 5 - Batch 329 - Loss 0.049067
2026-06-20 22:40:19 | Epoch 5 - Batch 330 - Loss 0.049604
2026-06-20 22:40:19 | Epoch 5 - Batch 331 - Loss 0.048645
2026-06-20 22:40:19 | Epoch 5 - Batch 332 - Loss 0.047486
2026-06-20 22:40:19 | Epoch 5 - Batch 333 - Loss 0.049329
2026-06-20 22:40:19 | Epoch 5 - Batch 334 - Loss 0.047875
2026-06-20 22:40:19 | Epoch 5 - Batch 335 - Loss 0.049557
2026-06-20 22:40:19 | Epoch 5 - Batch 336 - Loss 0.045999
2026-06-20 22:40:19 | Epoch 5 - Batch 337 - Loss 0.048639
2026-06-20 22:40:19 | Epoch 5 - Batch 338 - Loss 0.049253
2026-06-20 22:40:19 | Epoch 5 - Batch 339 - Loss 0.049268
2026-06-20 22:40:19 | Epoch 5 - Batch 340 - Loss 0.051334
2026-06-20 22:40:19 | Epoch 5 - Batch 341 - Loss 0.047604
2026-06-20 22:40:19 | Epoch 5 - Batch 342 - Loss 0.048898
2026-06-20 22:40:19 | Epoch 5 - Batch 343 - Loss 0.047628
2026-06-20 22:40:19 | Epoch 5 - Batch 344 - Loss 0.047552
2026-06-20 22:40:19 | Epoch 5 - Batch 345 - Loss 0.048201
2026-06-20 22:40:19 | Epoch 5 - Batch 346 - Loss 0.049481
2026-06-20 22:40:19 | Epoch 5 - Batch 347 - Loss 0.047100
2026-06-20 22:40:19 | Epoch 5 - Batch 348 - Loss 0.046851
2026-06-20 22:40:19 | Epoch 5 - Batch 349 - Loss 0.048750
2026-06-20 22:40:19 | Epoch 5 - Batch 350 - Loss 0.046227
2026-06-20 22:40:19 | Epoch 5 - Batch 351 - Loss 0.047787
2026-06-20 22:40:19 | Epoch 5 - Batch 352 - Loss 0.049950
2026-06-20 22:40:19 | Epoch 5 - Batch 353 - Loss 0.048661
2026-06-20 22:40:19 | Epoch 5 - Batch 354 - Loss 0.047185
2026-06-20 22:40:19 | Epoch 5 - Batch 355 - Loss 0.048093
2026-06-20 22:40:19 | Epoch 5 - Batch 356 - Loss 0.046108
2026-06-20 22:40:19 | Epoch 5 - Batch 357 - Loss 0.049511
2026-06-20 22:40:19 | Epoch 5 - Batch 358 - Loss 0.051215
2026-06-20 22:40:19 | Epoch 5 - Batch 359 - Loss 0.049261
2026-06-20 22:40:20 | Epoch 5 - Batch 360 - Loss 0.049761
2026-06-20 22:40:20 | Epoch 5 - Batch 361 - Loss 0.048652
2026-06-20 22:40:20 | Epoch 5 - Batch 362 - Loss 0.052299
2026-06-20 22:40:20 | Epoch 5 - Batch 363 - Loss 0.048660
2026-06-20 22:40:20 | Epoch 5 - Batch 364 - Loss 0.047602
2026-06-20 22:40:20 | Epoch 5 - Batch 365 - Loss 0.046861
2026-06-20 22:40:20 | Epoch 5 - Batch 366 - Loss 0.048421
2026-06-20 22:40:20 | Epoch 5 - Batch 367 - Loss 0.049523
2026-06-20 22:40:20 | Epoch 5 - Batch 368 - Loss 0.047830
2026-06-20 22:40:20 | Epoch 5 - Batch 369 - Loss 0.048684
2026-06-20 22:40:20 | Epoch 5 - Batch 370 - Loss 0.047161
2026-06-20 22:40:20 | Epoch 5 - Batch 371 - Loss 0.049201
2026-06-20 22:40:20 | Epoch 5 - Batch 372 - Loss 0.049424
2026-06-20 22:40:20 | Epoch 5 - Batch 373 - Loss 0.048232
2026-06-20 22:40:20 | Epoch 5 - Batch 374 - Loss 0.049554
2026-06-20 22:40:20 | Epoch 5 - Batch 375 - Loss 0.048903
2026-06-20 22:40:20 | Epoch 5 - Batch 376 - Loss 0.048467
2026-06-20 22:40:20 | Epoch 5 - Batch 377 - Loss 0.047528
2026-06-20 22:40:20 | Epoch 5 - Batch 378 - Loss 0.047331
2026-06-20 22:40:20 | Epoch 5 - Batch 379 - Loss 0.048440
2026-06-20 22:40:20 | Epoch 5 - Batch 380 - Loss 0.046646
2026-06-20 22:40:20 | Epoch 5 - Batch 381 - Loss 0.049044
2026-06-20 22:40:20 | Epoch 5 - Batch 382 - Loss 0.047354
2026-06-20 22:40:20 | Epoch 5 - Batch 383 - Loss 0.047343
2026-06-20 22:40:20 | Epoch 5 - Batch 384 - Loss 0.050251
2026-06-20 22:40:20 | Epoch 5 - Batch 385 - Loss 0.048897
2026-06-20 22:40:20 | Epoch 5 - Batch 386 - Loss 0.048634
2026-06-20 22:40:20 | Epoch 5 - Batch 387 - Loss 0.048134
2026-06-20 22:40:20 | Epoch 5 - Batch 388 - Loss 0.047580
2026-06-20 22:40:20 | Epoch 5 - Batch 389 - Loss 0.049298
2026-06-20 22:40:21 | Epoch 5 - Batch 390 - Loss 0.048094
2026-06-20 22:40:21 | Epoch 5 - Batch 391 - Loss 0.048303
2026-06-20 22:40:21 | Epoch 5 - Batch 392 - Loss 0.048744
2026-06-20 22:40:21 | Epoch 5 - Batch 393 - Loss 0.048637
2026-06-20 22:40:21 | Epoch 5 - Batch 394 - Loss 0.047916
2026-06-20 22:40:21 | Epoch 5 - Batch 395 - Loss 0.050163
2026-06-20 22:40:21 | Epoch 5 - Batch 396 - Loss 0.046802
2026-06-20 22:40:21 | Epoch 5 - Batch 397 - Loss 0.048854
2026-06-20 22:40:21 | Epoch 5 - Batch 398 - Loss 0.048838
2026-06-20 22:40:21 | Epoch 5 - Batch 399 - Loss 0.048765
2026-06-20 22:40:21 | Epoch 5 - Batch 400 - Loss 0.049409
2026-06-20 22:40:21 | Epoch 5 - Batch 401 - Loss 0.046857
2026-06-20 22:40:21 | Epoch 5 - Batch 402 - Loss 0.047903
2026-06-20 22:40:21 | Epoch 5 - Batch 403 - Loss 0.048359
2026-06-20 22:40:21 | Epoch 5 - Batch 404 - Loss 0.048628
2026-06-20 22:40:21 | Epoch 5 - Batch 405 - Loss 0.047972
2026-06-20 22:40:21 | Epoch 5 - Batch 406 - Loss 0.050165
2026-06-20 22:40:21 | Epoch 5 - Batch 407 - Loss 0.047442
2026-06-20 22:40:21 | Epoch 5 - Batch 408 - Loss 0.047435
2026-06-20 22:40:21 | Epoch 5 - Batch 409 - Loss 0.048234
2026-06-20 22:40:21 | Epoch 5 - Batch 410 - Loss 0.046432
2026-06-20 22:40:21 | Epoch 5 - Batch 411 - Loss 0.049133
2026-06-20 22:40:21 | Epoch 5 - Batch 412 - Loss 0.049396
2026-06-20 22:40:21 | Epoch 5 - Batch 413 - Loss 0.047954
2026-06-20 22:40:21 | Epoch 5 - Batch 414 - Loss 0.049445
2026-06-20 22:40:21 | Epoch 5 - Batch 415 - Loss 0.048329
2026-06-20 22:40:21 | Epoch 5 - Batch 416 - Loss 0.049090
2026-06-20 22:40:21 | Epoch 5 - Batch 417 - Loss 0.048553
2026-06-20 22:40:21 | Epoch 5 - Batch 418 - Loss 0.049185
2026-06-20 22:40:21 | Epoch 5 - Batch 419 - Loss 0.047745
2026-06-20 22:40:22 | Epoch 5 - Batch 420 - Loss 0.049208
2026-06-20 22:40:22 | Epoch 5 - Batch 421 - Loss 0.048388
2026-06-20 22:40:22 | Epoch 5 - Batch 422 - Loss 0.048042
2026-06-20 22:40:22 | Epoch 5 - Batch 423 - Loss 0.046442
2026-06-20 22:40:22 | Epoch 5 - Batch 424 - Loss 0.047890
2026-06-20 22:40:22 | Epoch 5 - Batch 425 - Loss 0.046723
2026-06-20 22:40:22 | Epoch 5 - Batch 426 - Loss 0.047305
2026-06-20 22:40:22 | Epoch 5 - Batch 427 - Loss 0.048574
2026-06-20 22:40:22 | Epoch 5 - Batch 428 - Loss 0.048597
2026-06-20 22:40:22 | Epoch 5 - Batch 429 - Loss 0.048191
2026-06-20 22:40:22 | Epoch 5 - Batch 430 - Loss 0.047159
2026-06-20 22:40:22 | Epoch 5 - Batch 431 - Loss 0.045500
2026-06-20 22:40:22 | Epoch 5 - Batch 432 - Loss 0.047879
2026-06-20 22:40:22 | Epoch 5 - Batch 433 - Loss 0.046077
2026-06-20 22:40:22 | Epoch 5 - Batch 434 - Loss 0.046274
2026-06-20 22:40:22 | Epoch 5 - Batch 435 - Loss 0.048373
2026-06-20 22:40:22 | Epoch 5 - Batch 436 - Loss 0.044701
2026-06-20 22:40:22 | Epoch 5 - Batch 437 - Loss 0.048074
2026-06-20 22:40:22 | Epoch 5 - Batch 438 - Loss 0.046741
2026-06-20 22:40:22 | Epoch 5 - Batch 439 - Loss 0.047364
2026-06-20 22:40:22 | Epoch 5 - Batch 440 - Loss 0.047358
2026-06-20 22:40:22 | Epoch 5 - Batch 441 - Loss 0.046009
2026-06-20 22:40:22 | Epoch 5 - Batch 442 - Loss 0.049264
2026-06-20 22:40:22 | Epoch 5 - Batch 443 - Loss 0.048269
2026-06-20 22:40:22 | Epoch 5 - Batch 444 - Loss 0.045906
2026-06-20 22:40:22 | Epoch 5 - Batch 445 - Loss 0.049441
2026-06-20 22:40:22 | Epoch 5 - Batch 446 - Loss 0.046377
2026-06-20 22:40:22 | Epoch 5 - Batch 447 - Loss 0.049884
2026-06-20 22:40:22 | Epoch 5 - Batch 448 - Loss 0.047536
2026-06-20 22:40:22 | Epoch 5 - Batch 449 - Loss 0.048727
2026-06-20 22:40:23 | Epoch 5 - Batch 450 - Loss 0.047986
2026-06-20 22:40:23 | Epoch 5 - Batch 451 - Loss 0.046833
2026-06-20 22:40:23 | Epoch 5 - Batch 452 - Loss 0.048922
2026-06-20 22:40:23 | Epoch 5 - Batch 453 - Loss 0.048559
2026-06-20 22:40:23 | Epoch 5 - Batch 454 - Loss 0.046956
2026-06-20 22:40:23 | Epoch 5 - Batch 455 - Loss 0.050107
2026-06-20 22:40:23 | Epoch 5 - Batch 456 - Loss 0.046140
2026-06-20 22:40:23 | Epoch 5 - Batch 457 - Loss 0.051672
2026-06-20 22:40:23 | Epoch 5 - Batch 458 - Loss 0.048801
2026-06-20 22:40:23 | Epoch 5 - Batch 459 - Loss 0.047089
2026-06-20 22:40:23 | Epoch 5 - Batch 460 - Loss 0.050289
2026-06-20 22:40:23 | Epoch 5 - Batch 461 - Loss 0.047429
2026-06-20 22:40:23 | Epoch 5 - Batch 462 - Loss 0.046456
2026-06-20 22:40:23 | Epoch 5 - Batch 463 - Loss 0.047651
2026-06-20 22:40:23 | Epoch 5 - Batch 464 - Loss 0.050350
2026-06-20 22:40:23 | Epoch 5 - Batch 465 - Loss 0.047436
2026-06-20 22:40:23 | Epoch 5 - Batch 466 - Loss 0.048044
2026-06-20 22:40:23 | Epoch 5 - Batch 467 - Loss 0.047236
2026-06-20 22:40:23 | Epoch 5 - Batch 468 - Loss 0.046797
2026-06-20 22:40:23 | Epoch 5 - Batch 469 - Loss 0.046879
2026-06-20 22:40:23 | Epoch 5 - Batch 470 - Loss 0.047813
2026-06-20 22:40:23 | Epoch 5 - Batch 471 - Loss 0.046795
2026-06-20 22:40:23 | Epoch 5 - Batch 472 - Loss 0.046766
2026-06-20 22:40:23 | Epoch 5 - Batch 473 - Loss 0.049412
2026-06-20 22:40:23 | Epoch 5 - Batch 474 - Loss 0.047180
2026-06-20 22:40:23 | Epoch 5 - Batch 475 - Loss 0.048863
2026-06-20 22:40:23 | Epoch 5 - Batch 476 - Loss 0.047156
2026-06-20 22:40:23 | Epoch 5 - Batch 477 - Loss 0.046680
2026-06-20 22:40:23 | Epoch 5 - Batch 478 - Loss 0.052498
2026-06-20 22:40:23 | Epoch 5 - Batch 479 - Loss 0.049187
2026-06-20 22:40:23 | Epoch 5 - Batch 480 - Loss 0.047950
2026-06-20 22:40:24 | Epoch 5 - Batch 481 - Loss 0.046735
2026-06-20 22:40:24 | Epoch 5 - Batch 482 - Loss 0.049787
2026-06-20 22:40:24 | Epoch 5 - Batch 483 - Loss 0.048533
2026-06-20 22:40:24 | Epoch 5 - Batch 484 - Loss 0.049044
2026-06-20 22:40:24 | Epoch 5 - Batch 485 - Loss 0.048051
2026-06-20 22:40:24 | Epoch 5 - Batch 486 - Loss 0.046443
2026-06-20 22:40:24 | Epoch 5 - Batch 487 - Loss 0.047749
2026-06-20 22:40:24 | Epoch 5 - Batch 488 - Loss 0.047197
2026-06-20 22:40:24 | Epoch 5 - Batch 489 - Loss 0.048130
2026-06-20 22:40:24 | Epoch 5 - Batch 490 - Loss 0.048017
2026-06-20 22:40:24 | Epoch 5 - Batch 491 - Loss 0.046485
2026-06-20 22:40:24 | Epoch 5 - Batch 492 - Loss 0.048517
2026-06-20 22:40:24 | Epoch 5 - Batch 493 - Loss 0.049672
2026-06-20 22:40:24 | Epoch 5 - Batch 494 - Loss 0.047328
2026-06-20 22:40:24 | Epoch 5 - Batch 495 - Loss 0.047655
2026-06-20 22:40:24 | Epoch 5 - Batch 496 - Loss 0.047129
2026-06-20 22:40:24 | Epoch 5 - Batch 497 - Loss 0.047882
2026-06-20 22:40:24 | Epoch 5 - Batch 498 - Loss 0.047775
2026-06-20 22:40:24 | Epoch 5 - Batch 499 - Loss 0.048460
2026-06-20 22:40:24 | Epoch 5 - Batch 500 - Loss 0.047188
2026-06-20 22:40:24 | Epoch 5 - Batch 501 - Loss 0.049526
2026-06-20 22:40:24 | Epoch 5 - Batch 502 - Loss 0.046824
2026-06-20 22:40:24 | Epoch 5 - Batch 503 - Loss 0.046942
2026-06-20 22:40:24 | Epoch 5 - Batch 504 - Loss 0.049273
2026-06-20 22:40:24 | Epoch 5 - Batch 505 - Loss 0.045830
2026-06-20 22:40:24 | Epoch 5 - Batch 506 - Loss 0.047486
2026-06-20 22:40:24 | Epoch 5 - Batch 507 - Loss 0.047318
2026-06-20 22:40:24 | Epoch 5 - Batch 508 - Loss 0.046339
2026-06-20 22:40:24 | Epoch 5 - Batch 509 - Loss 0.046920
2026-06-20 22:40:24 | Epoch 5 - Batch 510 - Loss 0.048873
2026-06-20 22:40:25 | Epoch 5 - Batch 511 - Loss 0.049450
2026-06-20 22:40:25 | Epoch 5 - Batch 512 - Loss 0.048030
2026-06-20 22:40:25 | Epoch 5 - Batch 513 - Loss 0.048979
2026-06-20 22:40:25 | Epoch 5 - Batch 514 - Loss 0.048180
2026-06-20 22:40:25 | Epoch 5 - Batch 515 - Loss 0.050053
2026-06-20 22:40:25 | Epoch 5 - Batch 516 - Loss 0.047677
2026-06-20 22:40:25 | Epoch 5 - Batch 517 - Loss 0.047156
2026-06-20 22:40:25 | Epoch 5 - Batch 518 - Loss 0.049118
2026-06-20 22:40:25 | Epoch 5 - Batch 519 - Loss 0.048586
2026-06-20 22:40:25 | Epoch 5 - Batch 520 - Loss 0.049336
2026-06-20 22:40:25 | Epoch 5 - Batch 521 - Loss 0.046859
2026-06-20 22:40:25 | Epoch 5 - Batch 522 - Loss 0.047485
2026-06-20 22:40:25 | Epoch 5 - Batch 523 - Loss 0.047918
2026-06-20 22:40:25 | Epoch 5 - Batch 524 - Loss 0.045335
2026-06-20 22:40:25 | Epoch 5 - Batch 525 - Loss 0.048552
2026-06-20 22:40:25 | Epoch 5 - Batch 526 - Loss 0.048971
2026-06-20 22:40:25 | Epoch 5 - Batch 527 - Loss 0.047125
2026-06-20 22:40:25 | Epoch 5 - Batch 528 - Loss 0.049208
2026-06-20 22:40:25 | Epoch 5 - Batch 529 - Loss 0.046551
2026-06-20 22:40:25 | Epoch 5 - Batch 530 - Loss 0.047523
2026-06-20 22:40:25 | Epoch 5 - Batch 531 - Loss 0.045457
2026-06-20 22:40:25 | Epoch 5 - Batch 532 - Loss 0.049209
2026-06-20 22:40:25 | Epoch 5 - Batch 533 - Loss 0.046889
2026-06-20 22:40:25 | Epoch 5 - Batch 534 - Loss 0.048453
2026-06-20 22:40:25 | Epoch 5 - Batch 535 - Loss 0.047293
2026-06-20 22:40:25 | Epoch 5 - Batch 536 - Loss 0.046817
2026-06-20 22:40:25 | Epoch 5 - Batch 537 - Loss 0.047527
2026-06-20 22:40:25 | Epoch 5 - Batch 538 - Loss 0.046988
2026-06-20 22:40:25 | Epoch 5 - Batch 539 - Loss 0.047162
2026-06-20 22:40:25 | Epoch 5 - Batch 540 - Loss 0.047975
2026-06-20 22:40:26 | Epoch 5 - Batch 541 - Loss 0.046392
2026-06-20 22:40:26 | Epoch 5 - Batch 542 - Loss 0.046391
2026-06-20 22:40:26 | Epoch 5 - Batch 543 - Loss 0.047183
2026-06-20 22:40:26 | Epoch 5 - Batch 544 - Loss 0.048287
2026-06-20 22:40:26 | Epoch 5 - Batch 545 - Loss 0.047777
2026-06-20 22:40:26 | Epoch 5 - Batch 546 - Loss 0.048527
2026-06-20 22:40:26 | Epoch 5 - Batch 547 - Loss 0.046290
2026-06-20 22:40:26 | Epoch 5 - Batch 548 - Loss 0.049778
2026-06-20 22:40:26 | Epoch 5 - Batch 549 - Loss 0.046276
2026-06-20 22:40:26 | Epoch 5 - Batch 550 - Loss 0.049291
2026-06-20 22:40:26 | Epoch 5 - Batch 551 - Loss 0.048370
2026-06-20 22:40:26 | Epoch 5 - Batch 552 - Loss 0.048812
2026-06-20 22:40:26 | Epoch 5 - Batch 553 - Loss 0.048813
2026-06-20 22:40:26 | Epoch 5 - Batch 554 - Loss 0.047493
2026-06-20 22:40:26 | Epoch 5 - Batch 555 - Loss 0.047220
2026-06-20 22:40:26 | Epoch 5 - Batch 556 - Loss 0.047656
2026-06-20 22:40:26 | Epoch 5 - Batch 557 - Loss 0.048230
2026-06-20 22:40:26 | Epoch 5 - Batch 558 - Loss 0.047999
2026-06-20 22:40:26 | Epoch 5 - Batch 559 - Loss 0.046100
2026-06-20 22:40:26 | Epoch 5 - Batch 560 - Loss 0.049483
2026-06-20 22:40:26 | Epoch 5 - Batch 561 - Loss 0.046931
2026-06-20 22:40:26 | Epoch 5 - Batch 562 - Loss 0.047758
2026-06-20 22:40:26 | Epoch 5 - Batch 563 - Loss 0.047255
2026-06-20 22:40:26 | Epoch 5 - Batch 564 - Loss 0.048384
2026-06-20 22:40:26 | Epoch 5 - Batch 565 - Loss 0.046927
2026-06-20 22:40:26 | Epoch 5 - Batch 566 - Loss 0.046778
2026-06-20 22:40:26 | Epoch 5 - Batch 567 - Loss 0.047129
2026-06-20 22:40:26 | Epoch 5 - Batch 568 - Loss 0.047088
2026-06-20 22:40:26 | Epoch 5 - Batch 569 - Loss 0.047580
2026-06-20 22:40:26 | Epoch 5 - Batch 570 - Loss 0.048130
2026-06-20 22:40:27 | Epoch 5 - Batch 571 - Loss 0.046652
2026-06-20 22:40:27 | Epoch 5 - Batch 572 - Loss 0.047742
2026-06-20 22:40:27 | Epoch 5 - Batch 573 - Loss 0.050066
2026-06-20 22:40:27 | Epoch 5 - Batch 574 - Loss 0.046296
2026-06-20 22:40:27 | Epoch 5 - Batch 575 - Loss 0.047217
2026-06-20 22:40:27 | Epoch 5 - Batch 576 - Loss 0.046450
2026-06-20 22:40:27 | Epoch 5 - Batch 577 - Loss 0.047900
2026-06-20 22:40:27 | Epoch 5 - Batch 578 - Loss 0.048751
2026-06-20 22:40:27 | Epoch 5 - Batch 579 - Loss 0.048477
2026-06-20 22:40:27 | Epoch 5 - Batch 580 - Loss 0.048730
2026-06-20 22:40:27 | Epoch 5 - Batch 581 - Loss 0.047171
2026-06-20 22:40:27 | Epoch 5 - Batch 582 - Loss 0.046364
2026-06-20 22:40:27 | Epoch 5 - Batch 583 - Loss 0.048748
2026-06-20 22:40:27 | Epoch 5 - Batch 584 - Loss 0.049111
2026-06-20 22:40:27 | Epoch 5 - Batch 585 - Loss 0.047670
2026-06-20 22:40:27 | Epoch 5 - Batch 586 - Loss 0.046282
2026-06-20 22:40:27 | Epoch 5 - Batch 587 - Loss 0.048417
2026-06-20 22:40:27 | Epoch 5 - Batch 588 - Loss 0.045586
2026-06-20 22:40:27 | Epoch 5 - Batch 589 - Loss 0.047261
2026-06-20 22:40:27 | Epoch 5 - Batch 590 - Loss 0.047361
2026-06-20 22:40:27 | Epoch 5 - Batch 591 - Loss 0.047612
2026-06-20 22:40:27 | Epoch 5 - Batch 592 - Loss 0.048541
2026-06-20 22:40:27 | Epoch 5 - Batch 593 - Loss 0.045977
2026-06-20 22:40:27 | Epoch 5 - Batch 594 - Loss 0.048991
2026-06-20 22:40:27 | Epoch 5 - Batch 595 - Loss 0.048706
2026-06-20 22:40:27 | Epoch 5 - Batch 596 - Loss 0.048030
2026-06-20 22:40:27 | Epoch 5 - Batch 597 - Loss 0.047343
2026-06-20 22:40:27 | Epoch 5 - Batch 598 - Loss 0.046264
2026-06-20 22:40:27 | Epoch 5 - Batch 599 - Loss 0.046490
2026-06-20 22:40:27 | Epoch 5 - Batch 600 - Loss 0.047965
2026-06-20 22:40:27 | Epoch 5 - Batch 601 - Loss 0.047386
2026-06-20 22:40:28 | Epoch 5 - Batch 602 - Loss 0.048559
2026-06-20 22:40:28 | Epoch 5 - Batch 603 - Loss 0.047831
2026-06-20 22:40:28 | Epoch 5 - Batch 604 - Loss 0.049214
2026-06-20 22:40:28 | Epoch 5 - Batch 605 - Loss 0.047284
2026-06-20 22:40:28 | Epoch 5 - Batch 606 - Loss 0.048468
2026-06-20 22:40:28 | Epoch 5 - Batch 607 - Loss 0.049377
2026-06-20 22:40:28 | Epoch 5 - Batch 608 - Loss 0.047655
2026-06-20 22:40:28 | Epoch 5 - Batch 609 - Loss 0.048810
2026-06-20 22:40:28 | Epoch 5 - Batch 610 - Loss 0.048399
2026-06-20 22:40:28 | Epoch 5 - Batch 611 - Loss 0.048328
2026-06-20 22:40:28 | Epoch 5 - Batch 612 - Loss 0.046489
2026-06-20 22:40:28 | Epoch 5 - Batch 613 - Loss 0.047369
2026-06-20 22:40:28 | Epoch 5 - Batch 614 - Loss 0.046321
2026-06-20 22:40:28 | Epoch 5 - Batch 615 - Loss 0.049333
2026-06-20 22:40:28 | Epoch 5 - Batch 616 - Loss 0.044922
2026-06-20 22:40:28 | Epoch 5 - Batch 617 - Loss 0.049018
2026-06-20 22:40:28 | Epoch 5 - Batch 618 - Loss 0.047136
2026-06-20 22:40:28 | Epoch 5 - Batch 619 - Loss 0.049229
2026-06-20 22:40:28 | Epoch 5 - Batch 620 - Loss 0.049607
2026-06-20 22:40:28 | Epoch 5 - Batch 621 - Loss 0.048253
2026-06-20 22:40:28 | Epoch 5 - Batch 622 - Loss 0.047335
2026-06-20 22:40:28 | Epoch 5 - Batch 623 - Loss 0.048101
2026-06-20 22:40:28 | Epoch 5 - Batch 624 - Loss 0.049507
2026-06-20 22:40:28 | Epoch 5 - Batch 625 - Loss 0.049978
2026-06-20 22:40:28 | Epoch 5 - Batch 626 - Loss 0.048102
2026-06-20 22:40:28 | Epoch 5 - Batch 627 - Loss 0.046909
2026-06-20 22:40:28 | Epoch 5 - Batch 628 - Loss 0.048204
2026-06-20 22:40:28 | Epoch 5 - Batch 629 - Loss 0.050635
2026-06-20 22:40:28 | Epoch 5 - Batch 630 - Loss 0.047899
2026-06-20 22:40:28 | Epoch 5 - Batch 631 - Loss 0.047070
2026-06-20 22:40:29 | Epoch 5 - Batch 632 - Loss 0.047550
2026-06-20 22:40:29 | Epoch 5 - Batch 633 - Loss 0.047749
2026-06-20 22:40:29 | Epoch 5 - Batch 634 - Loss 0.049433
2026-06-20 22:40:29 | Epoch 5 - Batch 635 - Loss 0.049706
2026-06-20 22:40:29 | Epoch 5 - Batch 636 - Loss 0.047092
2026-06-20 22:40:29 | Epoch 5 - Batch 637 - Loss 0.046714
2026-06-20 22:40:29 | Epoch 5 - Batch 638 - Loss 0.048997
2026-06-20 22:40:29 | Epoch 5 - Batch 639 - Loss 0.048050
2026-06-20 22:40:29 | Epoch 5 - Batch 640 - Loss 0.047527
2026-06-20 22:40:29 | Epoch 5 - Batch 641 - Loss 0.048831
2026-06-20 22:40:29 | Epoch 5 - Batch 642 - Loss 0.047090
2026-06-20 22:40:29 | Epoch 5 - Batch 643 - Loss 0.046406
2026-06-20 22:40:29 | Epoch 5 - Batch 644 - Loss 0.045616
2026-06-20 22:40:29 | Epoch 5 - Batch 645 - Loss 0.048926
2026-06-20 22:40:29 | Epoch 5 - Batch 646 - Loss 0.048427
2026-06-20 22:40:29 | Epoch 5 - Batch 647 - Loss 0.047438
2026-06-20 22:40:29 | Epoch 5 - Batch 648 - Loss 0.047105
2026-06-20 22:40:29 | Epoch 5 - Batch 649 - Loss 0.046756
2026-06-20 22:40:29 | Epoch 5 - Batch 650 - Loss 0.049690
2026-06-20 22:40:29 | Epoch 5 - Batch 651 - Loss 0.047549
2026-06-20 22:40:29 | Epoch 5 - Batch 652 - Loss 0.048795
2026-06-20 22:40:29 | Epoch 5 - Batch 653 - Loss 0.047723
2026-06-20 22:40:29 | Epoch 5 - Batch 654 - Loss 0.048357
2026-06-20 22:40:29 | Epoch 5 - Batch 655 - Loss 0.046111
2026-06-20 22:40:29 | Epoch 5 - Batch 656 - Loss 0.048947
2026-06-20 22:40:29 | Epoch 5 - Batch 657 - Loss 0.047938
2026-06-20 22:40:29 | Epoch 5 - Batch 658 - Loss 0.050222
2026-06-20 22:40:29 | Epoch 5 - Batch 659 - Loss 0.048271
2026-06-20 22:40:29 | Epoch 5 - Batch 660 - Loss 0.049190
2026-06-20 22:40:29 | Epoch 5 - Batch 661 - Loss 0.046889
2026-06-20 22:40:30 | Epoch 5 - Batch 662 - Loss 0.048565
2026-06-20 22:40:30 | Epoch 5 - Batch 663 - Loss 0.046602
2026-06-20 22:40:30 | Epoch 5 - Batch 664 - Loss 0.045909
2026-06-20 22:40:30 | Epoch 5 - Batch 665 - Loss 0.048057
2026-06-20 22:40:30 | Epoch 5 - Batch 666 - Loss 0.045925
2026-06-20 22:40:30 | Epoch 5 - Batch 667 - Loss 0.048244
2026-06-20 22:40:30 | Epoch 5 - Batch 668 - Loss 0.047963
2026-06-20 22:40:30 | Epoch 5 - Batch 669 - Loss 0.046948
2026-06-20 22:40:30 | Epoch 5 - Batch 670 - Loss 0.047906
2026-06-20 22:40:30 | Epoch 5 - Batch 671 - Loss 0.046999
2026-06-20 22:40:30 | Epoch 5 - Batch 672 - Loss 0.046644
2026-06-20 22:40:30 | Epoch 5 - Batch 673 - Loss 0.050430
2026-06-20 22:40:30 | Epoch 5 - Batch 674 - Loss 0.049437
2026-06-20 22:40:30 | Epoch 5 - Batch 675 - Loss 0.046711
2026-06-20 22:40:30 | Epoch 5 - Batch 676 - Loss 0.048605
2026-06-20 22:40:30 | Epoch 5 - Batch 677 - Loss 0.047741
2026-06-20 22:40:30 | Epoch 5 - Batch 678 - Loss 0.047358
2026-06-20 22:40:30 | Epoch 5 - Batch 679 - Loss 0.046839
2026-06-20 22:40:30 | Epoch 5 - Batch 680 - Loss 0.045089
2026-06-20 22:40:30 | Epoch 5 - Batch 681 - Loss 0.048087
2026-06-20 22:40:30 | Epoch 5 - Batch 682 - Loss 0.048406
2026-06-20 22:40:30 | Epoch 5 - Batch 683 - Loss 0.046600
2026-06-20 22:40:30 | Epoch 5 - Batch 684 - Loss 0.046445
2026-06-20 22:40:30 | Epoch 5 - Batch 685 - Loss 0.047641
2026-06-20 22:40:30 | Epoch 5 - Batch 686 - Loss 0.045898
2026-06-20 22:40:30 | Epoch 5 - Batch 687 - Loss 0.048039
2026-06-20 22:40:30 | Epoch 5 - Batch 688 - Loss 0.046920
2026-06-20 22:40:30 | Epoch 5 - Batch 689 - Loss 0.046968
2026-06-20 22:40:30 | Epoch 5 - Batch 690 - Loss 0.046886
2026-06-20 22:40:30 | Epoch 5 - Batch 691 - Loss 0.046214
2026-06-20 22:40:31 | Epoch 5 - Batch 692 - Loss 0.047814
2026-06-20 22:40:31 | Epoch 5 - Batch 693 - Loss 0.048083
2026-06-20 22:40:31 | Epoch 5 - Batch 694 - Loss 0.049115
2026-06-20 22:40:31 | Epoch 5 - Batch 695 - Loss 0.048914
2026-06-20 22:40:31 | Epoch 5 - Batch 696 - Loss 0.046913
2026-06-20 22:40:31 | Epoch 5 - Batch 697 - Loss 0.046819
2026-06-20 22:40:31 | Epoch 5 - Batch 698 - Loss 0.048853
2026-06-20 22:40:31 | Epoch 5 - Batch 699 - Loss 0.044151
2026-06-20 22:40:31 | Epoch 5 - Batch 700 - Loss 0.047474
2026-06-20 22:40:31 | Epoch 5 - Batch 701 - Loss 0.048438
2026-06-20 22:40:31 | Epoch 5 - Batch 702 - Loss 0.049488
2026-06-20 22:40:31 | Epoch 5 - Batch 703 - Loss 0.047923
2026-06-20 22:40:31 | Epoch 5 - Batch 704 - Loss 0.046186
2026-06-20 22:40:31 | Epoch 5 - Batch 705 - Loss 0.049302
2026-06-20 22:40:31 | Epoch 5 - Batch 706 - Loss 0.047677
2026-06-20 22:40:31 | Epoch 5 - Batch 707 - Loss 0.047696
2026-06-20 22:40:31 | Epoch 5 - Batch 708 - Loss 0.047987
2026-06-20 22:40:31 | Epoch 5 - Batch 709 - Loss 0.047735
2026-06-20 22:40:31 | Epoch 5 - Batch 710 - Loss 0.049900
2026-06-20 22:40:31 | Epoch 5 - Batch 711 - Loss 0.046697
2026-06-20 22:40:31 | Epoch 5 - Batch 712 - Loss 0.046861
2026-06-20 22:40:31 | Epoch 5 - Batch 713 - Loss 0.048265
2026-06-20 22:40:31 | Epoch 5 - Batch 714 - Loss 0.048938
2026-06-20 22:40:31 | Epoch 5 - Batch 715 - Loss 0.047171
2026-06-20 22:40:31 | Epoch 5 - Batch 716 - Loss 0.047354
2026-06-20 22:40:31 | Epoch 5 - Batch 717 - Loss 0.045706
2026-06-20 22:40:31 | Epoch 5 - Batch 718 - Loss 0.049238
2026-06-20 22:40:31 | Epoch 5 - Batch 719 - Loss 0.046946
2026-06-20 22:40:31 | Epoch 5 - Batch 720 - Loss 0.048315
2026-06-20 22:40:31 | Epoch 5 - Batch 721 - Loss 0.047918
2026-06-20 22:40:32 | Epoch 5 - Batch 722 - Loss 0.046450
2026-06-20 22:40:32 | Epoch 5 - Batch 723 - Loss 0.047252
2026-06-20 22:40:32 | Epoch 5 - Batch 724 - Loss 0.045436
2026-06-20 22:40:32 | Epoch 5 - Batch 725 - Loss 0.046982
2026-06-20 22:40:32 | Epoch 5 - Batch 726 - Loss 0.045823
2026-06-20 22:40:32 | Epoch 5 - Batch 727 - Loss 0.045319
2026-06-20 22:40:32 | Epoch 5 - Batch 728 - Loss 0.048789
2026-06-20 22:40:32 | Epoch 5 - Batch 729 - Loss 0.049399
2026-06-20 22:40:32 | Epoch 5 - Batch 730 - Loss 0.047939
2026-06-20 22:40:32 | Epoch 5 - Batch 731 - Loss 0.047664
2026-06-20 22:40:32 | Epoch 5 - Batch 732 - Loss 0.046480
2026-06-20 22:40:32 | Epoch 5 - Batch 733 - Loss 0.045888
2026-06-20 22:40:32 | Epoch 5 - Batch 734 - Loss 0.046684
2026-06-20 22:40:32 | Epoch 5 - Batch 735 - Loss 0.046483
2026-06-20 22:40:32 | Epoch 5 - Batch 736 - Loss 0.047595
2026-06-20 22:40:32 | Epoch 5 - Batch 737 - Loss 0.047011
2026-06-20 22:40:32 | Epoch 5 - Batch 738 - Loss 0.048018
2026-06-20 22:40:32 | Epoch 5 - Batch 739 - Loss 0.047262
2026-06-20 22:40:32 | Epoch 5 - Batch 740 - Loss 0.046932
2026-06-20 22:40:32 | Epoch 5 - Batch 741 - Loss 0.048180
2026-06-20 22:40:32 | Epoch 5 - Batch 742 - Loss 0.048022
2026-06-20 22:40:32 | Epoch 5 - Batch 743 - Loss 0.047571
2026-06-20 22:40:32 | Epoch 5 - Batch 744 - Loss 0.046921
2026-06-20 22:40:32 | Epoch 5 - Batch 745 - Loss 0.047936
2026-06-20 22:40:32 | Epoch 5 - Batch 746 - Loss 0.047267
2026-06-20 22:40:32 | Epoch 5 - Batch 747 - Loss 0.046973
2026-06-20 22:40:32 | Epoch 5 - Batch 748 - Loss 0.046540
2026-06-20 22:40:32 | Epoch 5 - Batch 749 - Loss 0.046406
2026-06-20 22:40:32 | Epoch 5 - Batch 750 - Loss 0.045912
2026-06-20 22:40:32 | Epoch 5 - Batch 751 - Loss 0.047758
2026-06-20 22:40:33 | Epoch 5 - Batch 752 - Loss 0.044550
2026-06-20 22:40:33 | Epoch 5 - Batch 753 - Loss 0.047429
2026-06-20 22:40:33 | Epoch 5 - Batch 754 - Loss 0.046046
2026-06-20 22:40:33 | Epoch 5 - Batch 755 - Loss 0.049257
2026-06-20 22:40:33 | Epoch 5 - Batch 756 - Loss 0.046667
2026-06-20 22:40:33 | Epoch 5 - Batch 757 - Loss 0.047730
2026-06-20 22:40:33 | Epoch 5 - Batch 758 - Loss 0.048691
2026-06-20 22:40:33 | Epoch 5 - Batch 759 - Loss 0.047271
2026-06-20 22:40:33 | Epoch 5 - Batch 760 - Loss 0.049282
2026-06-20 22:40:33 | Epoch 5 - Batch 761 - Loss 0.046450
2026-06-20 22:40:33 | Epoch 5 - Batch 762 - Loss 0.046542
2026-06-20 22:40:33 | Epoch 5 - Batch 763 - Loss 0.045292
2026-06-20 22:40:33 | Epoch 5 - Batch 764 - Loss 0.045715
2026-06-20 22:40:33 | Epoch 5 - Batch 765 - Loss 0.049393
2026-06-20 22:40:33 | Epoch 5 - Batch 766 - Loss 0.045812
2026-06-20 22:40:33 | Epoch 5 - Batch 767 - Loss 0.047403
2026-06-20 22:40:33 | Epoch 5 - Batch 768 - Loss 0.048020
2026-06-20 22:40:33 | Epoch 5 - Batch 769 - Loss 0.046359
2026-06-20 22:40:33 | Epoch 5 - Batch 770 - Loss 0.047780
2026-06-20 22:40:33 | Epoch 5 - Batch 771 - Loss 0.046500
2026-06-20 22:40:33 | Epoch 5 - Batch 772 - Loss 0.048075
2026-06-20 22:40:33 | Epoch 5 - Batch 773 - Loss 0.047776
2026-06-20 22:40:33 | Epoch 5 - Batch 774 - Loss 0.047522
2026-06-20 22:40:33 | Epoch 5 - Batch 775 - Loss 0.047309
2026-06-20 22:40:33 | Epoch 5 - Batch 776 - Loss 0.046866
2026-06-20 22:40:33 | Epoch 5 - Batch 777 - Loss 0.046877
2026-06-20 22:40:33 | Epoch 5 - Batch 778 - Loss 0.044797
2026-06-20 22:40:33 | Epoch 5 - Batch 779 - Loss 0.048045
2026-06-20 22:40:33 | Epoch 5 - Batch 780 - Loss 0.046427
2026-06-20 22:40:33 | Epoch 5 - Batch 781 - Loss 0.046705
2026-06-20 22:40:33 | Epoch 5 - Batch 782 - Loss 0.045519
2026-06-20 22:40:34 | Epoch 5 - Batch 783 - Loss 0.046490
2026-06-20 22:40:34 | Epoch 5 - Batch 784 - Loss 0.047437
2026-06-20 22:40:34 | Epoch 5 - Batch 785 - Loss 0.048147
2026-06-20 22:40:34 | Epoch 5 - Batch 786 - Loss 0.046762
2026-06-20 22:40:34 | Epoch 5 - Batch 787 - Loss 0.047294
2026-06-20 22:40:34 | Epoch 5 - Batch 788 - Loss 0.048006
2026-06-20 22:40:34 | Epoch 5 - Batch 789 - Loss 0.046402
2026-06-20 22:40:34 | Epoch 5 - Batch 790 - Loss 0.048300
2026-06-20 22:40:34 | Epoch 5 - Batch 791 - Loss 0.049217
2026-06-20 22:40:34 | Epoch 5 - Batch 792 - Loss 0.047920
2026-06-20 22:40:34 | Epoch 5 - Batch 793 - Loss 0.047709
2026-06-20 22:40:34 | Epoch 5 - Batch 794 - Loss 0.047628
2026-06-20 22:40:34 | Epoch 5 - Batch 795 - Loss 0.046568
2026-06-20 22:40:34 | Epoch 5 - Batch 796 - Loss 0.047933
2026-06-20 22:40:34 | Epoch 5 - Batch 797 - Loss 0.048718
2026-06-20 22:40:34 | Epoch 5 - Batch 798 - Loss 0.047481
2026-06-20 22:40:34 | Epoch 5 - Batch 799 - Loss 0.044982
2026-06-20 22:40:34 | Epoch 5 - Batch 800 - Loss 0.046239
2026-06-20 22:40:34 | Epoch 5 - Batch 801 - Loss 0.048837
2026-06-20 22:40:34 | Epoch 5 - Batch 802 - Loss 0.047688
2026-06-20 22:40:34 | Epoch 5 - Batch 803 - Loss 0.047920
2026-06-20 22:40:34 | Epoch 5 - Batch 804 - Loss 0.048773
2026-06-20 22:40:34 | Epoch 5 - Batch 805 - Loss 0.047426
2026-06-20 22:40:34 | Epoch 5 - Batch 806 - Loss 0.048800
2026-06-20 22:40:34 | Epoch 5 - Batch 807 - Loss 0.048628
2026-06-20 22:40:34 | Epoch 5 - Batch 808 - Loss 0.047494
2026-06-20 22:40:34 | Epoch 5 - Batch 809 - Loss 0.047981
2026-06-20 22:40:34 | Epoch 5 - Batch 810 - Loss 0.043902
2026-06-20 22:40:34 | Epoch 5 - Batch 811 - Loss 0.045788
2026-06-20 22:40:34 | Epoch 5 - Batch 812 - Loss 0.048138
2026-06-20 22:40:35 | Epoch 5 - Batch 813 - Loss 0.045781
2026-06-20 22:40:35 | Epoch 5 - Batch 814 - Loss 0.044654
2026-06-20 22:40:35 | Epoch 5 - Batch 815 - Loss 0.047657
2026-06-20 22:40:35 | Epoch 5 - Batch 816 - Loss 0.047728
2026-06-20 22:40:35 | Epoch 5 - Batch 817 - Loss 0.047365
2026-06-20 22:40:35 | Epoch 5 - Batch 818 - Loss 0.047236
2026-06-20 22:40:35 | Epoch 5 - Batch 819 - Loss 0.046899
2026-06-20 22:40:35 | Epoch 5 - Batch 820 - Loss 0.047223
2026-06-20 22:40:35 | Epoch 5 - Batch 821 - Loss 0.046443
2026-06-20 22:40:35 | Epoch 5 - Batch 822 - Loss 0.045947
2026-06-20 22:40:35 | Epoch 5 - Batch 823 - Loss 0.047482
2026-06-20 22:40:35 | Epoch 5 - Batch 824 - Loss 0.046839
2026-06-20 22:40:35 | Epoch 5 - Batch 825 - Loss 0.046510
2026-06-20 22:40:35 | Epoch 5 - Batch 826 - Loss 0.048804
2026-06-20 22:40:35 | Epoch 5 - Batch 827 - Loss 0.046680
2026-06-20 22:40:35 | Epoch 5 - Batch 828 - Loss 0.045226
2026-06-20 22:40:35 | Epoch 5 - Batch 829 - Loss 0.048515
2026-06-20 22:40:35 | Epoch 5 - Batch 830 - Loss 0.046144
2026-06-20 22:40:35 | Epoch 5 - Batch 831 - Loss 0.046295
2026-06-20 22:40:35 | Epoch 5 - Batch 832 - Loss 0.048872
2026-06-20 22:40:35 | Epoch 5 - Batch 833 - Loss 0.047253
2026-06-20 22:40:35 | Epoch 5 - Batch 834 - Loss 0.047790
2026-06-20 22:40:35 | Epoch 5 - Batch 835 - Loss 0.047019
2026-06-20 22:40:35 | Epoch 5 - Batch 836 - Loss 0.048664
2026-06-20 22:40:35 | Epoch 5 - Batch 837 - Loss 0.049201
2026-06-20 22:40:35 | Epoch 5 - Batch 838 - Loss 0.050055
2026-06-20 22:40:35 | Epoch 5 - Batch 839 - Loss 0.047576
2026-06-20 22:40:35 | Epoch 5 - Batch 840 - Loss 0.047119
2026-06-20 22:40:35 | Epoch 5 - Batch 841 - Loss 0.047284
2026-06-20 22:40:35 | Epoch 5 - Batch 842 - Loss 0.046757
2026-06-20 22:40:36 | Epoch 5 - Batch 843 - Loss 0.047705
2026-06-20 22:40:36 | Epoch 5 - Batch 844 - Loss 0.048987
2026-06-20 22:40:36 | Epoch 5 - Batch 845 - Loss 0.046043
2026-06-20 22:40:36 | Epoch 5 - Batch 846 - Loss 0.046099
2026-06-20 22:40:36 | Epoch 5 - Batch 847 - Loss 0.046594
2026-06-20 22:40:36 | Epoch 5 - Batch 848 - Loss 0.046189
2026-06-20 22:40:36 | Epoch 5 - Batch 849 - Loss 0.047764
2026-06-20 22:40:36 | Epoch 5 - Batch 850 - Loss 0.046610
2026-06-20 22:40:36 | Epoch 5 - Batch 851 - Loss 0.047857
2026-06-20 22:40:36 | Epoch 5 - Batch 852 - Loss 0.047117
2026-06-20 22:40:36 | Epoch 5 - Batch 853 - Loss 0.048162
2026-06-20 22:40:36 | Epoch 5 - Batch 854 - Loss 0.048773
2026-06-20 22:40:36 | Epoch 5 - Batch 855 - Loss 0.047523
2026-06-20 22:40:36 | Epoch 5 - Batch 856 - Loss 0.046083
2026-06-20 22:40:36 | Epoch 5 - Batch 857 - Loss 0.047211
2026-06-20 22:40:36 | Epoch 5 - Batch 858 - Loss 0.047301
2026-06-20 22:40:36 | Epoch 5 - Batch 859 - Loss 0.046678
2026-06-20 22:40:36 | Epoch 5 - Batch 860 - Loss 0.047449
2026-06-20 22:40:36 | Epoch 5 - Batch 861 - Loss 0.049134
2026-06-20 22:40:36 | Epoch 5 - Batch 862 - Loss 0.046128
2026-06-20 22:40:36 | Epoch 5 - Batch 863 - Loss 0.046999
2026-06-20 22:40:36 | Epoch 5 - Batch 864 - Loss 0.047080
2026-06-20 22:40:36 | Epoch 5 - Batch 865 - Loss 0.047107
2026-06-20 22:40:36 | Epoch 5 - Batch 866 - Loss 0.047972
2026-06-20 22:40:36 | Epoch 5 - Batch 867 - Loss 0.046220
2026-06-20 22:40:36 | Epoch 5 - Batch 868 - Loss 0.048142
2026-06-20 22:40:36 | Epoch 5 - Batch 869 - Loss 0.046996
2026-06-20 22:40:36 | Epoch 5 - Batch 870 - Loss 0.049237
2026-06-20 22:40:36 | Epoch 5 - Batch 871 - Loss 0.046340
2026-06-20 22:40:36 | Epoch 5 - Batch 872 - Loss 0.046563
2026-06-20 22:40:37 | Epoch 5 - Batch 873 - Loss 0.047845
2026-06-20 22:40:37 | Epoch 5 - Batch 874 - Loss 0.046375
2026-06-20 22:40:37 | Epoch 5 - Batch 875 - Loss 0.048651
2026-06-20 22:40:37 | Epoch 5 - Batch 876 - Loss 0.048389
2026-06-20 22:40:37 | Epoch 5 - Batch 877 - Loss 0.048254
2026-06-20 22:40:37 | Epoch 5 - Batch 878 - Loss 0.047754
2026-06-20 22:40:37 | Epoch 5 - Batch 879 - Loss 0.047381
2026-06-20 22:40:37 | Epoch 5 - Batch 880 - Loss 0.045787
2026-06-20 22:40:37 | Epoch 5 - Batch 881 - Loss 0.046934
2026-06-20 22:40:37 | Epoch 5 - Batch 882 - Loss 0.047830
2026-06-20 22:40:37 | Epoch 5 - Batch 883 - Loss 0.047746
2026-06-20 22:40:37 | Epoch 5 - Batch 884 - Loss 0.045664
2026-06-20 22:40:37 | Epoch 5 - Batch 885 - Loss 0.047371
2026-06-20 22:40:37 | Epoch 5 - Batch 886 - Loss 0.047103
2026-06-20 22:40:37 | Epoch 5 - Batch 887 - Loss 0.047472
2026-06-20 22:40:37 | Epoch 5 - Batch 888 - Loss 0.048491
2026-06-20 22:40:37 | Epoch 5 - Batch 889 - Loss 0.044465
2026-06-20 22:40:37 | Epoch 5 - Batch 890 - Loss 0.046581
2026-06-20 22:40:37 | Epoch 5 - Batch 891 - Loss 0.048522
2026-06-20 22:40:37 | Epoch 5 - Batch 892 - Loss 0.046368
2026-06-20 22:40:37 | Epoch 5 - Batch 893 - Loss 0.048614
2026-06-20 22:40:37 | Epoch 5 - Batch 894 - Loss 0.047075
2026-06-20 22:40:37 | Epoch 5 - Batch 895 - Loss 0.049125
2026-06-20 22:40:37 | Epoch 5 - Batch 896 - Loss 0.047453
2026-06-20 22:40:37 | Epoch 5 - Batch 897 - Loss 0.046875
2026-06-20 22:40:37 | Epoch 5 - Batch 898 - Loss 0.046698
2026-06-20 22:40:37 | Epoch 5 - Batch 899 - Loss 0.047975
2026-06-20 22:40:37 | Epoch 5 - Batch 900 - Loss 0.046189
2026-06-20 22:40:37 | Epoch 5 - Batch 901 - Loss 0.044534
2026-06-20 22:40:37 | Epoch 5 - Batch 902 - Loss 0.045829
2026-06-20 22:40:38 | Epoch 5 - Batch 903 - Loss 0.044762
2026-06-20 22:40:38 | Epoch 5 - Batch 904 - Loss 0.047494
2026-06-20 22:40:38 | Epoch 5 - Batch 905 - Loss 0.047864
2026-06-20 22:40:38 | Epoch 5 - Batch 906 - Loss 0.048853
2026-06-20 22:40:38 | Epoch 5 - Batch 907 - Loss 0.046190
2026-06-20 22:40:38 | Epoch 5 - Batch 908 - Loss 0.048055
2026-06-20 22:40:38 | Epoch 5 - Batch 909 - Loss 0.047099
2026-06-20 22:40:38 | Epoch 5 - Batch 910 - Loss 0.045485
2026-06-20 22:40:38 | Epoch 5 - Batch 911 - Loss 0.047510
2026-06-20 22:40:38 | Epoch 5 - Batch 912 - Loss 0.049054
2026-06-20 22:40:38 | Epoch 5 - Batch 913 - Loss 0.048256
2026-06-20 22:40:38 | Epoch 5 - Batch 914 - Loss 0.048300
2026-06-20 22:40:38 | Epoch 5 - Batch 915 - Loss 0.047974
2026-06-20 22:40:38 | Epoch 5 - Batch 916 - Loss 0.046737
2026-06-20 22:40:38 | Epoch 5 - Batch 917 - Loss 0.047221
2026-06-20 22:40:38 | Epoch 5 - Batch 918 - Loss 0.045883
2026-06-20 22:40:38 | Epoch 5 - Batch 919 - Loss 0.045135
2026-06-20 22:40:38 | Epoch 5 - Batch 920 - Loss 0.046679
2026-06-20 22:40:38 | Epoch 5 - Batch 921 - Loss 0.048635
2026-06-20 22:40:38 | Epoch 5 - Batch 922 - Loss 0.045452
2026-06-20 22:40:38 | Epoch 5 - Batch 923 - Loss 0.047708
2026-06-20 22:40:38 | Epoch 5 - Batch 924 - Loss 0.046637
2026-06-20 22:40:38 | Epoch 5 - Batch 925 - Loss 0.048553
2026-06-20 22:40:38 | Epoch 5 - Batch 926 - Loss 0.048279
2026-06-20 22:40:38 | Epoch 5 - Batch 927 - Loss 0.046197
2026-06-20 22:40:38 | Epoch 5 - Batch 928 - Loss 0.045318
2026-06-20 22:40:38 | Epoch 5 - Batch 929 - Loss 0.046641
2026-06-20 22:40:38 | Epoch 5 - Batch 930 - Loss 0.047181
2026-06-20 22:40:38 | Epoch 5 - Batch 931 - Loss 0.046726
2026-06-20 22:40:38 | Epoch 5 - Batch 932 - Loss 0.047260
2026-06-20 22:40:38 | Epoch 5 - Batch 933 - Loss 0.046759
2026-06-20 22:40:39 | Epoch 5 - Batch 934 - Loss 0.047542
2026-06-20 22:40:39 | Epoch 5 - Batch 935 - Loss 0.047026
2026-06-20 22:40:39 | Epoch 5 - Batch 936 - Loss 0.046172
2026-06-20 22:40:39 | Epoch 5 - Batch 937 - Loss 0.045978
2026-06-20 22:40:39 | Epoch 5 - Batch 938 - Loss 0.045679
2026-06-20 22:40:39 | Epoch 5 - Batch 939 - Loss 0.045224
2026-06-20 22:40:39 | Epoch 5 - Batch 940 - Loss 0.048273
2026-06-20 22:40:39 | Epoch 5 - Batch 941 - Loss 0.046016
2026-06-20 22:40:39 | Epoch 5 - Batch 942 - Loss 0.047541
2026-06-20 22:40:39 | Epoch 5 - Batch 943 - Loss 0.048809
2026-06-20 22:40:39 | Epoch 5 - Batch 944 - Loss 0.045529
2026-06-20 22:40:39 | Epoch 5 - Batch 945 - Loss 0.047528
2026-06-20 22:40:39 | Epoch 5 - Batch 946 - Loss 0.047761
2026-06-20 22:40:39 | Epoch 5 - Batch 947 - Loss 0.045770
2026-06-20 22:40:39 | Epoch 5 - Batch 948 - Loss 0.048110
2026-06-20 22:40:39 | Epoch 5 - Batch 949 - Loss 0.046870
2026-06-20 22:40:39 | Epoch 5 - Batch 950 - Loss 0.046230
2026-06-20 22:40:39 | Epoch 5 - Batch 951 - Loss 0.048047
2026-06-20 22:40:39 | Epoch 5 - Batch 952 - Loss 0.047060
2026-06-20 22:40:39 | Epoch 5 - Batch 953 - Loss 0.046908
2026-06-20 22:40:39 | Epoch 5 - Batch 954 - Loss 0.047032
2026-06-20 22:40:39 | Epoch 5 - Batch 955 - Loss 0.045367
2026-06-20 22:40:39 | Epoch 5 - Batch 956 - Loss 0.047267
2026-06-20 22:40:39 | Epoch 5 - Batch 957 - Loss 0.047069
2026-06-20 22:40:39 | Epoch 5 - Batch 958 - Loss 0.047812
2026-06-20 22:40:39 | Epoch 5 - Batch 959 - Loss 0.047943
2026-06-20 22:40:39 | Epoch 5 - Batch 960 - Loss 0.045925
2026-06-20 22:40:39 | Epoch 5 - Batch 961 - Loss 0.047214
2026-06-20 22:40:39 | Epoch 5 - Batch 962 - Loss 0.045030
2026-06-20 22:40:39 | Epoch 5 - Batch 963 - Loss 0.046453
2026-06-20 22:40:40 | Epoch 5 - Batch 964 - Loss 0.046562
2026-06-20 22:40:40 | Epoch 5 - Batch 965 - Loss 0.048027
2026-06-20 22:40:40 | Epoch 5 - Batch 966 - Loss 0.047303
2026-06-20 22:40:40 | Epoch 5 - Batch 967 - Loss 0.045741
2026-06-20 22:40:40 | Epoch 5 - Batch 968 - Loss 0.045157
2026-06-20 22:40:40 | Epoch 5 - Batch 969 - Loss 0.047611
2026-06-20 22:40:40 | Epoch 5 - Batch 970 - Loss 0.046268
2026-06-20 22:40:40 | Epoch 5 - Batch 971 - Loss 0.046223
2026-06-20 22:40:40 | Epoch 5 - Batch 972 - Loss 0.045518
2026-06-20 22:40:40 | Epoch 5 - Batch 973 - Loss 0.045838
2026-06-20 22:40:40 | Epoch 5 - Batch 974 - Loss 0.047418
2026-06-20 22:40:40 | Epoch 5 - Batch 975 - Loss 0.047209
2026-06-20 22:40:40 | Epoch 5 - Batch 976 - Loss 0.046044
2026-06-20 22:40:40 | Epoch 5 - Batch 977 - Loss 0.048135
2026-06-20 22:40:40 | Epoch 5 - Batch 978 - Loss 0.047539
2026-06-20 22:40:40 | Epoch 5 - Batch 979 - Loss 0.046256
2026-06-20 22:40:40 | Epoch 5 - Batch 980 - Loss 0.047296
2026-06-20 22:40:40 | Epoch 5 - Batch 981 - Loss 0.046274
2026-06-20 22:40:40 | Epoch 5 - Batch 982 - Loss 0.047305
2026-06-20 22:40:40 | Epoch 5 - Batch 983 - Loss 0.046947
2026-06-20 22:40:40 | Epoch 5 - Batch 984 - Loss 0.048501
2026-06-20 22:40:40 | Epoch 5 - Batch 985 - Loss 0.049159
2026-06-20 22:40:40 | Epoch 5 - Batch 986 - Loss 0.046145
2026-06-20 22:40:40 | Epoch 5 - Batch 987 - Loss 0.049050
2026-06-20 22:40:40 | Epoch 5 - Batch 988 - Loss 0.046807
2026-06-20 22:40:40 | Epoch 5 - Batch 989 - Loss 0.047820
2026-06-20 22:40:40 | Epoch 5 - Batch 990 - Loss 0.046896
2026-06-20 22:40:40 | Epoch 5 - Batch 991 - Loss 0.048497
2026-06-20 22:40:40 | Epoch 5 - Batch 992 - Loss 0.047705
2026-06-20 22:40:40 | Epoch 5 - Batch 993 - Loss 0.045466
2026-06-20 22:40:41 | Epoch 5 - Batch 994 - Loss 0.046748
2026-06-20 22:40:41 | Epoch 5 - Batch 995 - Loss 0.050287
2026-06-20 22:40:41 | Epoch 5 - Batch 996 - Loss 0.046041
2026-06-20 22:40:41 | Epoch 5 - Batch 997 - Loss 0.046314
2026-06-20 22:40:41 | Epoch 5 - Batch 998 - Loss 0.044385
2026-06-20 22:40:41 | Epoch 5 - Batch 999 - Loss 0.047636
2026-06-20 22:40:41 | Epoch 5 - Batch 1000 - Loss 0.048844
2026-06-20 22:40:41 | Epoch 5 - Batch 1001 - Loss 0.046528
2026-06-20 22:40:41 | Epoch 5 - Batch 1002 - Loss 0.046195
2026-06-20 22:40:41 | Epoch 5 - Batch 1003 - Loss 0.047947
2026-06-20 22:40:41 | Epoch 5 - Batch 1004 - Loss 0.048970
2026-06-20 22:40:41 | Epoch 5 - Batch 1005 - Loss 0.046831
2026-06-20 22:40:41 | Epoch 5 - Batch 1006 - Loss 0.047208
2026-06-20 22:40:41 | Epoch 5 - Batch 1007 - Loss 0.045803
2026-06-20 22:40:41 | Epoch 5 - Batch 1008 - Loss 0.049283
2026-06-20 22:40:41 | Epoch 5 - Batch 1009 - Loss 0.048940
2026-06-20 22:40:41 | Epoch 5 - Batch 1010 - Loss 0.047937
2026-06-20 22:40:41 | Epoch 5 - Batch 1011 - Loss 0.047135
2026-06-20 22:40:41 | Epoch 5 - Batch 1012 - Loss 0.045078
2026-06-20 22:40:41 | Epoch 5 - Batch 1013 - Loss 0.046770
2026-06-20 22:40:41 | Epoch 5 - Batch 1014 - Loss 0.045959
2026-06-20 22:40:41 | Epoch 5 - Batch 1015 - Loss 0.048647
2026-06-20 22:40:41 | Epoch 5 - Batch 1016 - Loss 0.047588
2026-06-20 22:40:41 | Epoch 5 - Batch 1017 - Loss 0.048323
2026-06-20 22:40:41 | Epoch 5 - Batch 1018 - Loss 0.046627
2026-06-20 22:40:41 | Epoch 5 - Batch 1019 - Loss 0.047177
2026-06-20 22:40:41 | Epoch 5 - Batch 1020 - Loss 0.046587
2026-06-20 22:40:41 | Epoch 5 - Batch 1021 - Loss 0.048080
2026-06-20 22:40:41 | Epoch 5 - Batch 1022 - Loss 0.045592
2026-06-20 22:40:41 | Epoch 5 - Batch 1023 - Loss 0.045995
2026-06-20 22:40:42 | Epoch 5 - Batch 1024 - Loss 0.046612
2026-06-20 22:40:42 | Epoch 5 - Batch 1025 - Loss 0.046689
2026-06-20 22:40:42 | Epoch 5 - Batch 1026 - Loss 0.047375
2026-06-20 22:40:42 | Epoch 5 - Batch 1027 - Loss 0.046666
2026-06-20 22:40:42 | Epoch 5 - Batch 1028 - Loss 0.048802
2026-06-20 22:40:42 | Epoch 5 - Batch 1029 - Loss 0.045112
2026-06-20 22:40:42 | Epoch 5 - Batch 1030 - Loss 0.048400
2026-06-20 22:40:42 | Epoch 5 - Batch 1031 - Loss 0.047375
2026-06-20 22:40:42 | Epoch 5 - Batch 1032 - Loss 0.044458
2026-06-20 22:40:42 | Epoch 5 - Batch 1033 - Loss 0.047786
2026-06-20 22:40:42 | Epoch 5 - Batch 1034 - Loss 0.046610
2026-06-20 22:40:42 | Epoch 5 - Batch 1035 - Loss 0.047986
2026-06-20 22:40:42 | Epoch 5 - Batch 1036 - Loss 0.046357
2026-06-20 22:40:42 | Epoch 5 - Batch 1037 - Loss 0.046231
2026-06-20 22:40:42 | Epoch 5 - Batch 1038 - Loss 0.047920
2026-06-20 22:40:42 | Epoch 5 - Batch 1039 - Loss 0.045443
2026-06-20 22:40:42 | Epoch 5 - Batch 1040 - Loss 0.047284
2026-06-20 22:40:42 | Epoch 5 - Batch 1041 - Loss 0.045945
2026-06-20 22:40:42 | Epoch 5 - Batch 1042 - Loss 0.045505
2026-06-20 22:40:42 | Epoch 5 - Batch 1043 - Loss 0.045200
2026-06-20 22:40:42 | Epoch 5 - Batch 1044 - Loss 0.047296
2026-06-20 22:40:42 | Epoch 5 - Batch 1045 - Loss 0.044658
2026-06-20 22:40:42 | Epoch 5 - Batch 1046 - Loss 0.047543
2026-06-20 22:40:42 | Epoch 5 - Batch 1047 - Loss 0.045556
2026-06-20 22:40:42 | Epoch 5 - Batch 1048 - Loss 0.046924
2026-06-20 22:40:42 | Epoch 5 - Batch 1049 - Loss 0.046618
2026-06-20 22:40:42 | Epoch 5 - Batch 1050 - Loss 0.047164
2026-06-20 22:40:42 | Epoch 5 - Batch 1051 - Loss 0.045111
2026-06-20 22:40:42 | Epoch 5 - Batch 1052 - Loss 0.047720
2026-06-20 22:40:42 | Epoch 5 - Batch 1053 - Loss 0.044887
2026-06-20 22:40:43 | Epoch 5 - Batch 1054 - Loss 0.044721
2026-06-20 22:40:43 | Epoch 5 - Batch 1055 - Loss 0.048527
2026-06-20 22:40:43 | Epoch 5 - Batch 1056 - Loss 0.043319
2026-06-20 22:40:43 | Epoch 5 - Batch 1057 - Loss 0.047288
2026-06-20 22:40:43 | Epoch 5 - Batch 1058 - Loss 0.047916
2026-06-20 22:40:43 | Epoch 5 - Batch 1059 - Loss 0.045539
2026-06-20 22:40:43 | Epoch 5 - Batch 1060 - Loss 0.046665
2026-06-20 22:40:43 | Epoch 5 - Batch 1061 - Loss 0.046916
2026-06-20 22:40:43 | Epoch 5 - Batch 1062 - Loss 0.046287
2026-06-20 22:40:43 | Epoch 5 - Batch 1063 - Loss 0.045350
2026-06-20 22:40:43 | Epoch 5 - Batch 1064 - Loss 0.047759
2026-06-20 22:40:43 | Epoch 5 - Batch 1065 - Loss 0.046479
2026-06-20 22:40:43 | Epoch 5 - Batch 1066 - Loss 0.047176
2026-06-20 22:40:43 | Epoch 5 - Batch 1067 - Loss 0.046271
2026-06-20 22:40:43 | Epoch 5 - Batch 1068 - Loss 0.046401
2026-06-20 22:40:43 | Epoch 5 - Batch 1069 - Loss 0.047004
2026-06-20 22:40:43 | Epoch 5 - Batch 1070 - Loss 0.045881
2026-06-20 22:40:43 | Epoch 5 - Batch 1071 - Loss 0.047975
2026-06-20 22:40:43 | Epoch 5 - Batch 1072 - Loss 0.045500
2026-06-20 22:40:43 | Epoch 5 - Batch 1073 - Loss 0.046124
2026-06-20 22:40:43 | Epoch 5 - Batch 1074 - Loss 0.046308
2026-06-20 22:40:43 | Epoch 5 - Batch 1075 - Loss 0.047188
2026-06-20 22:40:43 | Epoch 5 - Batch 1076 - Loss 0.044932
2026-06-20 22:40:43 | Epoch 5 - Batch 1077 - Loss 0.045480
2026-06-20 22:40:43 | Epoch 5 - Batch 1078 - Loss 0.046404
2026-06-20 22:40:43 | Epoch 5 - Batch 1079 - Loss 0.048899
2026-06-20 22:40:43 | Epoch 5 - Batch 1080 - Loss 0.045896
2026-06-20 22:40:43 | Epoch 5 - Batch 1081 - Loss 0.048590
2026-06-20 22:40:43 | Epoch 5 - Batch 1082 - Loss 0.045975
2026-06-20 22:40:43 | Epoch 5 - Batch 1083 - Loss 0.046522
2026-06-20 22:40:43 | Epoch 5 - Batch 1084 - Loss 0.046822
2026-06-20 22:40:44 | Epoch 5 - Batch 1085 - Loss 0.046451
2026-06-20 22:40:44 | Epoch 5 - Batch 1086 - Loss 0.047830
2026-06-20 22:40:44 | Epoch 5 - Batch 1087 - Loss 0.046797
2026-06-20 22:40:44 | Epoch 5 - Batch 1088 - Loss 0.045130
2026-06-20 22:40:44 | Epoch 5 - Batch 1089 - Loss 0.044850
2026-06-20 22:40:44 | Epoch 5 - Batch 1090 - Loss 0.043129
2026-06-20 22:40:44 | Epoch 5 - Batch 1091 - Loss 0.045618
2026-06-20 22:40:44 | Epoch 5 - Batch 1092 - Loss 0.048707
2026-06-20 22:40:44 | Epoch 5 - Batch 1093 - Loss 0.049486
2026-06-20 22:40:44 | Epoch 5 - Batch 1094 - Loss 0.045860
2026-06-20 22:40:44 | Epoch 5 - Batch 1095 - Loss 0.047282
2026-06-20 22:40:44 | Epoch 5 - Batch 1096 - Loss 0.045501
2026-06-20 22:40:44 | Epoch 5 - Batch 1097 - Loss 0.045695
2026-06-20 22:40:44 | Epoch 5 - Batch 1098 - Loss 0.045540
2026-06-20 22:40:44 | Epoch 5 - Batch 1099 - Loss 0.044985
2026-06-20 22:40:44 | Epoch 5 - Batch 1100 - Loss 0.046415
2026-06-20 22:40:44 | Epoch 5 - Batch 1101 - Loss 0.046048
2026-06-20 22:40:44 | Epoch 5 - Batch 1102 - Loss 0.046531
2026-06-20 22:40:44 | Epoch 5 - Batch 1103 - Loss 0.046618
2026-06-20 22:40:44 | Epoch 5 - Batch 1104 - Loss 0.047026
2026-06-20 22:40:44 | Epoch 5 - Batch 1105 - Loss 0.047415
2026-06-20 22:40:44 | Epoch 5 - Batch 1106 - Loss 0.045482
2026-06-20 22:40:44 | Epoch 5 - Batch 1107 - Loss 0.048803
2026-06-20 22:40:44 | Epoch 5 - Batch 1108 - Loss 0.046552
2026-06-20 22:40:44 | Epoch 5 - Batch 1109 - Loss 0.047556
2026-06-20 22:40:44 | Epoch 5 - Batch 1110 - Loss 0.046136
2026-06-20 22:40:44 | Epoch 5 - Batch 1111 - Loss 0.047266
2026-06-20 22:40:44 | Epoch 5 - Batch 1112 - Loss 0.048124
2026-06-20 22:40:44 | Epoch 5 - Batch 1113 - Loss 0.048378
2026-06-20 22:40:44 | Epoch 5 - Batch 1114 - Loss 0.046824
2026-06-20 22:40:45 | Epoch 5 - Batch 1115 - Loss 0.045836
2026-06-20 22:40:45 | Epoch 5 - Batch 1116 - Loss 0.046198
2026-06-20 22:40:45 | Epoch 5 - Batch 1117 - Loss 0.047148
2026-06-20 22:40:45 | Epoch 5 - Batch 1118 - Loss 0.048023
2026-06-20 22:40:45 | Epoch 5 - Batch 1119 - Loss 0.046094
2026-06-20 22:40:45 | Epoch 5 - Batch 1120 - Loss 0.047983
2026-06-20 22:40:45 | Epoch 5 - Batch 1121 - Loss 0.046740
2026-06-20 22:40:45 | Epoch 5 - Batch 1122 - Loss 0.045711
2026-06-20 22:40:45 | Epoch 5 - Batch 1123 - Loss 0.046430
2026-06-20 22:40:45 | Epoch 5 - Batch 1124 - Loss 0.047552
2026-06-20 22:40:45 | Epoch 5 - Batch 1125 - Loss 0.046410
2026-06-20 22:40:45 | Epoch 5 - Batch 1126 - Loss 0.046551
2026-06-20 22:40:45 | Epoch 5 - Batch 1127 - Loss 0.046968
2026-06-20 22:40:45 | Epoch 5 - Batch 1128 - Loss 0.045496
2026-06-20 22:40:45 | Epoch 5 - Batch 1129 - Loss 0.048316
2026-06-20 22:40:45 | Epoch 5 - Batch 1130 - Loss 0.046198
2026-06-20 22:40:45 | Epoch 5 - Batch 1131 - Loss 0.046826
2026-06-20 22:40:45 | Epoch 5 - Batch 1132 - Loss 0.047361
2026-06-20 22:40:45 | Epoch 5 - Batch 1133 - Loss 0.046872
2026-06-20 22:40:45 | Epoch 5 - Batch 1134 - Loss 0.048066
2026-06-20 22:40:45 | Epoch 5 - Batch 1135 - Loss 0.048194
2026-06-20 22:40:45 | Epoch 5 - Batch 1136 - Loss 0.047404
2026-06-20 22:40:45 | Epoch 5 - Batch 1137 - Loss 0.047279
2026-06-20 22:40:45 | Epoch 5 - Batch 1138 - Loss 0.044958
2026-06-20 22:40:45 | Epoch 5 - Batch 1139 - Loss 0.047621
2026-06-20 22:40:45 | Epoch 5 - Batch 1140 - Loss 0.047338
2026-06-20 22:40:45 | Epoch 5 - Batch 1141 - Loss 0.047066
2026-06-20 22:40:45 | Epoch 5 - Batch 1142 - Loss 0.046123
2026-06-20 22:40:45 | Epoch 5 - Batch 1143 - Loss 0.047576
2026-06-20 22:40:45 | Epoch 5 - Batch 1144 - Loss 0.045445
2026-06-20 22:40:46 | Epoch 5 - Batch 1145 - Loss 0.045507
2026-06-20 22:40:46 | Epoch 5 - Batch 1146 - Loss 0.046406
2026-06-20 22:40:46 | Epoch 5 - Batch 1147 - Loss 0.048246
2026-06-20 22:40:46 | Epoch 5 - Batch 1148 - Loss 0.044848
2026-06-20 22:40:46 | Epoch 5 - Batch 1149 - Loss 0.044870
2026-06-20 22:40:46 | Epoch 5 - Batch 1150 - Loss 0.045615
2026-06-20 22:41:10 | New global best checkpoint saved: /lustre/home/ziya/GNN/GraphWeather5p625/experiments/raw_5p625_full50_new01/best_ckpt.tar using valid_S10=0.285056
2026-06-20 22:41:10 | New best S=1 checkpoint saved: best_ckpt_S1.tar using valid_S1=0.049864
2026-06-20 22:41:10 | Epoch 5 finished in 62.55 sec | train 0.045615 S=1 | valid 0.049864 S=1 | valid_S1 0.049864 valid_S10 0.285056 valid_S10_final 0.475246 valid_S1_final 0.049864 valid_S2 0.077036 valid_S2_final 0.104208 valid_S4 0.132609 valid_S4_final 0.217212 valid_S6 0.189240 valid_S6_final 0.329589 valid_S8 0.240847 valid_S8_final 0.415266 | lr 1.00e-04
